[2026-07-16 13:30:37] === Starting daily capture for 2026-07-16 ===
[1m--- Opening /dev/video0...
[0m[0mTrying source module v4l2...
[0m[0m/dev/video0 opened.
[0m[0mNo input was specified, using the first.
[0m[0mAdjusting resolution from 1280x720 to 640x480.
[0m[1m--- Capturing frame...
[0m[0mSkipping 5 frames...
[0m[0mCapturing 1 frames...
[0m[0mCaptured 6 frames in 0.21 seconds. (28 fps)
[0m[1m--- Processing captured image...
[0m[0mDisabling banner.
[0m[0mSetting output format to JPEG, quality 85
[0m[0mWriting JPEG image to '/home/csic/grow-beyond-earth/images/2026-07-16.jpg'.
[0m[2026-07-16 13:30:38] Captured 2026-07-16.jpg
[2026-07-16 13:30:38] Regenerated manifest.json (entries: 1)
ffmpeg version 4.3.9-0+deb11u1+rpt1 Copyright (c) 2000-2025 the FFmpeg developers
  built with gcc 10 (Raspbian 10.2.1-6+rpi1)
  configuration: --prefix=/usr --extra-version=0+deb11u1+rpt1 --toolchain=hardened --incdir=/usr/include/arm-linux-gnueabihf --enable-gpl --disable-stripping --enable-avresample --disable-filter=resample --enable-gnutls --enable-ladspa --enable-libaom --enable-libass --enable-libbluray --enable-libbs2b --enable-libcaca --enable-libcdio --enable-libcodec2 --enable-libdav1d --enable-libflite --enable-libfontconfig --enable-libfreetype --enable-libfribidi --enable-libgme --enable-libgsm --enable-libjack --enable-libmp3lame --enable-libmysofa --enable-libopenjpeg --enable-libopenmpt --enable-libopus --enable-libpulse --enable-librabbitmq --enable-librsvg --enable-librubberband --enable-libshine --enable-libsnappy --enable-libsoxr --enable-libspeex --enable-libsrt --enable-libssh --enable-libtheora --enable-libtwolame --enable-libvidstab --enable-libvorbis --enable-libvpx --enable-libwavpack --enable-libwebp --enable-libx265 --enable-libxml2 --enable-libxvid --enable-libzmq --enable-libzvbi --enable-lv2 --enable-omx --enable-openal --enable-opencl --enable-opengl --enable-sdl2 --enable-mmal --enable-neon --enable-rpi --enable-v4l2-request --enable-libudev --enable-epoxy --enable-pocketsphinx --enable-libdc1394 --enable-libdrm --enable-vout-drm --enable-libiec61883 --enable-chromaprint --enable-frei0r --enable-libx264 --enable-shared --libdir=/usr/lib/arm-linux-gnueabihf --cpu=arm1176jzf-s --arch=arm
  WARNING: library configuration mismatch
  avutil      configuration: --prefix=/usr --extra-version=0+deb11u1+rpt1 --toolchain=hardened --incdir=/usr/include/arm-linux-gnueabihf --enable-gpl --disable-stripping --enable-avresample --disable-filter=resample --enable-gnutls --enable-ladspa --enable-libaom --enable-libass --enable-libbluray --enable-libbs2b --enable-libcaca --enable-libcdio --enable-libcodec2 --enable-libdav1d --enable-libflite --enable-libfontconfig --enable-libfreetype --enable-libfribidi --enable-libgme --enable-libgsm --enable-libjack --enable-libmp3lame --enable-libmysofa --enable-libopenjpeg --enable-libopenmpt --enable-libopus --enable-libpulse --enable-librabbitmq --enable-librsvg --enable-librubberband --enable-libshine --enable-libsnappy --enable-libsoxr --enable-libspeex --enable-libsrt --enable-libssh --enable-libtheora --enable-libtwolame --enable-libvidstab --enable-libvorbis --enable-libvpx --enable-libwavpack --enable-libwebp --enable-libx265 --enable-libxml2 --enable-libxvid --enable-libzmq --enable-libzvbi --enable-lv2 --enable-omx --enable-openal --enable-opencl --enable-opengl --enable-sdl2 --enable-mmal --enable-neon --enable-rpi --enable-v4l2-request --enable-libudev --enable-epoxy --enable-pocketsphinx --enable-libdc1394 --enable-libdrm --enable-vout-drm --enable-libiec61883 --enable-chromaprint --enable-frei0r --enable-libx264 --libdir=/usr/lib/arm-linux-gnueabihf/neon/vfp --cpu=cortex-a7 --arch=armv6t2 --disable-thumb --enable-shared --disable-doc --disable-programs
  avcodec     configuration: --prefix=/usr --extra-version=0+deb11u1+rpt1 --toolchain=hardened --incdir=/usr/include/arm-linux-gnueabihf --enable-gpl --disable-stripping --enable-avresample --disable-filter=resample --enable-gnutls --enable-ladspa --enable-libaom --enable-libass --enable-libbluray --enable-libbs2b --enable-libcaca --enable-libcdio --enable-libcodec2 --enable-libdav1d --enable-libflite --enable-libfontconfig --enable-libfreetype --enable-libfribidi --enable-libgme --enable-libgsm --enable-libjack --enable-libmp3lame --enable-libmysofa --enable-libopenjpeg --enable-libopenmpt --enable-libopus --enable-libpulse --enable-librabbitmq --enable-librsvg --enable-librubberband --enable-libshine --enable-libsnappy --enable-libsoxr --enable-libspeex --enable-libsrt --enable-libssh --enable-libtheora --enable-libtwolame --enable-libvidstab --enable-libvorbis --enable-libvpx --enable-libwavpack --enable-libwebp --enable-libx265 --enable-libxml2 --enable-libxvid --enable-libzmq --enable-libzvbi --enable-lv2 --enable-omx --enable-openal --enable-opencl --enable-opengl --enable-sdl2 --enable-mmal --enable-neon --enable-rpi --enable-v4l2-request --enable-libudev --enable-epoxy --enable-pocketsphinx --enable-libdc1394 --enable-libdrm --enable-vout-drm --enable-libiec61883 --enable-chromaprint --enable-frei0r --enable-libx264 --libdir=/usr/lib/arm-linux-gnueabihf/neon/vfp --cpu=cortex-a7 --arch=armv6t2 --disable-thumb --enable-shared --disable-doc --disable-programs
  avformat    configuration: --prefix=/usr --extra-version=0+deb11u1+rpt1 --toolchain=hardened --incdir=/usr/include/arm-linux-gnueabihf --enable-gpl --disable-stripping --enable-avresample --disable-filter=resample --enable-gnutls --enable-ladspa --enable-libaom --enable-libass --enable-libbluray --enable-libbs2b --enable-libcaca --enable-libcdio --enable-libcodec2 --enable-libdav1d --enable-libflite --enable-libfontconfig --enable-libfreetype --enable-libfribidi --enable-libgme --enable-libgsm --enable-libjack --enable-libmp3lame --enable-libmysofa --enable-libopenjpeg --enable-libopenmpt --enable-libopus --enable-libpulse --enable-librabbitmq --enable-librsvg --enable-librubberband --enable-libshine --enable-libsnappy --enable-libsoxr --enable-libspeex --enable-libsrt --enable-libssh --enable-libtheora --enable-libtwolame --enable-libvidstab --enable-libvorbis --enable-libvpx --enable-libwavpack --enable-libwebp --enable-libx265 --enable-libxml2 --enable-libxvid --enable-libzmq --enable-libzvbi --enable-lv2 --enable-omx --enable-openal --enable-opencl --enable-opengl --enable-sdl2 --enable-mmal --enable-neon --enable-rpi --enable-v4l2-request --enable-libudev --enable-epoxy --enable-pocketsphinx --enable-libdc1394 --enable-libdrm --enable-vout-drm --enable-libiec61883 --enable-chromaprint --enable-frei0r --enable-libx264 --libdir=/usr/lib/arm-linux-gnueabihf/neon/vfp --cpu=cortex-a7 --arch=armv6t2 --disable-thumb --enable-shared --disable-doc --disable-programs
  avdevice    configuration: --prefix=/usr --extra-version=0+deb11u1+rpt1 --toolchain=hardened --incdir=/usr/include/arm-linux-gnueabihf --enable-gpl --disable-stripping --enable-avresample --disable-filter=resample --enable-gnutls --enable-ladspa --enable-libaom --enable-libass --enable-libbluray --enable-libbs2b --enable-libcaca --enable-libcdio --enable-libcodec2 --enable-libdav1d --enable-libflite --enable-libfontconfig --enable-libfreetype --enable-libfribidi --enable-libgme --enable-libgsm --enable-libjack --enable-libmp3lame --enable-libmysofa --enable-libopenjpeg --enable-libopenmpt --enable-libopus --enable-libpulse --enable-librabbitmq --enable-librsvg --enable-librubberband --enable-libshine --enable-libsnappy --enable-libsoxr --enable-libspeex --enable-libsrt --enable-libssh --enable-libtheora --enable-libtwolame --enable-libvidstab --enable-libvorbis --enable-libvpx --enable-libwavpack --enable-libwebp --enable-libx265 --enable-libxml2 --enable-libxvid --enable-libzmq --enable-libzvbi --enable-lv2 --enable-omx --enable-openal --enable-opencl --enable-opengl --enable-sdl2 --enable-mmal --enable-neon --enable-rpi --enable-v4l2-request --enable-libudev --enable-epoxy --enable-pocketsphinx --enable-libdc1394 --enable-libdrm --enable-vout-drm --enable-libiec61883 --enable-chromaprint --enable-frei0r --enable-libx264 --libdir=/usr/lib/arm-linux-gnueabihf/neon/vfp --cpu=cortex-a7 --arch=armv6t2 --disable-thumb --enable-shared --disable-doc --disable-programs
  avfilter    configuration: --prefix=/usr --extra-version=0+deb11u1+rpt1 --toolchain=hardened --incdir=/usr/include/arm-linux-gnueabihf --enable-gpl --disable-stripping --enable-avresample --disable-filter=resample --enable-gnutls --enable-ladspa --enable-libaom --enable-libass --enable-libbluray --enable-libbs2b --enable-libcaca --enable-libcdio --enable-libcodec2 --enable-libdav1d --enable-libflite --enable-libfontconfig --enable-libfreetype --enable-libfribidi --enable-libgme --enable-libgsm --enable-libjack --enable-libmp3lame --enable-libmysofa --enable-libopenjpeg --enable-libopenmpt --enable-libopus --enable-libpulse --enable-librabbitmq --enable-librsvg --enable-librubberband --enable-libshine --enable-libsnappy --enable-libsoxr --enable-libspeex --enable-libsrt --enable-libssh --enable-libtheora --enable-libtwolame --enable-libvidstab --enable-libvorbis --enable-libvpx --enable-libwavpack --enable-libwebp --enable-libx265 --enable-libxml2 --enable-libxvid --enable-libzmq --enable-libzvbi --enable-lv2 --enable-omx --enable-openal --enable-opencl --enable-opengl --enable-sdl2 --enable-mmal --enable-neon --enable-rpi --enable-v4l2-request --enable-libudev --enable-epoxy --enable-pocketsphinx --enable-libdc1394 --enable-libdrm --enable-vout-drm --enable-libiec61883 --enable-chromaprint --enable-frei0r --enable-libx264 --libdir=/usr/lib/arm-linux-gnueabihf/neon/vfp --cpu=cortex-a7 --arch=armv6t2 --disable-thumb --enable-shared --disable-doc --disable-programs
  avresample  configuration: --prefix=/usr --extra-version=0+deb11u1+rpt1 --toolchain=hardened --incdir=/usr/include/arm-linux-gnueabihf --enable-gpl --disable-stripping --enable-avresample --disable-filter=resample --enable-gnutls --enable-ladspa --enable-libaom --enable-libass --enable-libbluray --enable-libbs2b --enable-libcaca --enable-libcdio --enable-libcodec2 --enable-libdav1d --enable-libflite --enable-libfontconfig --enable-libfreetype --enable-libfribidi --enable-libgme --enable-libgsm --enable-libjack --enable-libmp3lame --enable-libmysofa --enable-libopenjpeg --enable-libopenmpt --enable-libopus --enable-libpulse --enable-librabbitmq --enable-librsvg --enable-librubberband --enable-libshine --enable-libsnappy --enable-libsoxr --enable-libspeex --enable-libsrt --enable-libssh --enable-libtheora --enable-libtwolame --enable-libvidstab --enable-libvorbis --enable-libvpx --enable-libwavpack --enable-libwebp --enable-libx265 --enable-libxml2 --enable-libxvid --enable-libzmq --enable-libzvbi --enable-lv2 --enable-omx --enable-openal --enable-opencl --enable-opengl --enable-sdl2 --enable-mmal --enable-neon --enable-rpi --enable-v4l2-request --enable-libudev --enable-epoxy --enable-pocketsphinx --enable-libdc1394 --enable-libdrm --enable-vout-drm --enable-libiec61883 --enable-chromaprint --enable-frei0r --enable-libx264 --libdir=/usr/lib/arm-linux-gnueabihf/neon/vfp --cpu=cortex-a7 --arch=armv6t2 --disable-thumb --enable-shared --disable-doc --disable-programs
  swscale     configuration: --prefix=/usr --extra-version=0+deb11u1+rpt1 --toolchain=hardened --incdir=/usr/include/arm-linux-gnueabihf --enable-gpl --disable-stripping --enable-avresample --disable-filter=resample --enable-gnutls --enable-ladspa --enable-libaom --enable-libass --enable-libbluray --enable-libbs2b --enable-libcaca --enable-libcdio --enable-libcodec2 --enable-libdav1d --enable-libflite --enable-libfontconfig --enable-libfreetype --enable-libfribidi --enable-libgme --enable-libgsm --enable-libjack --enable-libmp3lame --enable-libmysofa --enable-libopenjpeg --enable-libopenmpt --enable-libopus --enable-libpulse --enable-librabbitmq --enable-librsvg --enable-librubberband --enable-libshine --enable-libsnappy --enable-libsoxr --enable-libspeex --enable-libsrt --enable-libssh --enable-libtheora --enable-libtwolame --enable-libvidstab --enable-libvorbis --enable-libvpx --enable-libwavpack --enable-libwebp --enable-libx265 --enable-libxml2 --enable-libxvid --enable-libzmq --enable-libzvbi --enable-lv2 --enable-omx --enable-openal --enable-opencl --enable-opengl --enable-sdl2 --enable-mmal --enable-neon --enable-rpi --enable-v4l2-request --enable-libudev --enable-epoxy --enable-pocketsphinx --enable-libdc1394 --enable-libdrm --enable-vout-drm --enable-libiec61883 --enable-chromaprint --enable-frei0r --enable-libx264 --libdir=/usr/lib/arm-linux-gnueabihf/neon/vfp --cpu=cortex-a7 --arch=armv6t2 --disable-thumb --enable-shared --disable-doc --disable-programs
  swresample  configuration: --prefix=/usr --extra-version=0+deb11u1+rpt1 --toolchain=hardened --incdir=/usr/include/arm-linux-gnueabihf --enable-gpl --disable-stripping --enable-avresample --disable-filter=resample --enable-gnutls --enable-ladspa --enable-libaom --enable-libass --enable-libbluray --enable-libbs2b --enable-libcaca --enable-libcdio --enable-libcodec2 --enable-libdav1d --enable-libflite --enable-libfontconfig --enable-libfreetype --enable-libfribidi --enable-libgme --enable-libgsm --enable-libjack --enable-libmp3lame --enable-libmysofa --enable-libopenjpeg --enable-libopenmpt --enable-libopus --enable-libpulse --enable-librabbitmq --enable-librsvg --enable-librubberband --enable-libshine --enable-libsnappy --enable-libsoxr --enable-libspeex --enable-libsrt --enable-libssh --enable-libtheora --enable-libtwolame --enable-libvidstab --enable-libvorbis --enable-libvpx --enable-libwavpack --enable-libwebp --enable-libx265 --enable-libxml2 --enable-libxvid --enable-libzmq --enable-libzvbi --enable-lv2 --enable-omx --enable-openal --enable-opencl --enable-opengl --enable-sdl2 --enable-mmal --enable-neon --enable-rpi --enable-v4l2-request --enable-libudev --enable-epoxy --enable-pocketsphinx --enable-libdc1394 --enable-libdrm --enable-vout-drm --enable-libiec61883 --enable-chromaprint --enable-frei0r --enable-libx264 --libdir=/usr/lib/arm-linux-gnueabihf/neon/vfp --cpu=cortex-a7 --arch=armv6t2 --disable-thumb --enable-shared --disable-doc --disable-programs
  postproc    configuration: --prefix=/usr --extra-version=0+deb11u1+rpt1 --toolchain=hardened --incdir=/usr/include/arm-linux-gnueabihf --enable-gpl --disable-stripping --enable-avresample --disable-filter=resample --enable-gnutls --enable-ladspa --enable-libaom --enable-libass --enable-libbluray --enable-libbs2b --enable-libcaca --enable-libcdio --enable-libcodec2 --enable-libdav1d --enable-libflite --enable-libfontconfig --enable-libfreetype --enable-libfribidi --enable-libgme --enable-libgsm --enable-libjack --enable-libmp3lame --enable-libmysofa --enable-libopenjpeg --enable-libopenmpt --enable-libopus --enable-libpulse --enable-librabbitmq --enable-librsvg --enable-librubberband --enable-libshine --enable-libsnappy --enable-libsoxr --enable-libspeex --enable-libsrt --enable-libssh --enable-libtheora --enable-libtwolame --enable-libvidstab --enable-libvorbis --enable-libvpx --enable-libwavpack --enable-libwebp --enable-libx265 --enable-libxml2 --enable-libxvid --enable-libzmq --enable-libzvbi --enable-lv2 --enable-omx --enable-openal --enable-opencl --enable-opengl --enable-sdl2 --enable-mmal --enable-neon --enable-rpi --enable-v4l2-request --enable-libudev --enable-epoxy --enable-pocketsphinx --enable-libdc1394 --enable-libdrm --enable-vout-drm --enable-libiec61883 --enable-chromaprint --enable-frei0r --enable-libx264 --libdir=/usr/lib/arm-linux-gnueabihf/neon/vfp --cpu=cortex-a7 --arch=armv6t2 --disable-thumb --enable-shared --disable-doc --disable-programs
  libavutil      56. 51.100 / 56. 51.100
  libavcodec     58. 91.100 / 58. 91.100
  libavformat    58. 45.100 / 58. 45.100
  libavdevice    58. 10.100 / 58. 10.100
  libavfilter     7. 85.100 /  7. 85.100
  libavresample   4.  0.  0 /  4.  0.  0
  libswscale      5.  7.100 /  5.  7.100
  libswresample   3.  7.100 /  3.  7.100
  libpostproc    55.  7.100 / 55.  7.100
Input #0, concat, from '/tmp/tmp.Sfy0lda09Y':
  Duration: N/A, start: 0.000000, bitrate: N/A
    Stream #0:0: Video: mjpeg (Baseline), yuvj420p(pc, bt470bg/unknown/unknown), 640x480 [SAR 96:96 DAR 4:3], 25 tbr, 25 tbn, 25 tbc
Stream mapping:
  Stream #0:0 -> #0:0 (mjpeg (native) -> gif (native))
Press [q] to stop, [?] for help
[swscaler @ 0x29058a0] deprecated pixel format used, make sure you did set range correctly
[swscaler @ 0x29058a0] No accelerated colorspace conversion found from yuv420p to bgr8.
Output #0, gif, to '/tmp/tmp.3FDRPPthHW.gif':
  Metadata:
    encoder         : Lavf58.45.100
    Stream #0:0: Video: gif, bgr8, 640x480 [SAR 1:1 DAR 4:3], q=2-31, 200 kb/s, 6 fps, 100 tbn, 6 tbc
    Metadata:
      encoder         : Lavc58.91.100 gif
frame=    1 fps=0.0 q=-0.0 Lsize=      56kB time=00:00:00.01 bitrate=46258.4kbits/s speed=0.449x    
video:56kB audio:0kB subtitle:0kB other streams:0kB global headers:0kB muxing overhead: 0.034600%
[2026-07-16 13:30:39] Rebuilt timelapse.gif
Author identity unknown

*** Please tell me who you are.

Run

  git config --global user.email "you@example.com"
  git config --global user.name "Your Name"

to set your account's default identity.
Omit --global to set the identity only in this repository.

fatal: unable to auto-detect email address (got 'csic@CSICMaster.(none)')
error: cannot pull with rebase: You have unstaged changes.
error: additionally, your index contains uncommitted changes.
error: please commit or stash them.
Everything up-to-date
[2026-07-16 13:30:40] === Successfully pushed 2026-07-16.jpg (and timelapse.gif) to main ===
[2026-07-16 13:31:16] === Starting daily capture for 2026-07-16 ===
[1m--- Opening /dev/video0...
[0m[0mTrying source module v4l2...
[0m[0m/dev/video0 opened.
[0m[0mNo input was specified, using the first.
[0m[0mAdjusting resolution from 1280x720 to 640x480.
[0m[1m--- Capturing frame...
[0m[0mSkipping 5 frames...
[0m[0mCapturing 1 frames...
[0m[0mCaptured 6 frames in 0.21 seconds. (28 fps)
[0m[1m--- Processing captured image...
[0m[0mDisabling banner.
[0m[0mSetting output format to JPEG, quality 85
[0m[0mWriting JPEG image to '/home/csic/grow-beyond-earth/images/2026-07-16.jpg'.
[0m[2026-07-16 13:31:17] Captured 2026-07-16.jpg
[2026-07-16 13:31:17] Regenerated manifest.json (entries: 1)
ffmpeg version 4.3.9-0+deb11u1+rpt1 Copyright (c) 2000-2025 the FFmpeg developers
  built with gcc 10 (Raspbian 10.2.1-6+rpi1)
  configuration: --prefix=/usr --extra-version=0+deb11u1+rpt1 --toolchain=hardened --incdir=/usr/include/arm-linux-gnueabihf --enable-gpl --disable-stripping --enable-avresample --disable-filter=resample --enable-gnutls --enable-ladspa --enable-libaom --enable-libass --enable-libbluray --enable-libbs2b --enable-libcaca --enable-libcdio --enable-libcodec2 --enable-libdav1d --enable-libflite --enable-libfontconfig --enable-libfreetype --enable-libfribidi --enable-libgme --enable-libgsm --enable-libjack --enable-libmp3lame --enable-libmysofa --enable-libopenjpeg --enable-libopenmpt --enable-libopus --enable-libpulse --enable-librabbitmq --enable-librsvg --enable-librubberband --enable-libshine --enable-libsnappy --enable-libsoxr --enable-libspeex --enable-libsrt --enable-libssh --enable-libtheora --enable-libtwolame --enable-libvidstab --enable-libvorbis --enable-libvpx --enable-libwavpack --enable-libwebp --enable-libx265 --enable-libxml2 --enable-libxvid --enable-libzmq --enable-libzvbi --enable-lv2 --enable-omx --enable-openal --enable-opencl --enable-opengl --enable-sdl2 --enable-mmal --enable-neon --enable-rpi --enable-v4l2-request --enable-libudev --enable-epoxy --enable-pocketsphinx --enable-libdc1394 --enable-libdrm --enable-vout-drm --enable-libiec61883 --enable-chromaprint --enable-frei0r --enable-libx264 --enable-shared --libdir=/usr/lib/arm-linux-gnueabihf --cpu=arm1176jzf-s --arch=arm
  WARNING: library configuration mismatch
  avutil      configuration: --prefix=/usr --extra-version=0+deb11u1+rpt1 --toolchain=hardened --incdir=/usr/include/arm-linux-gnueabihf --enable-gpl --disable-stripping --enable-avresample --disable-filter=resample --enable-gnutls --enable-ladspa --enable-libaom --enable-libass --enable-libbluray --enable-libbs2b --enable-libcaca --enable-libcdio --enable-libcodec2 --enable-libdav1d --enable-libflite --enable-libfontconfig --enable-libfreetype --enable-libfribidi --enable-libgme --enable-libgsm --enable-libjack --enable-libmp3lame --enable-libmysofa --enable-libopenjpeg --enable-libopenmpt --enable-libopus --enable-libpulse --enable-librabbitmq --enable-librsvg --enable-librubberband --enable-libshine --enable-libsnappy --enable-libsoxr --enable-libspeex --enable-libsrt --enable-libssh --enable-libtheora --enable-libtwolame --enable-libvidstab --enable-libvorbis --enable-libvpx --enable-libwavpack --enable-libwebp --enable-libx265 --enable-libxml2 --enable-libxvid --enable-libzmq --enable-libzvbi --enable-lv2 --enable-omx --enable-openal --enable-opencl --enable-opengl --enable-sdl2 --enable-mmal --enable-neon --enable-rpi --enable-v4l2-request --enable-libudev --enable-epoxy --enable-pocketsphinx --enable-libdc1394 --enable-libdrm --enable-vout-drm --enable-libiec61883 --enable-chromaprint --enable-frei0r --enable-libx264 --libdir=/usr/lib/arm-linux-gnueabihf/neon/vfp --cpu=cortex-a7 --arch=armv6t2 --disable-thumb --enable-shared --disable-doc --disable-programs
  avcodec     configuration: --prefix=/usr --extra-version=0+deb11u1+rpt1 --toolchain=hardened --incdir=/usr/include/arm-linux-gnueabihf --enable-gpl --disable-stripping --enable-avresample --disable-filter=resample --enable-gnutls --enable-ladspa --enable-libaom --enable-libass --enable-libbluray --enable-libbs2b --enable-libcaca --enable-libcdio --enable-libcodec2 --enable-libdav1d --enable-libflite --enable-libfontconfig --enable-libfreetype --enable-libfribidi --enable-libgme --enable-libgsm --enable-libjack --enable-libmp3lame --enable-libmysofa --enable-libopenjpeg --enable-libopenmpt --enable-libopus --enable-libpulse --enable-librabbitmq --enable-librsvg --enable-librubberband --enable-libshine --enable-libsnappy --enable-libsoxr --enable-libspeex --enable-libsrt --enable-libssh --enable-libtheora --enable-libtwolame --enable-libvidstab --enable-libvorbis --enable-libvpx --enable-libwavpack --enable-libwebp --enable-libx265 --enable-libxml2 --enable-libxvid --enable-libzmq --enable-libzvbi --enable-lv2 --enable-omx --enable-openal --enable-opencl --enable-opengl --enable-sdl2 --enable-mmal --enable-neon --enable-rpi --enable-v4l2-request --enable-libudev --enable-epoxy --enable-pocketsphinx --enable-libdc1394 --enable-libdrm --enable-vout-drm --enable-libiec61883 --enable-chromaprint --enable-frei0r --enable-libx264 --libdir=/usr/lib/arm-linux-gnueabihf/neon/vfp --cpu=cortex-a7 --arch=armv6t2 --disable-thumb --enable-shared --disable-doc --disable-programs
  avformat    configuration: --prefix=/usr --extra-version=0+deb11u1+rpt1 --toolchain=hardened --incdir=/usr/include/arm-linux-gnueabihf --enable-gpl --disable-stripping --enable-avresample --disable-filter=resample --enable-gnutls --enable-ladspa --enable-libaom --enable-libass --enable-libbluray --enable-libbs2b --enable-libcaca --enable-libcdio --enable-libcodec2 --enable-libdav1d --enable-libflite --enable-libfontconfig --enable-libfreetype --enable-libfribidi --enable-libgme --enable-libgsm --enable-libjack --enable-libmp3lame --enable-libmysofa --enable-libopenjpeg --enable-libopenmpt --enable-libopus --enable-libpulse --enable-librabbitmq --enable-librsvg --enable-librubberband --enable-libshine --enable-libsnappy --enable-libsoxr --enable-libspeex --enable-libsrt --enable-libssh --enable-libtheora --enable-libtwolame --enable-libvidstab --enable-libvorbis --enable-libvpx --enable-libwavpack --enable-libwebp --enable-libx265 --enable-libxml2 --enable-libxvid --enable-libzmq --enable-libzvbi --enable-lv2 --enable-omx --enable-openal --enable-opencl --enable-opengl --enable-sdl2 --enable-mmal --enable-neon --enable-rpi --enable-v4l2-request --enable-libudev --enable-epoxy --enable-pocketsphinx --enable-libdc1394 --enable-libdrm --enable-vout-drm --enable-libiec61883 --enable-chromaprint --enable-frei0r --enable-libx264 --libdir=/usr/lib/arm-linux-gnueabihf/neon/vfp --cpu=cortex-a7 --arch=armv6t2 --disable-thumb --enable-shared --disable-doc --disable-programs
  avdevice    configuration: --prefix=/usr --extra-version=0+deb11u1+rpt1 --toolchain=hardened --incdir=/usr/include/arm-linux-gnueabihf --enable-gpl --disable-stripping --enable-avresample --disable-filter=resample --enable-gnutls --enable-ladspa --enable-libaom --enable-libass --enable-libbluray --enable-libbs2b --enable-libcaca --enable-libcdio --enable-libcodec2 --enable-libdav1d --enable-libflite --enable-libfontconfig --enable-libfreetype --enable-libfribidi --enable-libgme --enable-libgsm --enable-libjack --enable-libmp3lame --enable-libmysofa --enable-libopenjpeg --enable-libopenmpt --enable-libopus --enable-libpulse --enable-librabbitmq --enable-librsvg --enable-librubberband --enable-libshine --enable-libsnappy --enable-libsoxr --enable-libspeex --enable-libsrt --enable-libssh --enable-libtheora --enable-libtwolame --enable-libvidstab --enable-libvorbis --enable-libvpx --enable-libwavpack --enable-libwebp --enable-libx265 --enable-libxml2 --enable-libxvid --enable-libzmq --enable-libzvbi --enable-lv2 --enable-omx --enable-openal --enable-opencl --enable-opengl --enable-sdl2 --enable-mmal --enable-neon --enable-rpi --enable-v4l2-request --enable-libudev --enable-epoxy --enable-pocketsphinx --enable-libdc1394 --enable-libdrm --enable-vout-drm --enable-libiec61883 --enable-chromaprint --enable-frei0r --enable-libx264 --libdir=/usr/lib/arm-linux-gnueabihf/neon/vfp --cpu=cortex-a7 --arch=armv6t2 --disable-thumb --enable-shared --disable-doc --disable-programs
  avfilter    configuration: --prefix=/usr --extra-version=0+deb11u1+rpt1 --toolchain=hardened --incdir=/usr/include/arm-linux-gnueabihf --enable-gpl --disable-stripping --enable-avresample --disable-filter=resample --enable-gnutls --enable-ladspa --enable-libaom --enable-libass --enable-libbluray --enable-libbs2b --enable-libcaca --enable-libcdio --enable-libcodec2 --enable-libdav1d --enable-libflite --enable-libfontconfig --enable-libfreetype --enable-libfribidi --enable-libgme --enable-libgsm --enable-libjack --enable-libmp3lame --enable-libmysofa --enable-libopenjpeg --enable-libopenmpt --enable-libopus --enable-libpulse --enable-librabbitmq --enable-librsvg --enable-librubberband --enable-libshine --enable-libsnappy --enable-libsoxr --enable-libspeex --enable-libsrt --enable-libssh --enable-libtheora --enable-libtwolame --enable-libvidstab --enable-libvorbis --enable-libvpx --enable-libwavpack --enable-libwebp --enable-libx265 --enable-libxml2 --enable-libxvid --enable-libzmq --enable-libzvbi --enable-lv2 --enable-omx --enable-openal --enable-opencl --enable-opengl --enable-sdl2 --enable-mmal --enable-neon --enable-rpi --enable-v4l2-request --enable-libudev --enable-epoxy --enable-pocketsphinx --enable-libdc1394 --enable-libdrm --enable-vout-drm --enable-libiec61883 --enable-chromaprint --enable-frei0r --enable-libx264 --libdir=/usr/lib/arm-linux-gnueabihf/neon/vfp --cpu=cortex-a7 --arch=armv6t2 --disable-thumb --enable-shared --disable-doc --disable-programs
  avresample  configuration: --prefix=/usr --extra-version=0+deb11u1+rpt1 --toolchain=hardened --incdir=/usr/include/arm-linux-gnueabihf --enable-gpl --disable-stripping --enable-avresample --disable-filter=resample --enable-gnutls --enable-ladspa --enable-libaom --enable-libass --enable-libbluray --enable-libbs2b --enable-libcaca --enable-libcdio --enable-libcodec2 --enable-libdav1d --enable-libflite --enable-libfontconfig --enable-libfreetype --enable-libfribidi --enable-libgme --enable-libgsm --enable-libjack --enable-libmp3lame --enable-libmysofa --enable-libopenjpeg --enable-libopenmpt --enable-libopus --enable-libpulse --enable-librabbitmq --enable-librsvg --enable-librubberband --enable-libshine --enable-libsnappy --enable-libsoxr --enable-libspeex --enable-libsrt --enable-libssh --enable-libtheora --enable-libtwolame --enable-libvidstab --enable-libvorbis --enable-libvpx --enable-libwavpack --enable-libwebp --enable-libx265 --enable-libxml2 --enable-libxvid --enable-libzmq --enable-libzvbi --enable-lv2 --enable-omx --enable-openal --enable-opencl --enable-opengl --enable-sdl2 --enable-mmal --enable-neon --enable-rpi --enable-v4l2-request --enable-libudev --enable-epoxy --enable-pocketsphinx --enable-libdc1394 --enable-libdrm --enable-vout-drm --enable-libiec61883 --enable-chromaprint --enable-frei0r --enable-libx264 --libdir=/usr/lib/arm-linux-gnueabihf/neon/vfp --cpu=cortex-a7 --arch=armv6t2 --disable-thumb --enable-shared --disable-doc --disable-programs
  swscale     configuration: --prefix=/usr --extra-version=0+deb11u1+rpt1 --toolchain=hardened --incdir=/usr/include/arm-linux-gnueabihf --enable-gpl --disable-stripping --enable-avresample --disable-filter=resample --enable-gnutls --enable-ladspa --enable-libaom --enable-libass --enable-libbluray --enable-libbs2b --enable-libcaca --enable-libcdio --enable-libcodec2 --enable-libdav1d --enable-libflite --enable-libfontconfig --enable-libfreetype --enable-libfribidi --enable-libgme --enable-libgsm --enable-libjack --enable-libmp3lame --enable-libmysofa --enable-libopenjpeg --enable-libopenmpt --enable-libopus --enable-libpulse --enable-librabbitmq --enable-librsvg --enable-librubberband --enable-libshine --enable-libsnappy --enable-libsoxr --enable-libspeex --enable-libsrt --enable-libssh --enable-libtheora --enable-libtwolame --enable-libvidstab --enable-libvorbis --enable-libvpx --enable-libwavpack --enable-libwebp --enable-libx265 --enable-libxml2 --enable-libxvid --enable-libzmq --enable-libzvbi --enable-lv2 --enable-omx --enable-openal --enable-opencl --enable-opengl --enable-sdl2 --enable-mmal --enable-neon --enable-rpi --enable-v4l2-request --enable-libudev --enable-epoxy --enable-pocketsphinx --enable-libdc1394 --enable-libdrm --enable-vout-drm --enable-libiec61883 --enable-chromaprint --enable-frei0r --enable-libx264 --libdir=/usr/lib/arm-linux-gnueabihf/neon/vfp --cpu=cortex-a7 --arch=armv6t2 --disable-thumb --enable-shared --disable-doc --disable-programs
  swresample  configuration: --prefix=/usr --extra-version=0+deb11u1+rpt1 --toolchain=hardened --incdir=/usr/include/arm-linux-gnueabihf --enable-gpl --disable-stripping --enable-avresample --disable-filter=resample --enable-gnutls --enable-ladspa --enable-libaom --enable-libass --enable-libbluray --enable-libbs2b --enable-libcaca --enable-libcdio --enable-libcodec2 --enable-libdav1d --enable-libflite --enable-libfontconfig --enable-libfreetype --enable-libfribidi --enable-libgme --enable-libgsm --enable-libjack --enable-libmp3lame --enable-libmysofa --enable-libopenjpeg --enable-libopenmpt --enable-libopus --enable-libpulse --enable-librabbitmq --enable-librsvg --enable-librubberband --enable-libshine --enable-libsnappy --enable-libsoxr --enable-libspeex --enable-libsrt --enable-libssh --enable-libtheora --enable-libtwolame --enable-libvidstab --enable-libvorbis --enable-libvpx --enable-libwavpack --enable-libwebp --enable-libx265 --enable-libxml2 --enable-libxvid --enable-libzmq --enable-libzvbi --enable-lv2 --enable-omx --enable-openal --enable-opencl --enable-opengl --enable-sdl2 --enable-mmal --enable-neon --enable-rpi --enable-v4l2-request --enable-libudev --enable-epoxy --enable-pocketsphinx --enable-libdc1394 --enable-libdrm --enable-vout-drm --enable-libiec61883 --enable-chromaprint --enable-frei0r --enable-libx264 --libdir=/usr/lib/arm-linux-gnueabihf/neon/vfp --cpu=cortex-a7 --arch=armv6t2 --disable-thumb --enable-shared --disable-doc --disable-programs
  postproc    configuration: --prefix=/usr --extra-version=0+deb11u1+rpt1 --toolchain=hardened --incdir=/usr/include/arm-linux-gnueabihf --enable-gpl --disable-stripping --enable-avresample --disable-filter=resample --enable-gnutls --enable-ladspa --enable-libaom --enable-libass --enable-libbluray --enable-libbs2b --enable-libcaca --enable-libcdio --enable-libcodec2 --enable-libdav1d --enable-libflite --enable-libfontconfig --enable-libfreetype --enable-libfribidi --enable-libgme --enable-libgsm --enable-libjack --enable-libmp3lame --enable-libmysofa --enable-libopenjpeg --enable-libopenmpt --enable-libopus --enable-libpulse --enable-librabbitmq --enable-librsvg --enable-librubberband --enable-libshine --enable-libsnappy --enable-libsoxr --enable-libspeex --enable-libsrt --enable-libssh --enable-libtheora --enable-libtwolame --enable-libvidstab --enable-libvorbis --enable-libvpx --enable-libwavpack --enable-libwebp --enable-libx265 --enable-libxml2 --enable-libxvid --enable-libzmq --enable-libzvbi --enable-lv2 --enable-omx --enable-openal --enable-opencl --enable-opengl --enable-sdl2 --enable-mmal --enable-neon --enable-rpi --enable-v4l2-request --enable-libudev --enable-epoxy --enable-pocketsphinx --enable-libdc1394 --enable-libdrm --enable-vout-drm --enable-libiec61883 --enable-chromaprint --enable-frei0r --enable-libx264 --libdir=/usr/lib/arm-linux-gnueabihf/neon/vfp --cpu=cortex-a7 --arch=armv6t2 --disable-thumb --enable-shared --disable-doc --disable-programs
  libavutil      56. 51.100 / 56. 51.100
  libavcodec     58. 91.100 / 58. 91.100
  libavformat    58. 45.100 / 58. 45.100
  libavdevice    58. 10.100 / 58. 10.100
  libavfilter     7. 85.100 /  7. 85.100
  libavresample   4.  0.  0 /  4.  0.  0
  libswscale      5.  7.100 /  5.  7.100
  libswresample   3.  7.100 /  3.  7.100
  libpostproc    55.  7.100 / 55.  7.100
Input #0, concat, from '/tmp/tmp.WYGFGK4qNR':
  Duration: N/A, start: 0.000000, bitrate: N/A
    Stream #0:0: Video: mjpeg (Baseline), yuvj420p(pc, bt470bg/unknown/unknown), 640x480 [SAR 96:96 DAR 4:3], 25 tbr, 25 tbn, 25 tbc
Stream mapping:
  Stream #0:0 -> #0:0 (mjpeg (native) -> gif (native))
Press [q] to stop, [?] for help
[swscaler @ 0x184c8d0] deprecated pixel format used, make sure you did set range correctly
[swscaler @ 0x184c8d0] No accelerated colorspace conversion found from yuv420p to bgr8.
Output #0, gif, to '/tmp/tmp.7yrAzYWIA4.gif':
  Metadata:
    encoder         : Lavf58.45.100
    Stream #0:0: Video: gif, bgr8, 640x480 [SAR 1:1 DAR 4:3], q=2-31, 200 kb/s, 6 fps, 100 tbn, 6 tbc
    Metadata:
      encoder         : Lavc58.91.100 gif
frame=    1 fps=0.0 q=-0.0 Lsize=      57kB time=00:00:00.01 bitrate=46384.0kbits/s speed=0.451x    
video:57kB audio:0kB subtitle:0kB other streams:0kB global headers:0kB muxing overhead: 0.034507%
[2026-07-16 13:31:18] Rebuilt timelapse.gif
[main f207ce1] Daily image: 2026-07-16 13:31:16
 2 files changed, 0 insertions(+), 0 deletions(-)
 rewrite images/2026-07-16.jpg (95%)
error: cannot pull with rebase: You have unstaged changes.
error: please commit or stash them.
To github.com:UWIN-Dev/UWIN-Dev.github.io.git
   dde841a..f207ce1  main -> main
[2026-07-16 13:31:19] === Successfully pushed 2026-07-16.jpg (and timelapse.gif) to main ===
[2026-07-16 13:33:29] === Starting daily capture for 2026-07-16 ===
[1m--- Opening /dev/video0...
[0m[0mTrying source module v4l2...
[0m[0m/dev/video0 opened.
[0m[0mNo input was specified, using the first.
[0m[0mAdjusting resolution from 1280x720 to 640x480.
[0m[1m--- Capturing frame...
[0m[0mSkipping 5 frames...
[0m[0mCapturing 1 frames...
[0m[0mCaptured 6 frames in 0.21 seconds. (28 fps)
[0m[1m--- Processing captured image...
[0m[0mDisabling banner.
[0m[0mSetting output format to JPEG, quality 85
[0m[0mWriting JPEG image to '/home/csic/grow-beyond-earth/images/2026-07-16.jpg'.
[0m[2026-07-16 13:33:31] Captured 2026-07-16.jpg
[2026-07-16 13:33:31] Regenerated manifest.json (entries: 1)
ffmpeg version 4.3.9-0+deb11u1+rpt1 Copyright (c) 2000-2025 the FFmpeg developers
  built with gcc 10 (Raspbian 10.2.1-6+rpi1)
  configuration: --prefix=/usr --extra-version=0+deb11u1+rpt1 --toolchain=hardened --incdir=/usr/include/arm-linux-gnueabihf --enable-gpl --disable-stripping --enable-avresample --disable-filter=resample --enable-gnutls --enable-ladspa --enable-libaom --enable-libass --enable-libbluray --enable-libbs2b --enable-libcaca --enable-libcdio --enable-libcodec2 --enable-libdav1d --enable-libflite --enable-libfontconfig --enable-libfreetype --enable-libfribidi --enable-libgme --enable-libgsm --enable-libjack --enable-libmp3lame --enable-libmysofa --enable-libopenjpeg --enable-libopenmpt --enable-libopus --enable-libpulse --enable-librabbitmq --enable-librsvg --enable-librubberband --enable-libshine --enable-libsnappy --enable-libsoxr --enable-libspeex --enable-libsrt --enable-libssh --enable-libtheora --enable-libtwolame --enable-libvidstab --enable-libvorbis --enable-libvpx --enable-libwavpack --enable-libwebp --enable-libx265 --enable-libxml2 --enable-libxvid --enable-libzmq --enable-libzvbi --enable-lv2 --enable-omx --enable-openal --enable-opencl --enable-opengl --enable-sdl2 --enable-mmal --enable-neon --enable-rpi --enable-v4l2-request --enable-libudev --enable-epoxy --enable-pocketsphinx --enable-libdc1394 --enable-libdrm --enable-vout-drm --enable-libiec61883 --enable-chromaprint --enable-frei0r --enable-libx264 --enable-shared --libdir=/usr/lib/arm-linux-gnueabihf --cpu=arm1176jzf-s --arch=arm
  WARNING: library configuration mismatch
  avutil      configuration: --prefix=/usr --extra-version=0+deb11u1+rpt1 --toolchain=hardened --incdir=/usr/include/arm-linux-gnueabihf --enable-gpl --disable-stripping --enable-avresample --disable-filter=resample --enable-gnutls --enable-ladspa --enable-libaom --enable-libass --enable-libbluray --enable-libbs2b --enable-libcaca --enable-libcdio --enable-libcodec2 --enable-libdav1d --enable-libflite --enable-libfontconfig --enable-libfreetype --enable-libfribidi --enable-libgme --enable-libgsm --enable-libjack --enable-libmp3lame --enable-libmysofa --enable-libopenjpeg --enable-libopenmpt --enable-libopus --enable-libpulse --enable-librabbitmq --enable-librsvg --enable-librubberband --enable-libshine --enable-libsnappy --enable-libsoxr --enable-libspeex --enable-libsrt --enable-libssh --enable-libtheora --enable-libtwolame --enable-libvidstab --enable-libvorbis --enable-libvpx --enable-libwavpack --enable-libwebp --enable-libx265 --enable-libxml2 --enable-libxvid --enable-libzmq --enable-libzvbi --enable-lv2 --enable-omx --enable-openal --enable-opencl --enable-opengl --enable-sdl2 --enable-mmal --enable-neon --enable-rpi --enable-v4l2-request --enable-libudev --enable-epoxy --enable-pocketsphinx --enable-libdc1394 --enable-libdrm --enable-vout-drm --enable-libiec61883 --enable-chromaprint --enable-frei0r --enable-libx264 --libdir=/usr/lib/arm-linux-gnueabihf/neon/vfp --cpu=cortex-a7 --arch=armv6t2 --disable-thumb --enable-shared --disable-doc --disable-programs
  avcodec     configuration: --prefix=/usr --extra-version=0+deb11u1+rpt1 --toolchain=hardened --incdir=/usr/include/arm-linux-gnueabihf --enable-gpl --disable-stripping --enable-avresample --disable-filter=resample --enable-gnutls --enable-ladspa --enable-libaom --enable-libass --enable-libbluray --enable-libbs2b --enable-libcaca --enable-libcdio --enable-libcodec2 --enable-libdav1d --enable-libflite --enable-libfontconfig --enable-libfreetype --enable-libfribidi --enable-libgme --enable-libgsm --enable-libjack --enable-libmp3lame --enable-libmysofa --enable-libopenjpeg --enable-libopenmpt --enable-libopus --enable-libpulse --enable-librabbitmq --enable-librsvg --enable-librubberband --enable-libshine --enable-libsnappy --enable-libsoxr --enable-libspeex --enable-libsrt --enable-libssh --enable-libtheora --enable-libtwolame --enable-libvidstab --enable-libvorbis --enable-libvpx --enable-libwavpack --enable-libwebp --enable-libx265 --enable-libxml2 --enable-libxvid --enable-libzmq --enable-libzvbi --enable-lv2 --enable-omx --enable-openal --enable-opencl --enable-opengl --enable-sdl2 --enable-mmal --enable-neon --enable-rpi --enable-v4l2-request --enable-libudev --enable-epoxy --enable-pocketsphinx --enable-libdc1394 --enable-libdrm --enable-vout-drm --enable-libiec61883 --enable-chromaprint --enable-frei0r --enable-libx264 --libdir=/usr/lib/arm-linux-gnueabihf/neon/vfp --cpu=cortex-a7 --arch=armv6t2 --disable-thumb --enable-shared --disable-doc --disable-programs
  avformat    configuration: --prefix=/usr --extra-version=0+deb11u1+rpt1 --toolchain=hardened --incdir=/usr/include/arm-linux-gnueabihf --enable-gpl --disable-stripping --enable-avresample --disable-filter=resample --enable-gnutls --enable-ladspa --enable-libaom --enable-libass --enable-libbluray --enable-libbs2b --enable-libcaca --enable-libcdio --enable-libcodec2 --enable-libdav1d --enable-libflite --enable-libfontconfig --enable-libfreetype --enable-libfribidi --enable-libgme --enable-libgsm --enable-libjack --enable-libmp3lame --enable-libmysofa --enable-libopenjpeg --enable-libopenmpt --enable-libopus --enable-libpulse --enable-librabbitmq --enable-librsvg --enable-librubberband --enable-libshine --enable-libsnappy --enable-libsoxr --enable-libspeex --enable-libsrt --enable-libssh --enable-libtheora --enable-libtwolame --enable-libvidstab --enable-libvorbis --enable-libvpx --enable-libwavpack --enable-libwebp --enable-libx265 --enable-libxml2 --enable-libxvid --enable-libzmq --enable-libzvbi --enable-lv2 --enable-omx --enable-openal --enable-opencl --enable-opengl --enable-sdl2 --enable-mmal --enable-neon --enable-rpi --enable-v4l2-request --enable-libudev --enable-epoxy --enable-pocketsphinx --enable-libdc1394 --enable-libdrm --enable-vout-drm --enable-libiec61883 --enable-chromaprint --enable-frei0r --enable-libx264 --libdir=/usr/lib/arm-linux-gnueabihf/neon/vfp --cpu=cortex-a7 --arch=armv6t2 --disable-thumb --enable-shared --disable-doc --disable-programs
  avdevice    configuration: --prefix=/usr --extra-version=0+deb11u1+rpt1 --toolchain=hardened --incdir=/usr/include/arm-linux-gnueabihf --enable-gpl --disable-stripping --enable-avresample --disable-filter=resample --enable-gnutls --enable-ladspa --enable-libaom --enable-libass --enable-libbluray --enable-libbs2b --enable-libcaca --enable-libcdio --enable-libcodec2 --enable-libdav1d --enable-libflite --enable-libfontconfig --enable-libfreetype --enable-libfribidi --enable-libgme --enable-libgsm --enable-libjack --enable-libmp3lame --enable-libmysofa --enable-libopenjpeg --enable-libopenmpt --enable-libopus --enable-libpulse --enable-librabbitmq --enable-librsvg --enable-librubberband --enable-libshine --enable-libsnappy --enable-libsoxr --enable-libspeex --enable-libsrt --enable-libssh --enable-libtheora --enable-libtwolame --enable-libvidstab --enable-libvorbis --enable-libvpx --enable-libwavpack --enable-libwebp --enable-libx265 --enable-libxml2 --enable-libxvid --enable-libzmq --enable-libzvbi --enable-lv2 --enable-omx --enable-openal --enable-opencl --enable-opengl --enable-sdl2 --enable-mmal --enable-neon --enable-rpi --enable-v4l2-request --enable-libudev --enable-epoxy --enable-pocketsphinx --enable-libdc1394 --enable-libdrm --enable-vout-drm --enable-libiec61883 --enable-chromaprint --enable-frei0r --enable-libx264 --libdir=/usr/lib/arm-linux-gnueabihf/neon/vfp --cpu=cortex-a7 --arch=armv6t2 --disable-thumb --enable-shared --disable-doc --disable-programs
  avfilter    configuration: --prefix=/usr --extra-version=0+deb11u1+rpt1 --toolchain=hardened --incdir=/usr/include/arm-linux-gnueabihf --enable-gpl --disable-stripping --enable-avresample --disable-filter=resample --enable-gnutls --enable-ladspa --enable-libaom --enable-libass --enable-libbluray --enable-libbs2b --enable-libcaca --enable-libcdio --enable-libcodec2 --enable-libdav1d --enable-libflite --enable-libfontconfig --enable-libfreetype --enable-libfribidi --enable-libgme --enable-libgsm --enable-libjack --enable-libmp3lame --enable-libmysofa --enable-libopenjpeg --enable-libopenmpt --enable-libopus --enable-libpulse --enable-librabbitmq --enable-librsvg --enable-librubberband --enable-libshine --enable-libsnappy --enable-libsoxr --enable-libspeex --enable-libsrt --enable-libssh --enable-libtheora --enable-libtwolame --enable-libvidstab --enable-libvorbis --enable-libvpx --enable-libwavpack --enable-libwebp --enable-libx265 --enable-libxml2 --enable-libxvid --enable-libzmq --enable-libzvbi --enable-lv2 --enable-omx --enable-openal --enable-opencl --enable-opengl --enable-sdl2 --enable-mmal --enable-neon --enable-rpi --enable-v4l2-request --enable-libudev --enable-epoxy --enable-pocketsphinx --enable-libdc1394 --enable-libdrm --enable-vout-drm --enable-libiec61883 --enable-chromaprint --enable-frei0r --enable-libx264 --libdir=/usr/lib/arm-linux-gnueabihf/neon/vfp --cpu=cortex-a7 --arch=armv6t2 --disable-thumb --enable-shared --disable-doc --disable-programs
  avresample  configuration: --prefix=/usr --extra-version=0+deb11u1+rpt1 --toolchain=hardened --incdir=/usr/include/arm-linux-gnueabihf --enable-gpl --disable-stripping --enable-avresample --disable-filter=resample --enable-gnutls --enable-ladspa --enable-libaom --enable-libass --enable-libbluray --enable-libbs2b --enable-libcaca --enable-libcdio --enable-libcodec2 --enable-libdav1d --enable-libflite --enable-libfontconfig --enable-libfreetype --enable-libfribidi --enable-libgme --enable-libgsm --enable-libjack --enable-libmp3lame --enable-libmysofa --enable-libopenjpeg --enable-libopenmpt --enable-libopus --enable-libpulse --enable-librabbitmq --enable-librsvg --enable-librubberband --enable-libshine --enable-libsnappy --enable-libsoxr --enable-libspeex --enable-libsrt --enable-libssh --enable-libtheora --enable-libtwolame --enable-libvidstab --enable-libvorbis --enable-libvpx --enable-libwavpack --enable-libwebp --enable-libx265 --enable-libxml2 --enable-libxvid --enable-libzmq --enable-libzvbi --enable-lv2 --enable-omx --enable-openal --enable-opencl --enable-opengl --enable-sdl2 --enable-mmal --enable-neon --enable-rpi --enable-v4l2-request --enable-libudev --enable-epoxy --enable-pocketsphinx --enable-libdc1394 --enable-libdrm --enable-vout-drm --enable-libiec61883 --enable-chromaprint --enable-frei0r --enable-libx264 --libdir=/usr/lib/arm-linux-gnueabihf/neon/vfp --cpu=cortex-a7 --arch=armv6t2 --disable-thumb --enable-shared --disable-doc --disable-programs
  swscale     configuration: --prefix=/usr --extra-version=0+deb11u1+rpt1 --toolchain=hardened --incdir=/usr/include/arm-linux-gnueabihf --enable-gpl --disable-stripping --enable-avresample --disable-filter=resample --enable-gnutls --enable-ladspa --enable-libaom --enable-libass --enable-libbluray --enable-libbs2b --enable-libcaca --enable-libcdio --enable-libcodec2 --enable-libdav1d --enable-libflite --enable-libfontconfig --enable-libfreetype --enable-libfribidi --enable-libgme --enable-libgsm --enable-libjack --enable-libmp3lame --enable-libmysofa --enable-libopenjpeg --enable-libopenmpt --enable-libopus --enable-libpulse --enable-librabbitmq --enable-librsvg --enable-librubberband --enable-libshine --enable-libsnappy --enable-libsoxr --enable-libspeex --enable-libsrt --enable-libssh --enable-libtheora --enable-libtwolame --enable-libvidstab --enable-libvorbis --enable-libvpx --enable-libwavpack --enable-libwebp --enable-libx265 --enable-libxml2 --enable-libxvid --enable-libzmq --enable-libzvbi --enable-lv2 --enable-omx --enable-openal --enable-opencl --enable-opengl --enable-sdl2 --enable-mmal --enable-neon --enable-rpi --enable-v4l2-request --enable-libudev --enable-epoxy --enable-pocketsphinx --enable-libdc1394 --enable-libdrm --enable-vout-drm --enable-libiec61883 --enable-chromaprint --enable-frei0r --enable-libx264 --libdir=/usr/lib/arm-linux-gnueabihf/neon/vfp --cpu=cortex-a7 --arch=armv6t2 --disable-thumb --enable-shared --disable-doc --disable-programs
  swresample  configuration: --prefix=/usr --extra-version=0+deb11u1+rpt1 --toolchain=hardened --incdir=/usr/include/arm-linux-gnueabihf --enable-gpl --disable-stripping --enable-avresample --disable-filter=resample --enable-gnutls --enable-ladspa --enable-libaom --enable-libass --enable-libbluray --enable-libbs2b --enable-libcaca --enable-libcdio --enable-libcodec2 --enable-libdav1d --enable-libflite --enable-libfontconfig --enable-libfreetype --enable-libfribidi --enable-libgme --enable-libgsm --enable-libjack --enable-libmp3lame --enable-libmysofa --enable-libopenjpeg --enable-libopenmpt --enable-libopus --enable-libpulse --enable-librabbitmq --enable-librsvg --enable-librubberband --enable-libshine --enable-libsnappy --enable-libsoxr --enable-libspeex --enable-libsrt --enable-libssh --enable-libtheora --enable-libtwolame --enable-libvidstab --enable-libvorbis --enable-libvpx --enable-libwavpack --enable-libwebp --enable-libx265 --enable-libxml2 --enable-libxvid --enable-libzmq --enable-libzvbi --enable-lv2 --enable-omx --enable-openal --enable-opencl --enable-opengl --enable-sdl2 --enable-mmal --enable-neon --enable-rpi --enable-v4l2-request --enable-libudev --enable-epoxy --enable-pocketsphinx --enable-libdc1394 --enable-libdrm --enable-vout-drm --enable-libiec61883 --enable-chromaprint --enable-frei0r --enable-libx264 --libdir=/usr/lib/arm-linux-gnueabihf/neon/vfp --cpu=cortex-a7 --arch=armv6t2 --disable-thumb --enable-shared --disable-doc --disable-programs
  postproc    configuration: --prefix=/usr --extra-version=0+deb11u1+rpt1 --toolchain=hardened --incdir=/usr/include/arm-linux-gnueabihf --enable-gpl --disable-stripping --enable-avresample --disable-filter=resample --enable-gnutls --enable-ladspa --enable-libaom --enable-libass --enable-libbluray --enable-libbs2b --enable-libcaca --enable-libcdio --enable-libcodec2 --enable-libdav1d --enable-libflite --enable-libfontconfig --enable-libfreetype --enable-libfribidi --enable-libgme --enable-libgsm --enable-libjack --enable-libmp3lame --enable-libmysofa --enable-libopenjpeg --enable-libopenmpt --enable-libopus --enable-libpulse --enable-librabbitmq --enable-librsvg --enable-librubberband --enable-libshine --enable-libsnappy --enable-libsoxr --enable-libspeex --enable-libsrt --enable-libssh --enable-libtheora --enable-libtwolame --enable-libvidstab --enable-libvorbis --enable-libvpx --enable-libwavpack --enable-libwebp --enable-libx265 --enable-libxml2 --enable-libxvid --enable-libzmq --enable-libzvbi --enable-lv2 --enable-omx --enable-openal --enable-opencl --enable-opengl --enable-sdl2 --enable-mmal --enable-neon --enable-rpi --enable-v4l2-request --enable-libudev --enable-epoxy --enable-pocketsphinx --enable-libdc1394 --enable-libdrm --enable-vout-drm --enable-libiec61883 --enable-chromaprint --enable-frei0r --enable-libx264 --libdir=/usr/lib/arm-linux-gnueabihf/neon/vfp --cpu=cortex-a7 --arch=armv6t2 --disable-thumb --enable-shared --disable-doc --disable-programs
  libavutil      56. 51.100 / 56. 51.100
  libavcodec     58. 91.100 / 58. 91.100
  libavformat    58. 45.100 / 58. 45.100
  libavdevice    58. 10.100 / 58. 10.100
  libavfilter     7. 85.100 /  7. 85.100
  libavresample   4.  0.  0 /  4.  0.  0
  libswscale      5.  7.100 /  5.  7.100
  libswresample   3.  7.100 /  3.  7.100
  libpostproc    55.  7.100 / 55.  7.100
Input #0, concat, from '/tmp/tmp.RZsBveWcYn':
  Duration: N/A, start: 0.000000, bitrate: N/A
    Stream #0:0: Video: mjpeg (Baseline), yuvj420p(pc, bt470bg/unknown/unknown), 640x480 [SAR 96:96 DAR 4:3], 25 tbr, 25 tbn, 25 tbc
Stream mapping:
  Stream #0:0 -> #0:0 (mjpeg (native) -> gif (native))
Press [q] to stop, [?] for help
[swscaler @ 0x116e7e0] deprecated pixel format used, make sure you did set range correctly
[swscaler @ 0x116e7e0] No accelerated colorspace conversion found from yuv420p to bgr8.
Output #0, gif, to '/tmp/tmp.NG2GLJeii8.gif':
  Metadata:
    encoder         : Lavf58.45.100
    Stream #0:0: Video: gif, bgr8, 640x480 [SAR 1:1 DAR 4:3], q=2-31, 200 kb/s, 6 fps, 100 tbn, 6 tbc
    Metadata:
      encoder         : Lavc58.91.100 gif
frame=    1 fps=0.0 q=-0.0 Lsize=      56kB time=00:00:00.01 bitrate=46041.6kbits/s speed=0.445x    
video:56kB audio:0kB subtitle:0kB other streams:0kB global headers:0kB muxing overhead: 0.034763%
[2026-07-16 13:33:31] Rebuilt timelapse.gif
[main 2ea1a30] Daily image: 2026-07-16 13:33:29
 2 files changed, 0 insertions(+), 0 deletions(-)
 rewrite images/2026-07-16.jpg (96%)
 rewrite timelapse.gif (97%)
From github.com:UWIN-Dev/UWIN-Dev.github.io
 * branch            main       -> FETCH_HEAD
Current branch main is up to date.
To github.com:UWIN-Dev/UWIN-Dev.github.io.git
   f207ce1..2ea1a30  main -> main
[2026-07-16 13:33:33] === Successfully pushed 2026-07-16.jpg (and timelapse.gif) to main ===
[2026-07-16 13:35:26] === Starting daily capture for 2026-07-16 ===
[1m--- Opening /dev/video0...
[0m[0mTrying source module v4l2...
[0m[0m/dev/video0 opened.
[0m[0mNo input was specified, using the first.
[0m[0mAdjusting resolution from 1280x720 to 640x480.
[0m[1m--- Capturing frame...
[0m[0mSkipping 5 frames...
[0m[0mCapturing 1 frames...
[0m[0mCaptured 6 frames in 0.21 seconds. (28 fps)
[0m[1m--- Processing captured image...
[0m[0mDisabling banner.
[0m[0mSetting output format to JPEG, quality 85
[0m[0mWriting JPEG image to '/home/csic/grow-beyond-earth/images/2026-07-16.jpg'.
[0m[2026-07-16 13:35:28] Captured 2026-07-16.jpg
[2026-07-16 13:35:28] Regenerated manifest.json (entries: 1)
ffmpeg version 4.3.9-0+deb11u1+rpt1 Copyright (c) 2000-2025 the FFmpeg developers
  built with gcc 10 (Raspbian 10.2.1-6+rpi1)
  configuration: --prefix=/usr --extra-version=0+deb11u1+rpt1 --toolchain=hardened --incdir=/usr/include/arm-linux-gnueabihf --enable-gpl --disable-stripping --enable-avresample --disable-filter=resample --enable-gnutls --enable-ladspa --enable-libaom --enable-libass --enable-libbluray --enable-libbs2b --enable-libcaca --enable-libcdio --enable-libcodec2 --enable-libdav1d --enable-libflite --enable-libfontconfig --enable-libfreetype --enable-libfribidi --enable-libgme --enable-libgsm --enable-libjack --enable-libmp3lame --enable-libmysofa --enable-libopenjpeg --enable-libopenmpt --enable-libopus --enable-libpulse --enable-librabbitmq --enable-librsvg --enable-librubberband --enable-libshine --enable-libsnappy --enable-libsoxr --enable-libspeex --enable-libsrt --enable-libssh --enable-libtheora --enable-libtwolame --enable-libvidstab --enable-libvorbis --enable-libvpx --enable-libwavpack --enable-libwebp --enable-libx265 --enable-libxml2 --enable-libxvid --enable-libzmq --enable-libzvbi --enable-lv2 --enable-omx --enable-openal --enable-opencl --enable-opengl --enable-sdl2 --enable-mmal --enable-neon --enable-rpi --enable-v4l2-request --enable-libudev --enable-epoxy --enable-pocketsphinx --enable-libdc1394 --enable-libdrm --enable-vout-drm --enable-libiec61883 --enable-chromaprint --enable-frei0r --enable-libx264 --enable-shared --libdir=/usr/lib/arm-linux-gnueabihf --cpu=arm1176jzf-s --arch=arm
  WARNING: library configuration mismatch
  avutil      configuration: --prefix=/usr --extra-version=0+deb11u1+rpt1 --toolchain=hardened --incdir=/usr/include/arm-linux-gnueabihf --enable-gpl --disable-stripping --enable-avresample --disable-filter=resample --enable-gnutls --enable-ladspa --enable-libaom --enable-libass --enable-libbluray --enable-libbs2b --enable-libcaca --enable-libcdio --enable-libcodec2 --enable-libdav1d --enable-libflite --enable-libfontconfig --enable-libfreetype --enable-libfribidi --enable-libgme --enable-libgsm --enable-libjack --enable-libmp3lame --enable-libmysofa --enable-libopenjpeg --enable-libopenmpt --enable-libopus --enable-libpulse --enable-librabbitmq --enable-librsvg --enable-librubberband --enable-libshine --enable-libsnappy --enable-libsoxr --enable-libspeex --enable-libsrt --enable-libssh --enable-libtheora --enable-libtwolame --enable-libvidstab --enable-libvorbis --enable-libvpx --enable-libwavpack --enable-libwebp --enable-libx265 --enable-libxml2 --enable-libxvid --enable-libzmq --enable-libzvbi --enable-lv2 --enable-omx --enable-openal --enable-opencl --enable-opengl --enable-sdl2 --enable-mmal --enable-neon --enable-rpi --enable-v4l2-request --enable-libudev --enable-epoxy --enable-pocketsphinx --enable-libdc1394 --enable-libdrm --enable-vout-drm --enable-libiec61883 --enable-chromaprint --enable-frei0r --enable-libx264 --libdir=/usr/lib/arm-linux-gnueabihf/neon/vfp --cpu=cortex-a7 --arch=armv6t2 --disable-thumb --enable-shared --disable-doc --disable-programs
  avcodec     configuration: --prefix=/usr --extra-version=0+deb11u1+rpt1 --toolchain=hardened --incdir=/usr/include/arm-linux-gnueabihf --enable-gpl --disable-stripping --enable-avresample --disable-filter=resample --enable-gnutls --enable-ladspa --enable-libaom --enable-libass --enable-libbluray --enable-libbs2b --enable-libcaca --enable-libcdio --enable-libcodec2 --enable-libdav1d --enable-libflite --enable-libfontconfig --enable-libfreetype --enable-libfribidi --enable-libgme --enable-libgsm --enable-libjack --enable-libmp3lame --enable-libmysofa --enable-libopenjpeg --enable-libopenmpt --enable-libopus --enable-libpulse --enable-librabbitmq --enable-librsvg --enable-librubberband --enable-libshine --enable-libsnappy --enable-libsoxr --enable-libspeex --enable-libsrt --enable-libssh --enable-libtheora --enable-libtwolame --enable-libvidstab --enable-libvorbis --enable-libvpx --enable-libwavpack --enable-libwebp --enable-libx265 --enable-libxml2 --enable-libxvid --enable-libzmq --enable-libzvbi --enable-lv2 --enable-omx --enable-openal --enable-opencl --enable-opengl --enable-sdl2 --enable-mmal --enable-neon --enable-rpi --enable-v4l2-request --enable-libudev --enable-epoxy --enable-pocketsphinx --enable-libdc1394 --enable-libdrm --enable-vout-drm --enable-libiec61883 --enable-chromaprint --enable-frei0r --enable-libx264 --libdir=/usr/lib/arm-linux-gnueabihf/neon/vfp --cpu=cortex-a7 --arch=armv6t2 --disable-thumb --enable-shared --disable-doc --disable-programs
  avformat    configuration: --prefix=/usr --extra-version=0+deb11u1+rpt1 --toolchain=hardened --incdir=/usr/include/arm-linux-gnueabihf --enable-gpl --disable-stripping --enable-avresample --disable-filter=resample --enable-gnutls --enable-ladspa --enable-libaom --enable-libass --enable-libbluray --enable-libbs2b --enable-libcaca --enable-libcdio --enable-libcodec2 --enable-libdav1d --enable-libflite --enable-libfontconfig --enable-libfreetype --enable-libfribidi --enable-libgme --enable-libgsm --enable-libjack --enable-libmp3lame --enable-libmysofa --enable-libopenjpeg --enable-libopenmpt --enable-libopus --enable-libpulse --enable-librabbitmq --enable-librsvg --enable-librubberband --enable-libshine --enable-libsnappy --enable-libsoxr --enable-libspeex --enable-libsrt --enable-libssh --enable-libtheora --enable-libtwolame --enable-libvidstab --enable-libvorbis --enable-libvpx --enable-libwavpack --enable-libwebp --enable-libx265 --enable-libxml2 --enable-libxvid --enable-libzmq --enable-libzvbi --enable-lv2 --enable-omx --enable-openal --enable-opencl --enable-opengl --enable-sdl2 --enable-mmal --enable-neon --enable-rpi --enable-v4l2-request --enable-libudev --enable-epoxy --enable-pocketsphinx --enable-libdc1394 --enable-libdrm --enable-vout-drm --enable-libiec61883 --enable-chromaprint --enable-frei0r --enable-libx264 --libdir=/usr/lib/arm-linux-gnueabihf/neon/vfp --cpu=cortex-a7 --arch=armv6t2 --disable-thumb --enable-shared --disable-doc --disable-programs
  avdevice    configuration: --prefix=/usr --extra-version=0+deb11u1+rpt1 --toolchain=hardened --incdir=/usr/include/arm-linux-gnueabihf --enable-gpl --disable-stripping --enable-avresample --disable-filter=resample --enable-gnutls --enable-ladspa --enable-libaom --enable-libass --enable-libbluray --enable-libbs2b --enable-libcaca --enable-libcdio --enable-libcodec2 --enable-libdav1d --enable-libflite --enable-libfontconfig --enable-libfreetype --enable-libfribidi --enable-libgme --enable-libgsm --enable-libjack --enable-libmp3lame --enable-libmysofa --enable-libopenjpeg --enable-libopenmpt --enable-libopus --enable-libpulse --enable-librabbitmq --enable-librsvg --enable-librubberband --enable-libshine --enable-libsnappy --enable-libsoxr --enable-libspeex --enable-libsrt --enable-libssh --enable-libtheora --enable-libtwolame --enable-libvidstab --enable-libvorbis --enable-libvpx --enable-libwavpack --enable-libwebp --enable-libx265 --enable-libxml2 --enable-libxvid --enable-libzmq --enable-libzvbi --enable-lv2 --enable-omx --enable-openal --enable-opencl --enable-opengl --enable-sdl2 --enable-mmal --enable-neon --enable-rpi --enable-v4l2-request --enable-libudev --enable-epoxy --enable-pocketsphinx --enable-libdc1394 --enable-libdrm --enable-vout-drm --enable-libiec61883 --enable-chromaprint --enable-frei0r --enable-libx264 --libdir=/usr/lib/arm-linux-gnueabihf/neon/vfp --cpu=cortex-a7 --arch=armv6t2 --disable-thumb --enable-shared --disable-doc --disable-programs
  avfilter    configuration: --prefix=/usr --extra-version=0+deb11u1+rpt1 --toolchain=hardened --incdir=/usr/include/arm-linux-gnueabihf --enable-gpl --disable-stripping --enable-avresample --disable-filter=resample --enable-gnutls --enable-ladspa --enable-libaom --enable-libass --enable-libbluray --enable-libbs2b --enable-libcaca --enable-libcdio --enable-libcodec2 --enable-libdav1d --enable-libflite --enable-libfontconfig --enable-libfreetype --enable-libfribidi --enable-libgme --enable-libgsm --enable-libjack --enable-libmp3lame --enable-libmysofa --enable-libopenjpeg --enable-libopenmpt --enable-libopus --enable-libpulse --enable-librabbitmq --enable-librsvg --enable-librubberband --enable-libshine --enable-libsnappy --enable-libsoxr --enable-libspeex --enable-libsrt --enable-libssh --enable-libtheora --enable-libtwolame --enable-libvidstab --enable-libvorbis --enable-libvpx --enable-libwavpack --enable-libwebp --enable-libx265 --enable-libxml2 --enable-libxvid --enable-libzmq --enable-libzvbi --enable-lv2 --enable-omx --enable-openal --enable-opencl --enable-opengl --enable-sdl2 --enable-mmal --enable-neon --enable-rpi --enable-v4l2-request --enable-libudev --enable-epoxy --enable-pocketsphinx --enable-libdc1394 --enable-libdrm --enable-vout-drm --enable-libiec61883 --enable-chromaprint --enable-frei0r --enable-libx264 --libdir=/usr/lib/arm-linux-gnueabihf/neon/vfp --cpu=cortex-a7 --arch=armv6t2 --disable-thumb --enable-shared --disable-doc --disable-programs
  avresample  configuration: --prefix=/usr --extra-version=0+deb11u1+rpt1 --toolchain=hardened --incdir=/usr/include/arm-linux-gnueabihf --enable-gpl --disable-stripping --enable-avresample --disable-filter=resample --enable-gnutls --enable-ladspa --enable-libaom --enable-libass --enable-libbluray --enable-libbs2b --enable-libcaca --enable-libcdio --enable-libcodec2 --enable-libdav1d --enable-libflite --enable-libfontconfig --enable-libfreetype --enable-libfribidi --enable-libgme --enable-libgsm --enable-libjack --enable-libmp3lame --enable-libmysofa --enable-libopenjpeg --enable-libopenmpt --enable-libopus --enable-libpulse --enable-librabbitmq --enable-librsvg --enable-librubberband --enable-libshine --enable-libsnappy --enable-libsoxr --enable-libspeex --enable-libsrt --enable-libssh --enable-libtheora --enable-libtwolame --enable-libvidstab --enable-libvorbis --enable-libvpx --enable-libwavpack --enable-libwebp --enable-libx265 --enable-libxml2 --enable-libxvid --enable-libzmq --enable-libzvbi --enable-lv2 --enable-omx --enable-openal --enable-opencl --enable-opengl --enable-sdl2 --enable-mmal --enable-neon --enable-rpi --enable-v4l2-request --enable-libudev --enable-epoxy --enable-pocketsphinx --enable-libdc1394 --enable-libdrm --enable-vout-drm --enable-libiec61883 --enable-chromaprint --enable-frei0r --enable-libx264 --libdir=/usr/lib/arm-linux-gnueabihf/neon/vfp --cpu=cortex-a7 --arch=armv6t2 --disable-thumb --enable-shared --disable-doc --disable-programs
  swscale     configuration: --prefix=/usr --extra-version=0+deb11u1+rpt1 --toolchain=hardened --incdir=/usr/include/arm-linux-gnueabihf --enable-gpl --disable-stripping --enable-avresample --disable-filter=resample --enable-gnutls --enable-ladspa --enable-libaom --enable-libass --enable-libbluray --enable-libbs2b --enable-libcaca --enable-libcdio --enable-libcodec2 --enable-libdav1d --enable-libflite --enable-libfontconfig --enable-libfreetype --enable-libfribidi --enable-libgme --enable-libgsm --enable-libjack --enable-libmp3lame --enable-libmysofa --enable-libopenjpeg --enable-libopenmpt --enable-libopus --enable-libpulse --enable-librabbitmq --enable-librsvg --enable-librubberband --enable-libshine --enable-libsnappy --enable-libsoxr --enable-libspeex --enable-libsrt --enable-libssh --enable-libtheora --enable-libtwolame --enable-libvidstab --enable-libvorbis --enable-libvpx --enable-libwavpack --enable-libwebp --enable-libx265 --enable-libxml2 --enable-libxvid --enable-libzmq --enable-libzvbi --enable-lv2 --enable-omx --enable-openal --enable-opencl --enable-opengl --enable-sdl2 --enable-mmal --enable-neon --enable-rpi --enable-v4l2-request --enable-libudev --enable-epoxy --enable-pocketsphinx --enable-libdc1394 --enable-libdrm --enable-vout-drm --enable-libiec61883 --enable-chromaprint --enable-frei0r --enable-libx264 --libdir=/usr/lib/arm-linux-gnueabihf/neon/vfp --cpu=cortex-a7 --arch=armv6t2 --disable-thumb --enable-shared --disable-doc --disable-programs
  swresample  configuration: --prefix=/usr --extra-version=0+deb11u1+rpt1 --toolchain=hardened --incdir=/usr/include/arm-linux-gnueabihf --enable-gpl --disable-stripping --enable-avresample --disable-filter=resample --enable-gnutls --enable-ladspa --enable-libaom --enable-libass --enable-libbluray --enable-libbs2b --enable-libcaca --enable-libcdio --enable-libcodec2 --enable-libdav1d --enable-libflite --enable-libfontconfig --enable-libfreetype --enable-libfribidi --enable-libgme --enable-libgsm --enable-libjack --enable-libmp3lame --enable-libmysofa --enable-libopenjpeg --enable-libopenmpt --enable-libopus --enable-libpulse --enable-librabbitmq --enable-librsvg --enable-librubberband --enable-libshine --enable-libsnappy --enable-libsoxr --enable-libspeex --enable-libsrt --enable-libssh --enable-libtheora --enable-libtwolame --enable-libvidstab --enable-libvorbis --enable-libvpx --enable-libwavpack --enable-libwebp --enable-libx265 --enable-libxml2 --enable-libxvid --enable-libzmq --enable-libzvbi --enable-lv2 --enable-omx --enable-openal --enable-opencl --enable-opengl --enable-sdl2 --enable-mmal --enable-neon --enable-rpi --enable-v4l2-request --enable-libudev --enable-epoxy --enable-pocketsphinx --enable-libdc1394 --enable-libdrm --enable-vout-drm --enable-libiec61883 --enable-chromaprint --enable-frei0r --enable-libx264 --libdir=/usr/lib/arm-linux-gnueabihf/neon/vfp --cpu=cortex-a7 --arch=armv6t2 --disable-thumb --enable-shared --disable-doc --disable-programs
  postproc    configuration: --prefix=/usr --extra-version=0+deb11u1+rpt1 --toolchain=hardened --incdir=/usr/include/arm-linux-gnueabihf --enable-gpl --disable-stripping --enable-avresample --disable-filter=resample --enable-gnutls --enable-ladspa --enable-libaom --enable-libass --enable-libbluray --enable-libbs2b --enable-libcaca --enable-libcdio --enable-libcodec2 --enable-libdav1d --enable-libflite --enable-libfontconfig --enable-libfreetype --enable-libfribidi --enable-libgme --enable-libgsm --enable-libjack --enable-libmp3lame --enable-libmysofa --enable-libopenjpeg --enable-libopenmpt --enable-libopus --enable-libpulse --enable-librabbitmq --enable-librsvg --enable-librubberband --enable-libshine --enable-libsnappy --enable-libsoxr --enable-libspeex --enable-libsrt --enable-libssh --enable-libtheora --enable-libtwolame --enable-libvidstab --enable-libvorbis --enable-libvpx --enable-libwavpack --enable-libwebp --enable-libx265 --enable-libxml2 --enable-libxvid --enable-libzmq --enable-libzvbi --enable-lv2 --enable-omx --enable-openal --enable-opencl --enable-opengl --enable-sdl2 --enable-mmal --enable-neon --enable-rpi --enable-v4l2-request --enable-libudev --enable-epoxy --enable-pocketsphinx --enable-libdc1394 --enable-libdrm --enable-vout-drm --enable-libiec61883 --enable-chromaprint --enable-frei0r --enable-libx264 --libdir=/usr/lib/arm-linux-gnueabihf/neon/vfp --cpu=cortex-a7 --arch=armv6t2 --disable-thumb --enable-shared --disable-doc --disable-programs
  libavutil      56. 51.100 / 56. 51.100
  libavcodec     58. 91.100 / 58. 91.100
  libavformat    58. 45.100 / 58. 45.100
  libavdevice    58. 10.100 / 58. 10.100
  libavfilter     7. 85.100 /  7. 85.100
  libavresample   4.  0.  0 /  4.  0.  0
  libswscale      5.  7.100 /  5.  7.100
  libswresample   3.  7.100 /  3.  7.100
  libpostproc    55.  7.100 / 55.  7.100
Input #0, concat, from '/tmp/tmp.cgbyRPS5IR':
  Duration: N/A, start: 0.000000, bitrate: N/A
    Stream #0:0: Video: mjpeg (Baseline), yuvj420p(pc, bt470bg/unknown/unknown), 640x480 [SAR 96:96 DAR 4:3], 25 tbr, 25 tbn, 25 tbc
Stream mapping:
  Stream #0:0 -> #0:0 (mjpeg (native) -> gif (native))
Press [q] to stop, [?] for help
[swscaler @ 0x1d2b760] deprecated pixel format used, make sure you did set range correctly
[swscaler @ 0x1d2b760] No accelerated colorspace conversion found from yuv420p to bgr8.
Output #0, gif, to '/tmp/tmp.OAg59d7NtF.gif':
  Metadata:
    encoder         : Lavf58.45.100
    Stream #0:0: Video: gif, bgr8, 640x480 [SAR 1:1 DAR 4:3], q=2-31, 200 kb/s, 6 fps, 100 tbn, 6 tbc
    Metadata:
      encoder         : Lavc58.91.100 gif
frame=    1 fps=0.0 q=-0.0 Lsize=      56kB time=00:00:00.01 bitrate=45998.4kbits/s speed=0.45x    
video:56kB audio:0kB subtitle:0kB other streams:0kB global headers:0kB muxing overhead: 0.034796%
[2026-07-16 13:35:28] Rebuilt timelapse.gif
[main 58cbfd3] Daily image: 2026-07-16 13:35:26
 2 files changed, 0 insertions(+), 0 deletions(-)
 rewrite images/2026-07-16.jpg (96%)
 rewrite timelapse.gif (98%)
From github.com:UWIN-Dev/UWIN-Dev.github.io
 * branch            main       -> FETCH_HEAD
Current branch main is up to date.
To github.com:UWIN-Dev/UWIN-Dev.github.io.git
   2ea1a30..58cbfd3  main -> main
[2026-07-16 13:35:30] === Successfully pushed 2026-07-16.jpg (and timelapse.gif) to main ===
[2026-07-17 15:08:11] === Starting daily capture for 2026-07-17 ===
[1m--- Opening /dev/video0...
[0m[0mTrying source module v4l2...
[0m[0m/dev/video0 opened.
[0m[0mNo input was specified, using the first.
[0m[1m--- Capturing frame...
[0m[0mSkipping 5 frames...
[0m[0mCapturing 1 frames...
[0m[0mCaptured 6 frames in 0.16 seconds. (36 fps)
[0m[1m--- Processing captured image...
[0m[0mDisabling banner.
[0m[0mSetting output format to JPEG, quality 85
[0m[0mWriting JPEG image to '/home/csic/grow-beyond-earth/images/2026-07-17.jpg'.
[0m[2026-07-17 15:08:13] Captured 2026-07-17.jpg
[2026-07-17 15:08:13] Regenerated manifest.json (entries: 2)
ffmpeg version 4.3.9-0+deb11u1+rpt1 Copyright (c) 2000-2025 the FFmpeg developers
  built with gcc 10 (Raspbian 10.2.1-6+rpi1)
  configuration: --prefix=/usr --extra-version=0+deb11u1+rpt1 --toolchain=hardened --incdir=/usr/include/arm-linux-gnueabihf --enable-gpl --disable-stripping --enable-avresample --disable-filter=resample --enable-gnutls --enable-ladspa --enable-libaom --enable-libass --enable-libbluray --enable-libbs2b --enable-libcaca --enable-libcdio --enable-libcodec2 --enable-libdav1d --enable-libflite --enable-libfontconfig --enable-libfreetype --enable-libfribidi --enable-libgme --enable-libgsm --enable-libjack --enable-libmp3lame --enable-libmysofa --enable-libopenjpeg --enable-libopenmpt --enable-libopus --enable-libpulse --enable-librabbitmq --enable-librsvg --enable-librubberband --enable-libshine --enable-libsnappy --enable-libsoxr --enable-libspeex --enable-libsrt --enable-libssh --enable-libtheora --enable-libtwolame --enable-libvidstab --enable-libvorbis --enable-libvpx --enable-libwavpack --enable-libwebp --enable-libx265 --enable-libxml2 --enable-libxvid --enable-libzmq --enable-libzvbi --enable-lv2 --enable-omx --enable-openal --enable-opencl --enable-opengl --enable-sdl2 --enable-mmal --enable-neon --enable-rpi --enable-v4l2-request --enable-libudev --enable-epoxy --enable-pocketsphinx --enable-libdc1394 --enable-libdrm --enable-vout-drm --enable-libiec61883 --enable-chromaprint --enable-frei0r --enable-libx264 --enable-shared --libdir=/usr/lib/arm-linux-gnueabihf --cpu=arm1176jzf-s --arch=arm
  WARNING: library configuration mismatch
  avutil      configuration: --prefix=/usr --extra-version=0+deb11u1+rpt1 --toolchain=hardened --incdir=/usr/include/arm-linux-gnueabihf --enable-gpl --disable-stripping --enable-avresample --disable-filter=resample --enable-gnutls --enable-ladspa --enable-libaom --enable-libass --enable-libbluray --enable-libbs2b --enable-libcaca --enable-libcdio --enable-libcodec2 --enable-libdav1d --enable-libflite --enable-libfontconfig --enable-libfreetype --enable-libfribidi --enable-libgme --enable-libgsm --enable-libjack --enable-libmp3lame --enable-libmysofa --enable-libopenjpeg --enable-libopenmpt --enable-libopus --enable-libpulse --enable-librabbitmq --enable-librsvg --enable-librubberband --enable-libshine --enable-libsnappy --enable-libsoxr --enable-libspeex --enable-libsrt --enable-libssh --enable-libtheora --enable-libtwolame --enable-libvidstab --enable-libvorbis --enable-libvpx --enable-libwavpack --enable-libwebp --enable-libx265 --enable-libxml2 --enable-libxvid --enable-libzmq --enable-libzvbi --enable-lv2 --enable-omx --enable-openal --enable-opencl --enable-opengl --enable-sdl2 --enable-mmal --enable-neon --enable-rpi --enable-v4l2-request --enable-libudev --enable-epoxy --enable-pocketsphinx --enable-libdc1394 --enable-libdrm --enable-vout-drm --enable-libiec61883 --enable-chromaprint --enable-frei0r --enable-libx264 --libdir=/usr/lib/arm-linux-gnueabihf/neon/vfp --cpu=cortex-a7 --arch=armv6t2 --disable-thumb --enable-shared --disable-doc --disable-programs
  avcodec     configuration: --prefix=/usr --extra-version=0+deb11u1+rpt1 --toolchain=hardened --incdir=/usr/include/arm-linux-gnueabihf --enable-gpl --disable-stripping --enable-avresample --disable-filter=resample --enable-gnutls --enable-ladspa --enable-libaom --enable-libass --enable-libbluray --enable-libbs2b --enable-libcaca --enable-libcdio --enable-libcodec2 --enable-libdav1d --enable-libflite --enable-libfontconfig --enable-libfreetype --enable-libfribidi --enable-libgme --enable-libgsm --enable-libjack --enable-libmp3lame --enable-libmysofa --enable-libopenjpeg --enable-libopenmpt --enable-libopus --enable-libpulse --enable-librabbitmq --enable-librsvg --enable-librubberband --enable-libshine --enable-libsnappy --enable-libsoxr --enable-libspeex --enable-libsrt --enable-libssh --enable-libtheora --enable-libtwolame --enable-libvidstab --enable-libvorbis --enable-libvpx --enable-libwavpack --enable-libwebp --enable-libx265 --enable-libxml2 --enable-libxvid --enable-libzmq --enable-libzvbi --enable-lv2 --enable-omx --enable-openal --enable-opencl --enable-opengl --enable-sdl2 --enable-mmal --enable-neon --enable-rpi --enable-v4l2-request --enable-libudev --enable-epoxy --enable-pocketsphinx --enable-libdc1394 --enable-libdrm --enable-vout-drm --enable-libiec61883 --enable-chromaprint --enable-frei0r --enable-libx264 --libdir=/usr/lib/arm-linux-gnueabihf/neon/vfp --cpu=cortex-a7 --arch=armv6t2 --disable-thumb --enable-shared --disable-doc --disable-programs
  avformat    configuration: --prefix=/usr --extra-version=0+deb11u1+rpt1 --toolchain=hardened --incdir=/usr/include/arm-linux-gnueabihf --enable-gpl --disable-stripping --enable-avresample --disable-filter=resample --enable-gnutls --enable-ladspa --enable-libaom --enable-libass --enable-libbluray --enable-libbs2b --enable-libcaca --enable-libcdio --enable-libcodec2 --enable-libdav1d --enable-libflite --enable-libfontconfig --enable-libfreetype --enable-libfribidi --enable-libgme --enable-libgsm --enable-libjack --enable-libmp3lame --enable-libmysofa --enable-libopenjpeg --enable-libopenmpt --enable-libopus --enable-libpulse --enable-librabbitmq --enable-librsvg --enable-librubberband --enable-libshine --enable-libsnappy --enable-libsoxr --enable-libspeex --enable-libsrt --enable-libssh --enable-libtheora --enable-libtwolame --enable-libvidstab --enable-libvorbis --enable-libvpx --enable-libwavpack --enable-libwebp --enable-libx265 --enable-libxml2 --enable-libxvid --enable-libzmq --enable-libzvbi --enable-lv2 --enable-omx --enable-openal --enable-opencl --enable-opengl --enable-sdl2 --enable-mmal --enable-neon --enable-rpi --enable-v4l2-request --enable-libudev --enable-epoxy --enable-pocketsphinx --enable-libdc1394 --enable-libdrm --enable-vout-drm --enable-libiec61883 --enable-chromaprint --enable-frei0r --enable-libx264 --libdir=/usr/lib/arm-linux-gnueabihf/neon/vfp --cpu=cortex-a7 --arch=armv6t2 --disable-thumb --enable-shared --disable-doc --disable-programs
  avdevice    configuration: --prefix=/usr --extra-version=0+deb11u1+rpt1 --toolchain=hardened --incdir=/usr/include/arm-linux-gnueabihf --enable-gpl --disable-stripping --enable-avresample --disable-filter=resample --enable-gnutls --enable-ladspa --enable-libaom --enable-libass --enable-libbluray --enable-libbs2b --enable-libcaca --enable-libcdio --enable-libcodec2 --enable-libdav1d --enable-libflite --enable-libfontconfig --enable-libfreetype --enable-libfribidi --enable-libgme --enable-libgsm --enable-libjack --enable-libmp3lame --enable-libmysofa --enable-libopenjpeg --enable-libopenmpt --enable-libopus --enable-libpulse --enable-librabbitmq --enable-librsvg --enable-librubberband --enable-libshine --enable-libsnappy --enable-libsoxr --enable-libspeex --enable-libsrt --enable-libssh --enable-libtheora --enable-libtwolame --enable-libvidstab --enable-libvorbis --enable-libvpx --enable-libwavpack --enable-libwebp --enable-libx265 --enable-libxml2 --enable-libxvid --enable-libzmq --enable-libzvbi --enable-lv2 --enable-omx --enable-openal --enable-opencl --enable-opengl --enable-sdl2 --enable-mmal --enable-neon --enable-rpi --enable-v4l2-request --enable-libudev --enable-epoxy --enable-pocketsphinx --enable-libdc1394 --enable-libdrm --enable-vout-drm --enable-libiec61883 --enable-chromaprint --enable-frei0r --enable-libx264 --libdir=/usr/lib/arm-linux-gnueabihf/neon/vfp --cpu=cortex-a7 --arch=armv6t2 --disable-thumb --enable-shared --disable-doc --disable-programs
  avfilter    configuration: --prefix=/usr --extra-version=0+deb11u1+rpt1 --toolchain=hardened --incdir=/usr/include/arm-linux-gnueabihf --enable-gpl --disable-stripping --enable-avresample --disable-filter=resample --enable-gnutls --enable-ladspa --enable-libaom --enable-libass --enable-libbluray --enable-libbs2b --enable-libcaca --enable-libcdio --enable-libcodec2 --enable-libdav1d --enable-libflite --enable-libfontconfig --enable-libfreetype --enable-libfribidi --enable-libgme --enable-libgsm --enable-libjack --enable-libmp3lame --enable-libmysofa --enable-libopenjpeg --enable-libopenmpt --enable-libopus --enable-libpulse --enable-librabbitmq --enable-librsvg --enable-librubberband --enable-libshine --enable-libsnappy --enable-libsoxr --enable-libspeex --enable-libsrt --enable-libssh --enable-libtheora --enable-libtwolame --enable-libvidstab --enable-libvorbis --enable-libvpx --enable-libwavpack --enable-libwebp --enable-libx265 --enable-libxml2 --enable-libxvid --enable-libzmq --enable-libzvbi --enable-lv2 --enable-omx --enable-openal --enable-opencl --enable-opengl --enable-sdl2 --enable-mmal --enable-neon --enable-rpi --enable-v4l2-request --enable-libudev --enable-epoxy --enable-pocketsphinx --enable-libdc1394 --enable-libdrm --enable-vout-drm --enable-libiec61883 --enable-chromaprint --enable-frei0r --enable-libx264 --libdir=/usr/lib/arm-linux-gnueabihf/neon/vfp --cpu=cortex-a7 --arch=armv6t2 --disable-thumb --enable-shared --disable-doc --disable-programs
  avresample  configuration: --prefix=/usr --extra-version=0+deb11u1+rpt1 --toolchain=hardened --incdir=/usr/include/arm-linux-gnueabihf --enable-gpl --disable-stripping --enable-avresample --disable-filter=resample --enable-gnutls --enable-ladspa --enable-libaom --enable-libass --enable-libbluray --enable-libbs2b --enable-libcaca --enable-libcdio --enable-libcodec2 --enable-libdav1d --enable-libflite --enable-libfontconfig --enable-libfreetype --enable-libfribidi --enable-libgme --enable-libgsm --enable-libjack --enable-libmp3lame --enable-libmysofa --enable-libopenjpeg --enable-libopenmpt --enable-libopus --enable-libpulse --enable-librabbitmq --enable-librsvg --enable-librubberband --enable-libshine --enable-libsnappy --enable-libsoxr --enable-libspeex --enable-libsrt --enable-libssh --enable-libtheora --enable-libtwolame --enable-libvidstab --enable-libvorbis --enable-libvpx --enable-libwavpack --enable-libwebp --enable-libx265 --enable-libxml2 --enable-libxvid --enable-libzmq --enable-libzvbi --enable-lv2 --enable-omx --enable-openal --enable-opencl --enable-opengl --enable-sdl2 --enable-mmal --enable-neon --enable-rpi --enable-v4l2-request --enable-libudev --enable-epoxy --enable-pocketsphinx --enable-libdc1394 --enable-libdrm --enable-vout-drm --enable-libiec61883 --enable-chromaprint --enable-frei0r --enable-libx264 --libdir=/usr/lib/arm-linux-gnueabihf/neon/vfp --cpu=cortex-a7 --arch=armv6t2 --disable-thumb --enable-shared --disable-doc --disable-programs
  swscale     configuration: --prefix=/usr --extra-version=0+deb11u1+rpt1 --toolchain=hardened --incdir=/usr/include/arm-linux-gnueabihf --enable-gpl --disable-stripping --enable-avresample --disable-filter=resample --enable-gnutls --enable-ladspa --enable-libaom --enable-libass --enable-libbluray --enable-libbs2b --enable-libcaca --enable-libcdio --enable-libcodec2 --enable-libdav1d --enable-libflite --enable-libfontconfig --enable-libfreetype --enable-libfribidi --enable-libgme --enable-libgsm --enable-libjack --enable-libmp3lame --enable-libmysofa --enable-libopenjpeg --enable-libopenmpt --enable-libopus --enable-libpulse --enable-librabbitmq --enable-librsvg --enable-librubberband --enable-libshine --enable-libsnappy --enable-libsoxr --enable-libspeex --enable-libsrt --enable-libssh --enable-libtheora --enable-libtwolame --enable-libvidstab --enable-libvorbis --enable-libvpx --enable-libwavpack --enable-libwebp --enable-libx265 --enable-libxml2 --enable-libxvid --enable-libzmq --enable-libzvbi --enable-lv2 --enable-omx --enable-openal --enable-opencl --enable-opengl --enable-sdl2 --enable-mmal --enable-neon --enable-rpi --enable-v4l2-request --enable-libudev --enable-epoxy --enable-pocketsphinx --enable-libdc1394 --enable-libdrm --enable-vout-drm --enable-libiec61883 --enable-chromaprint --enable-frei0r --enable-libx264 --libdir=/usr/lib/arm-linux-gnueabihf/neon/vfp --cpu=cortex-a7 --arch=armv6t2 --disable-thumb --enable-shared --disable-doc --disable-programs
  swresample  configuration: --prefix=/usr --extra-version=0+deb11u1+rpt1 --toolchain=hardened --incdir=/usr/include/arm-linux-gnueabihf --enable-gpl --disable-stripping --enable-avresample --disable-filter=resample --enable-gnutls --enable-ladspa --enable-libaom --enable-libass --enable-libbluray --enable-libbs2b --enable-libcaca --enable-libcdio --enable-libcodec2 --enable-libdav1d --enable-libflite --enable-libfontconfig --enable-libfreetype --enable-libfribidi --enable-libgme --enable-libgsm --enable-libjack --enable-libmp3lame --enable-libmysofa --enable-libopenjpeg --enable-libopenmpt --enable-libopus --enable-libpulse --enable-librabbitmq --enable-librsvg --enable-librubberband --enable-libshine --enable-libsnappy --enable-libsoxr --enable-libspeex --enable-libsrt --enable-libssh --enable-libtheora --enable-libtwolame --enable-libvidstab --enable-libvorbis --enable-libvpx --enable-libwavpack --enable-libwebp --enable-libx265 --enable-libxml2 --enable-libxvid --enable-libzmq --enable-libzvbi --enable-lv2 --enable-omx --enable-openal --enable-opencl --enable-opengl --enable-sdl2 --enable-mmal --enable-neon --enable-rpi --enable-v4l2-request --enable-libudev --enable-epoxy --enable-pocketsphinx --enable-libdc1394 --enable-libdrm --enable-vout-drm --enable-libiec61883 --enable-chromaprint --enable-frei0r --enable-libx264 --libdir=/usr/lib/arm-linux-gnueabihf/neon/vfp --cpu=cortex-a7 --arch=armv6t2 --disable-thumb --enable-shared --disable-doc --disable-programs
  postproc    configuration: --prefix=/usr --extra-version=0+deb11u1+rpt1 --toolchain=hardened --incdir=/usr/include/arm-linux-gnueabihf --enable-gpl --disable-stripping --enable-avresample --disable-filter=resample --enable-gnutls --enable-ladspa --enable-libaom --enable-libass --enable-libbluray --enable-libbs2b --enable-libcaca --enable-libcdio --enable-libcodec2 --enable-libdav1d --enable-libflite --enable-libfontconfig --enable-libfreetype --enable-libfribidi --enable-libgme --enable-libgsm --enable-libjack --enable-libmp3lame --enable-libmysofa --enable-libopenjpeg --enable-libopenmpt --enable-libopus --enable-libpulse --enable-librabbitmq --enable-librsvg --enable-librubberband --enable-libshine --enable-libsnappy --enable-libsoxr --enable-libspeex --enable-libsrt --enable-libssh --enable-libtheora --enable-libtwolame --enable-libvidstab --enable-libvorbis --enable-libvpx --enable-libwavpack --enable-libwebp --enable-libx265 --enable-libxml2 --enable-libxvid --enable-libzmq --enable-libzvbi --enable-lv2 --enable-omx --enable-openal --enable-opencl --enable-opengl --enable-sdl2 --enable-mmal --enable-neon --enable-rpi --enable-v4l2-request --enable-libudev --enable-epoxy --enable-pocketsphinx --enable-libdc1394 --enable-libdrm --enable-vout-drm --enable-libiec61883 --enable-chromaprint --enable-frei0r --enable-libx264 --libdir=/usr/lib/arm-linux-gnueabihf/neon/vfp --cpu=cortex-a7 --arch=armv6t2 --disable-thumb --enable-shared --disable-doc --disable-programs
  libavutil      56. 51.100 / 56. 51.100
  libavcodec     58. 91.100 / 58. 91.100
  libavformat    58. 45.100 / 58. 45.100
  libavdevice    58. 10.100 / 58. 10.100
  libavfilter     7. 85.100 /  7. 85.100
  libavresample   4.  0.  0 /  4.  0.  0
  libswscale      5.  7.100 /  5.  7.100
  libswresample   3.  7.100 /  3.  7.100
  libpostproc    55.  7.100 / 55.  7.100
Input #0, concat, from '/tmp/tmp.jjR6uF3owg':
  Duration: N/A, start: 0.000000, bitrate: N/A
    Stream #0:0: Video: mjpeg (Baseline), yuvj420p(pc, bt470bg/unknown/unknown), 640x480 [SAR 96:96 DAR 4:3], 25 tbr, 25 tbn, 25 tbc
Stream mapping:
  Stream #0:0 -> #0:0 (mjpeg (native) -> gif (native))
Press [q] to stop, [?] for help
[swscaler @ 0x17b9890] deprecated pixel format used, make sure you did set range correctly
[swscaler @ 0x17b9890] No accelerated colorspace conversion found from yuv420p to bgr8.
Output #0, gif, to '/tmp/tmp.v7XLUFNMV3.gif':
  Metadata:
    encoder         : Lavf58.45.100
    Stream #0:0: Video: gif, bgr8, 640x480 [SAR 1:1 DAR 4:3], q=2-31, 200 kb/s, 6 fps, 100 tbn, 6 tbc
    Metadata:
      encoder         : Lavc58.91.100 gif
[swscaler @ 0x17b9890] deprecated pixel format used, make sure you did set range correctly
[swscaler @ 0x179f180] deprecated pixel format used, make sure you did set range correctly
frame=    2 fps=0.0 q=-0.0 Lsize=      76kB time=00:00:00.34 bitrate=1825.2kbits/s speed=1.81x    
video:76kB audio:0kB subtitle:0kB other streams:0kB global headers:0kB muxing overhead: 0.025790%
[2026-07-17 15:08:15] Rebuilt timelapse.gif
[main 754ce1f] Daily image: 2026-07-17 15:08:11
 3 files changed, 1 insertion(+)
 create mode 100644 images/2026-07-17.jpg
 rewrite timelapse.gif (97%)
From github.com:UWIN-Dev/UWIN-Dev.github.io
 * branch            main       -> FETCH_HEAD
Current branch main is up to date.
To github.com:UWIN-Dev/UWIN-Dev.github.io.git
   58cbfd3..754ce1f  main -> main
[2026-07-17 15:08:17] === Successfully pushed 2026-07-17.jpg (and timelapse.gif) to main ===
[2026-07-17 15:10:51] === Starting daily capture for 2026-07-17 ===
[1m--- Opening /dev/video0...
[0m[0mTrying source module v4l2...
[0m[0m/dev/video0 opened.
[0m[0mNo input was specified, using the first.
[0m[1m--- Capturing frame...
[0m[0mSkipping 5 frames...
[0m[0mCapturing 1 frames...
[0m[0mCaptured 6 frames in 0.16 seconds. (38 fps)
[0m[1m--- Processing captured image...
[0m[0mDisabling banner.
[0m[0mSetting output format to JPEG, quality 85
[0m[0mWriting JPEG image to '/home/csic/grow-beyond-earth/images/2026-07-17.jpg'.
[0m[2026-07-17 15:10:52] Captured 2026-07-17.jpg
[2026-07-17 15:10:53] Regenerated manifest.json (entries: 2)
ffmpeg version 4.3.9-0+deb11u1+rpt1 Copyright (c) 2000-2025 the FFmpeg developers
  built with gcc 10 (Raspbian 10.2.1-6+rpi1)
  configuration: --prefix=/usr --extra-version=0+deb11u1+rpt1 --toolchain=hardened --incdir=/usr/include/arm-linux-gnueabihf --enable-gpl --disable-stripping --enable-avresample --disable-filter=resample --enable-gnutls --enable-ladspa --enable-libaom --enable-libass --enable-libbluray --enable-libbs2b --enable-libcaca --enable-libcdio --enable-libcodec2 --enable-libdav1d --enable-libflite --enable-libfontconfig --enable-libfreetype --enable-libfribidi --enable-libgme --enable-libgsm --enable-libjack --enable-libmp3lame --enable-libmysofa --enable-libopenjpeg --enable-libopenmpt --enable-libopus --enable-libpulse --enable-librabbitmq --enable-librsvg --enable-librubberband --enable-libshine --enable-libsnappy --enable-libsoxr --enable-libspeex --enable-libsrt --enable-libssh --enable-libtheora --enable-libtwolame --enable-libvidstab --enable-libvorbis --enable-libvpx --enable-libwavpack --enable-libwebp --enable-libx265 --enable-libxml2 --enable-libxvid --enable-libzmq --enable-libzvbi --enable-lv2 --enable-omx --enable-openal --enable-opencl --enable-opengl --enable-sdl2 --enable-mmal --enable-neon --enable-rpi --enable-v4l2-request --enable-libudev --enable-epoxy --enable-pocketsphinx --enable-libdc1394 --enable-libdrm --enable-vout-drm --enable-libiec61883 --enable-chromaprint --enable-frei0r --enable-libx264 --enable-shared --libdir=/usr/lib/arm-linux-gnueabihf --cpu=arm1176jzf-s --arch=arm
  WARNING: library configuration mismatch
  avutil      configuration: --prefix=/usr --extra-version=0+deb11u1+rpt1 --toolchain=hardened --incdir=/usr/include/arm-linux-gnueabihf --enable-gpl --disable-stripping --enable-avresample --disable-filter=resample --enable-gnutls --enable-ladspa --enable-libaom --enable-libass --enable-libbluray --enable-libbs2b --enable-libcaca --enable-libcdio --enable-libcodec2 --enable-libdav1d --enable-libflite --enable-libfontconfig --enable-libfreetype --enable-libfribidi --enable-libgme --enable-libgsm --enable-libjack --enable-libmp3lame --enable-libmysofa --enable-libopenjpeg --enable-libopenmpt --enable-libopus --enable-libpulse --enable-librabbitmq --enable-librsvg --enable-librubberband --enable-libshine --enable-libsnappy --enable-libsoxr --enable-libspeex --enable-libsrt --enable-libssh --enable-libtheora --enable-libtwolame --enable-libvidstab --enable-libvorbis --enable-libvpx --enable-libwavpack --enable-libwebp --enable-libx265 --enable-libxml2 --enable-libxvid --enable-libzmq --enable-libzvbi --enable-lv2 --enable-omx --enable-openal --enable-opencl --enable-opengl --enable-sdl2 --enable-mmal --enable-neon --enable-rpi --enable-v4l2-request --enable-libudev --enable-epoxy --enable-pocketsphinx --enable-libdc1394 --enable-libdrm --enable-vout-drm --enable-libiec61883 --enable-chromaprint --enable-frei0r --enable-libx264 --libdir=/usr/lib/arm-linux-gnueabihf/neon/vfp --cpu=cortex-a7 --arch=armv6t2 --disable-thumb --enable-shared --disable-doc --disable-programs
  avcodec     configuration: --prefix=/usr --extra-version=0+deb11u1+rpt1 --toolchain=hardened --incdir=/usr/include/arm-linux-gnueabihf --enable-gpl --disable-stripping --enable-avresample --disable-filter=resample --enable-gnutls --enable-ladspa --enable-libaom --enable-libass --enable-libbluray --enable-libbs2b --enable-libcaca --enable-libcdio --enable-libcodec2 --enable-libdav1d --enable-libflite --enable-libfontconfig --enable-libfreetype --enable-libfribidi --enable-libgme --enable-libgsm --enable-libjack --enable-libmp3lame --enable-libmysofa --enable-libopenjpeg --enable-libopenmpt --enable-libopus --enable-libpulse --enable-librabbitmq --enable-librsvg --enable-librubberband --enable-libshine --enable-libsnappy --enable-libsoxr --enable-libspeex --enable-libsrt --enable-libssh --enable-libtheora --enable-libtwolame --enable-libvidstab --enable-libvorbis --enable-libvpx --enable-libwavpack --enable-libwebp --enable-libx265 --enable-libxml2 --enable-libxvid --enable-libzmq --enable-libzvbi --enable-lv2 --enable-omx --enable-openal --enable-opencl --enable-opengl --enable-sdl2 --enable-mmal --enable-neon --enable-rpi --enable-v4l2-request --enable-libudev --enable-epoxy --enable-pocketsphinx --enable-libdc1394 --enable-libdrm --enable-vout-drm --enable-libiec61883 --enable-chromaprint --enable-frei0r --enable-libx264 --libdir=/usr/lib/arm-linux-gnueabihf/neon/vfp --cpu=cortex-a7 --arch=armv6t2 --disable-thumb --enable-shared --disable-doc --disable-programs
  avformat    configuration: --prefix=/usr --extra-version=0+deb11u1+rpt1 --toolchain=hardened --incdir=/usr/include/arm-linux-gnueabihf --enable-gpl --disable-stripping --enable-avresample --disable-filter=resample --enable-gnutls --enable-ladspa --enable-libaom --enable-libass --enable-libbluray --enable-libbs2b --enable-libcaca --enable-libcdio --enable-libcodec2 --enable-libdav1d --enable-libflite --enable-libfontconfig --enable-libfreetype --enable-libfribidi --enable-libgme --enable-libgsm --enable-libjack --enable-libmp3lame --enable-libmysofa --enable-libopenjpeg --enable-libopenmpt --enable-libopus --enable-libpulse --enable-librabbitmq --enable-librsvg --enable-librubberband --enable-libshine --enable-libsnappy --enable-libsoxr --enable-libspeex --enable-libsrt --enable-libssh --enable-libtheora --enable-libtwolame --enable-libvidstab --enable-libvorbis --enable-libvpx --enable-libwavpack --enable-libwebp --enable-libx265 --enable-libxml2 --enable-libxvid --enable-libzmq --enable-libzvbi --enable-lv2 --enable-omx --enable-openal --enable-opencl --enable-opengl --enable-sdl2 --enable-mmal --enable-neon --enable-rpi --enable-v4l2-request --enable-libudev --enable-epoxy --enable-pocketsphinx --enable-libdc1394 --enable-libdrm --enable-vout-drm --enable-libiec61883 --enable-chromaprint --enable-frei0r --enable-libx264 --libdir=/usr/lib/arm-linux-gnueabihf/neon/vfp --cpu=cortex-a7 --arch=armv6t2 --disable-thumb --enable-shared --disable-doc --disable-programs
  avdevice    configuration: --prefix=/usr --extra-version=0+deb11u1+rpt1 --toolchain=hardened --incdir=/usr/include/arm-linux-gnueabihf --enable-gpl --disable-stripping --enable-avresample --disable-filter=resample --enable-gnutls --enable-ladspa --enable-libaom --enable-libass --enable-libbluray --enable-libbs2b --enable-libcaca --enable-libcdio --enable-libcodec2 --enable-libdav1d --enable-libflite --enable-libfontconfig --enable-libfreetype --enable-libfribidi --enable-libgme --enable-libgsm --enable-libjack --enable-libmp3lame --enable-libmysofa --enable-libopenjpeg --enable-libopenmpt --enable-libopus --enable-libpulse --enable-librabbitmq --enable-librsvg --enable-librubberband --enable-libshine --enable-libsnappy --enable-libsoxr --enable-libspeex --enable-libsrt --enable-libssh --enable-libtheora --enable-libtwolame --enable-libvidstab --enable-libvorbis --enable-libvpx --enable-libwavpack --enable-libwebp --enable-libx265 --enable-libxml2 --enable-libxvid --enable-libzmq --enable-libzvbi --enable-lv2 --enable-omx --enable-openal --enable-opencl --enable-opengl --enable-sdl2 --enable-mmal --enable-neon --enable-rpi --enable-v4l2-request --enable-libudev --enable-epoxy --enable-pocketsphinx --enable-libdc1394 --enable-libdrm --enable-vout-drm --enable-libiec61883 --enable-chromaprint --enable-frei0r --enable-libx264 --libdir=/usr/lib/arm-linux-gnueabihf/neon/vfp --cpu=cortex-a7 --arch=armv6t2 --disable-thumb --enable-shared --disable-doc --disable-programs
  avfilter    configuration: --prefix=/usr --extra-version=0+deb11u1+rpt1 --toolchain=hardened --incdir=/usr/include/arm-linux-gnueabihf --enable-gpl --disable-stripping --enable-avresample --disable-filter=resample --enable-gnutls --enable-ladspa --enable-libaom --enable-libass --enable-libbluray --enable-libbs2b --enable-libcaca --enable-libcdio --enable-libcodec2 --enable-libdav1d --enable-libflite --enable-libfontconfig --enable-libfreetype --enable-libfribidi --enable-libgme --enable-libgsm --enable-libjack --enable-libmp3lame --enable-libmysofa --enable-libopenjpeg --enable-libopenmpt --enable-libopus --enable-libpulse --enable-librabbitmq --enable-librsvg --enable-librubberband --enable-libshine --enable-libsnappy --enable-libsoxr --enable-libspeex --enable-libsrt --enable-libssh --enable-libtheora --enable-libtwolame --enable-libvidstab --enable-libvorbis --enable-libvpx --enable-libwavpack --enable-libwebp --enable-libx265 --enable-libxml2 --enable-libxvid --enable-libzmq --enable-libzvbi --enable-lv2 --enable-omx --enable-openal --enable-opencl --enable-opengl --enable-sdl2 --enable-mmal --enable-neon --enable-rpi --enable-v4l2-request --enable-libudev --enable-epoxy --enable-pocketsphinx --enable-libdc1394 --enable-libdrm --enable-vout-drm --enable-libiec61883 --enable-chromaprint --enable-frei0r --enable-libx264 --libdir=/usr/lib/arm-linux-gnueabihf/neon/vfp --cpu=cortex-a7 --arch=armv6t2 --disable-thumb --enable-shared --disable-doc --disable-programs
  avresample  configuration: --prefix=/usr --extra-version=0+deb11u1+rpt1 --toolchain=hardened --incdir=/usr/include/arm-linux-gnueabihf --enable-gpl --disable-stripping --enable-avresample --disable-filter=resample --enable-gnutls --enable-ladspa --enable-libaom --enable-libass --enable-libbluray --enable-libbs2b --enable-libcaca --enable-libcdio --enable-libcodec2 --enable-libdav1d --enable-libflite --enable-libfontconfig --enable-libfreetype --enable-libfribidi --enable-libgme --enable-libgsm --enable-libjack --enable-libmp3lame --enable-libmysofa --enable-libopenjpeg --enable-libopenmpt --enable-libopus --enable-libpulse --enable-librabbitmq --enable-librsvg --enable-librubberband --enable-libshine --enable-libsnappy --enable-libsoxr --enable-libspeex --enable-libsrt --enable-libssh --enable-libtheora --enable-libtwolame --enable-libvidstab --enable-libvorbis --enable-libvpx --enable-libwavpack --enable-libwebp --enable-libx265 --enable-libxml2 --enable-libxvid --enable-libzmq --enable-libzvbi --enable-lv2 --enable-omx --enable-openal --enable-opencl --enable-opengl --enable-sdl2 --enable-mmal --enable-neon --enable-rpi --enable-v4l2-request --enable-libudev --enable-epoxy --enable-pocketsphinx --enable-libdc1394 --enable-libdrm --enable-vout-drm --enable-libiec61883 --enable-chromaprint --enable-frei0r --enable-libx264 --libdir=/usr/lib/arm-linux-gnueabihf/neon/vfp --cpu=cortex-a7 --arch=armv6t2 --disable-thumb --enable-shared --disable-doc --disable-programs
  swscale     configuration: --prefix=/usr --extra-version=0+deb11u1+rpt1 --toolchain=hardened --incdir=/usr/include/arm-linux-gnueabihf --enable-gpl --disable-stripping --enable-avresample --disable-filter=resample --enable-gnutls --enable-ladspa --enable-libaom --enable-libass --enable-libbluray --enable-libbs2b --enable-libcaca --enable-libcdio --enable-libcodec2 --enable-libdav1d --enable-libflite --enable-libfontconfig --enable-libfreetype --enable-libfribidi --enable-libgme --enable-libgsm --enable-libjack --enable-libmp3lame --enable-libmysofa --enable-libopenjpeg --enable-libopenmpt --enable-libopus --enable-libpulse --enable-librabbitmq --enable-librsvg --enable-librubberband --enable-libshine --enable-libsnappy --enable-libsoxr --enable-libspeex --enable-libsrt --enable-libssh --enable-libtheora --enable-libtwolame --enable-libvidstab --enable-libvorbis --enable-libvpx --enable-libwavpack --enable-libwebp --enable-libx265 --enable-libxml2 --enable-libxvid --enable-libzmq --enable-libzvbi --enable-lv2 --enable-omx --enable-openal --enable-opencl --enable-opengl --enable-sdl2 --enable-mmal --enable-neon --enable-rpi --enable-v4l2-request --enable-libudev --enable-epoxy --enable-pocketsphinx --enable-libdc1394 --enable-libdrm --enable-vout-drm --enable-libiec61883 --enable-chromaprint --enable-frei0r --enable-libx264 --libdir=/usr/lib/arm-linux-gnueabihf/neon/vfp --cpu=cortex-a7 --arch=armv6t2 --disable-thumb --enable-shared --disable-doc --disable-programs
  swresample  configuration: --prefix=/usr --extra-version=0+deb11u1+rpt1 --toolchain=hardened --incdir=/usr/include/arm-linux-gnueabihf --enable-gpl --disable-stripping --enable-avresample --disable-filter=resample --enable-gnutls --enable-ladspa --enable-libaom --enable-libass --enable-libbluray --enable-libbs2b --enable-libcaca --enable-libcdio --enable-libcodec2 --enable-libdav1d --enable-libflite --enable-libfontconfig --enable-libfreetype --enable-libfribidi --enable-libgme --enable-libgsm --enable-libjack --enable-libmp3lame --enable-libmysofa --enable-libopenjpeg --enable-libopenmpt --enable-libopus --enable-libpulse --enable-librabbitmq --enable-librsvg --enable-librubberband --enable-libshine --enable-libsnappy --enable-libsoxr --enable-libspeex --enable-libsrt --enable-libssh --enable-libtheora --enable-libtwolame --enable-libvidstab --enable-libvorbis --enable-libvpx --enable-libwavpack --enable-libwebp --enable-libx265 --enable-libxml2 --enable-libxvid --enable-libzmq --enable-libzvbi --enable-lv2 --enable-omx --enable-openal --enable-opencl --enable-opengl --enable-sdl2 --enable-mmal --enable-neon --enable-rpi --enable-v4l2-request --enable-libudev --enable-epoxy --enable-pocketsphinx --enable-libdc1394 --enable-libdrm --enable-vout-drm --enable-libiec61883 --enable-chromaprint --enable-frei0r --enable-libx264 --libdir=/usr/lib/arm-linux-gnueabihf/neon/vfp --cpu=cortex-a7 --arch=armv6t2 --disable-thumb --enable-shared --disable-doc --disable-programs
  postproc    configuration: --prefix=/usr --extra-version=0+deb11u1+rpt1 --toolchain=hardened --incdir=/usr/include/arm-linux-gnueabihf --enable-gpl --disable-stripping --enable-avresample --disable-filter=resample --enable-gnutls --enable-ladspa --enable-libaom --enable-libass --enable-libbluray --enable-libbs2b --enable-libcaca --enable-libcdio --enable-libcodec2 --enable-libdav1d --enable-libflite --enable-libfontconfig --enable-libfreetype --enable-libfribidi --enable-libgme --enable-libgsm --enable-libjack --enable-libmp3lame --enable-libmysofa --enable-libopenjpeg --enable-libopenmpt --enable-libopus --enable-libpulse --enable-librabbitmq --enable-librsvg --enable-librubberband --enable-libshine --enable-libsnappy --enable-libsoxr --enable-libspeex --enable-libsrt --enable-libssh --enable-libtheora --enable-libtwolame --enable-libvidstab --enable-libvorbis --enable-libvpx --enable-libwavpack --enable-libwebp --enable-libx265 --enable-libxml2 --enable-libxvid --enable-libzmq --enable-libzvbi --enable-lv2 --enable-omx --enable-openal --enable-opencl --enable-opengl --enable-sdl2 --enable-mmal --enable-neon --enable-rpi --enable-v4l2-request --enable-libudev --enable-epoxy --enable-pocketsphinx --enable-libdc1394 --enable-libdrm --enable-vout-drm --enable-libiec61883 --enable-chromaprint --enable-frei0r --enable-libx264 --libdir=/usr/lib/arm-linux-gnueabihf/neon/vfp --cpu=cortex-a7 --arch=armv6t2 --disable-thumb --enable-shared --disable-doc --disable-programs
  libavutil      56. 51.100 / 56. 51.100
  libavcodec     58. 91.100 / 58. 91.100
  libavformat    58. 45.100 / 58. 45.100
  libavdevice    58. 10.100 / 58. 10.100
  libavfilter     7. 85.100 /  7. 85.100
  libavresample   4.  0.  0 /  4.  0.  0
  libswscale      5.  7.100 /  5.  7.100
  libswresample   3.  7.100 /  3.  7.100
  libpostproc    55.  7.100 / 55.  7.100
Input #0, concat, from '/tmp/tmp.CAiIHr5Bsd':
  Duration: N/A, start: 0.000000, bitrate: N/A
    Stream #0:0: Video: mjpeg (Baseline), yuvj420p(pc, bt470bg/unknown/unknown), 640x480 [SAR 96:96 DAR 4:3], 25 tbr, 25 tbn, 25 tbc
Stream mapping:
  Stream #0:0 -> #0:0 (mjpeg (native) -> gif (native))
Press [q] to stop, [?] for help
[swscaler @ 0x18e7890] deprecated pixel format used, make sure you did set range correctly
[swscaler @ 0x18e7890] No accelerated colorspace conversion found from yuv420p to bgr8.
Output #0, gif, to '/tmp/tmp.I7yXgAWZ3q.gif':
  Metadata:
    encoder         : Lavf58.45.100
    Stream #0:0: Video: gif, bgr8, 640x480 [SAR 1:1 DAR 4:3], q=2-31, 200 kb/s, 6 fps, 100 tbn, 6 tbc
    Metadata:
      encoder         : Lavc58.91.100 gif
[swscaler @ 0x18e7890] deprecated pixel format used, make sure you did set range correctly
[swscaler @ 0x18cd180] deprecated pixel format used, make sure you did set range correctly
frame=    2 fps=0.0 q=-0.0 Lsize=      83kB time=00:00:00.34 bitrate=1987.8kbits/s speed=3.54x    
video:82kB audio:0kB subtitle:0kB other streams:0kB global headers:0kB muxing overhead: 0.023679%
[2026-07-17 15:10:53] Rebuilt timelapse.gif
[main d23b8f9] Daily image: 2026-07-17 15:10:51
 2 files changed, 0 insertions(+), 0 deletions(-)
 rewrite images/2026-07-17.jpg (97%)
 rewrite timelapse.gif (97%)
From github.com:UWIN-Dev/UWIN-Dev.github.io
 * branch            main       -> FETCH_HEAD
Current branch main is up to date.
To github.com:UWIN-Dev/UWIN-Dev.github.io.git
   754ce1f..d23b8f9  main -> main
[2026-07-17 15:11:00] === Successfully pushed 2026-07-17.jpg (and timelapse.gif) to main ===
[2026-07-17 15:14:09] === Starting daily capture for 2026-07-17 ===
[1m--- Opening /dev/video0...
[0m[0mTrying source module v4l2...
[0m[0m/dev/video0 opened.
[0m[0mNo input was specified, using the first.
[0m[1m--- Capturing frame...
[0m[0mSkipping 5 frames...
[0m[0mCapturing 1 frames...
[0m[0mCaptured 6 frames in 0.16 seconds. (38 fps)
[0m[1m--- Processing captured image...
[0m[0mDisabling banner.
[0m[0mSetting output format to JPEG, quality 85
[0m[0mWriting JPEG image to '/home/csic/grow-beyond-earth/images/2026-07-17.jpg'.
[0m[2026-07-17 15:14:10] Captured 2026-07-17.jpg
[2026-07-17 15:14:11] Regenerated manifest.json (entries: 2)
ffmpeg version 4.3.9-0+deb11u1+rpt1 Copyright (c) 2000-2025 the FFmpeg developers
  built with gcc 10 (Raspbian 10.2.1-6+rpi1)
  configuration: --prefix=/usr --extra-version=0+deb11u1+rpt1 --toolchain=hardened --incdir=/usr/include/arm-linux-gnueabihf --enable-gpl --disable-stripping --enable-avresample --disable-filter=resample --enable-gnutls --enable-ladspa --enable-libaom --enable-libass --enable-libbluray --enable-libbs2b --enable-libcaca --enable-libcdio --enable-libcodec2 --enable-libdav1d --enable-libflite --enable-libfontconfig --enable-libfreetype --enable-libfribidi --enable-libgme --enable-libgsm --enable-libjack --enable-libmp3lame --enable-libmysofa --enable-libopenjpeg --enable-libopenmpt --enable-libopus --enable-libpulse --enable-librabbitmq --enable-librsvg --enable-librubberband --enable-libshine --enable-libsnappy --enable-libsoxr --enable-libspeex --enable-libsrt --enable-libssh --enable-libtheora --enable-libtwolame --enable-libvidstab --enable-libvorbis --enable-libvpx --enable-libwavpack --enable-libwebp --enable-libx265 --enable-libxml2 --enable-libxvid --enable-libzmq --enable-libzvbi --enable-lv2 --enable-omx --enable-openal --enable-opencl --enable-opengl --enable-sdl2 --enable-mmal --enable-neon --enable-rpi --enable-v4l2-request --enable-libudev --enable-epoxy --enable-pocketsphinx --enable-libdc1394 --enable-libdrm --enable-vout-drm --enable-libiec61883 --enable-chromaprint --enable-frei0r --enable-libx264 --enable-shared --libdir=/usr/lib/arm-linux-gnueabihf --cpu=arm1176jzf-s --arch=arm
  WARNING: library configuration mismatch
  avutil      configuration: --prefix=/usr --extra-version=0+deb11u1+rpt1 --toolchain=hardened --incdir=/usr/include/arm-linux-gnueabihf --enable-gpl --disable-stripping --enable-avresample --disable-filter=resample --enable-gnutls --enable-ladspa --enable-libaom --enable-libass --enable-libbluray --enable-libbs2b --enable-libcaca --enable-libcdio --enable-libcodec2 --enable-libdav1d --enable-libflite --enable-libfontconfig --enable-libfreetype --enable-libfribidi --enable-libgme --enable-libgsm --enable-libjack --enable-libmp3lame --enable-libmysofa --enable-libopenjpeg --enable-libopenmpt --enable-libopus --enable-libpulse --enable-librabbitmq --enable-librsvg --enable-librubberband --enable-libshine --enable-libsnappy --enable-libsoxr --enable-libspeex --enable-libsrt --enable-libssh --enable-libtheora --enable-libtwolame --enable-libvidstab --enable-libvorbis --enable-libvpx --enable-libwavpack --enable-libwebp --enable-libx265 --enable-libxml2 --enable-libxvid --enable-libzmq --enable-libzvbi --enable-lv2 --enable-omx --enable-openal --enable-opencl --enable-opengl --enable-sdl2 --enable-mmal --enable-neon --enable-rpi --enable-v4l2-request --enable-libudev --enable-epoxy --enable-pocketsphinx --enable-libdc1394 --enable-libdrm --enable-vout-drm --enable-libiec61883 --enable-chromaprint --enable-frei0r --enable-libx264 --libdir=/usr/lib/arm-linux-gnueabihf/neon/vfp --cpu=cortex-a7 --arch=armv6t2 --disable-thumb --enable-shared --disable-doc --disable-programs
  avcodec     configuration: --prefix=/usr --extra-version=0+deb11u1+rpt1 --toolchain=hardened --incdir=/usr/include/arm-linux-gnueabihf --enable-gpl --disable-stripping --enable-avresample --disable-filter=resample --enable-gnutls --enable-ladspa --enable-libaom --enable-libass --enable-libbluray --enable-libbs2b --enable-libcaca --enable-libcdio --enable-libcodec2 --enable-libdav1d --enable-libflite --enable-libfontconfig --enable-libfreetype --enable-libfribidi --enable-libgme --enable-libgsm --enable-libjack --enable-libmp3lame --enable-libmysofa --enable-libopenjpeg --enable-libopenmpt --enable-libopus --enable-libpulse --enable-librabbitmq --enable-librsvg --enable-librubberband --enable-libshine --enable-libsnappy --enable-libsoxr --enable-libspeex --enable-libsrt --enable-libssh --enable-libtheora --enable-libtwolame --enable-libvidstab --enable-libvorbis --enable-libvpx --enable-libwavpack --enable-libwebp --enable-libx265 --enable-libxml2 --enable-libxvid --enable-libzmq --enable-libzvbi --enable-lv2 --enable-omx --enable-openal --enable-opencl --enable-opengl --enable-sdl2 --enable-mmal --enable-neon --enable-rpi --enable-v4l2-request --enable-libudev --enable-epoxy --enable-pocketsphinx --enable-libdc1394 --enable-libdrm --enable-vout-drm --enable-libiec61883 --enable-chromaprint --enable-frei0r --enable-libx264 --libdir=/usr/lib/arm-linux-gnueabihf/neon/vfp --cpu=cortex-a7 --arch=armv6t2 --disable-thumb --enable-shared --disable-doc --disable-programs
  avformat    configuration: --prefix=/usr --extra-version=0+deb11u1+rpt1 --toolchain=hardened --incdir=/usr/include/arm-linux-gnueabihf --enable-gpl --disable-stripping --enable-avresample --disable-filter=resample --enable-gnutls --enable-ladspa --enable-libaom --enable-libass --enable-libbluray --enable-libbs2b --enable-libcaca --enable-libcdio --enable-libcodec2 --enable-libdav1d --enable-libflite --enable-libfontconfig --enable-libfreetype --enable-libfribidi --enable-libgme --enable-libgsm --enable-libjack --enable-libmp3lame --enable-libmysofa --enable-libopenjpeg --enable-libopenmpt --enable-libopus --enable-libpulse --enable-librabbitmq --enable-librsvg --enable-librubberband --enable-libshine --enable-libsnappy --enable-libsoxr --enable-libspeex --enable-libsrt --enable-libssh --enable-libtheora --enable-libtwolame --enable-libvidstab --enable-libvorbis --enable-libvpx --enable-libwavpack --enable-libwebp --enable-libx265 --enable-libxml2 --enable-libxvid --enable-libzmq --enable-libzvbi --enable-lv2 --enable-omx --enable-openal --enable-opencl --enable-opengl --enable-sdl2 --enable-mmal --enable-neon --enable-rpi --enable-v4l2-request --enable-libudev --enable-epoxy --enable-pocketsphinx --enable-libdc1394 --enable-libdrm --enable-vout-drm --enable-libiec61883 --enable-chromaprint --enable-frei0r --enable-libx264 --libdir=/usr/lib/arm-linux-gnueabihf/neon/vfp --cpu=cortex-a7 --arch=armv6t2 --disable-thumb --enable-shared --disable-doc --disable-programs
  avdevice    configuration: --prefix=/usr --extra-version=0+deb11u1+rpt1 --toolchain=hardened --incdir=/usr/include/arm-linux-gnueabihf --enable-gpl --disable-stripping --enable-avresample --disable-filter=resample --enable-gnutls --enable-ladspa --enable-libaom --enable-libass --enable-libbluray --enable-libbs2b --enable-libcaca --enable-libcdio --enable-libcodec2 --enable-libdav1d --enable-libflite --enable-libfontconfig --enable-libfreetype --enable-libfribidi --enable-libgme --enable-libgsm --enable-libjack --enable-libmp3lame --enable-libmysofa --enable-libopenjpeg --enable-libopenmpt --enable-libopus --enable-libpulse --enable-librabbitmq --enable-librsvg --enable-librubberband --enable-libshine --enable-libsnappy --enable-libsoxr --enable-libspeex --enable-libsrt --enable-libssh --enable-libtheora --enable-libtwolame --enable-libvidstab --enable-libvorbis --enable-libvpx --enable-libwavpack --enable-libwebp --enable-libx265 --enable-libxml2 --enable-libxvid --enable-libzmq --enable-libzvbi --enable-lv2 --enable-omx --enable-openal --enable-opencl --enable-opengl --enable-sdl2 --enable-mmal --enable-neon --enable-rpi --enable-v4l2-request --enable-libudev --enable-epoxy --enable-pocketsphinx --enable-libdc1394 --enable-libdrm --enable-vout-drm --enable-libiec61883 --enable-chromaprint --enable-frei0r --enable-libx264 --libdir=/usr/lib/arm-linux-gnueabihf/neon/vfp --cpu=cortex-a7 --arch=armv6t2 --disable-thumb --enable-shared --disable-doc --disable-programs
  avfilter    configuration: --prefix=/usr --extra-version=0+deb11u1+rpt1 --toolchain=hardened --incdir=/usr/include/arm-linux-gnueabihf --enable-gpl --disable-stripping --enable-avresample --disable-filter=resample --enable-gnutls --enable-ladspa --enable-libaom --enable-libass --enable-libbluray --enable-libbs2b --enable-libcaca --enable-libcdio --enable-libcodec2 --enable-libdav1d --enable-libflite --enable-libfontconfig --enable-libfreetype --enable-libfribidi --enable-libgme --enable-libgsm --enable-libjack --enable-libmp3lame --enable-libmysofa --enable-libopenjpeg --enable-libopenmpt --enable-libopus --enable-libpulse --enable-librabbitmq --enable-librsvg --enable-librubberband --enable-libshine --enable-libsnappy --enable-libsoxr --enable-libspeex --enable-libsrt --enable-libssh --enable-libtheora --enable-libtwolame --enable-libvidstab --enable-libvorbis --enable-libvpx --enable-libwavpack --enable-libwebp --enable-libx265 --enable-libxml2 --enable-libxvid --enable-libzmq --enable-libzvbi --enable-lv2 --enable-omx --enable-openal --enable-opencl --enable-opengl --enable-sdl2 --enable-mmal --enable-neon --enable-rpi --enable-v4l2-request --enable-libudev --enable-epoxy --enable-pocketsphinx --enable-libdc1394 --enable-libdrm --enable-vout-drm --enable-libiec61883 --enable-chromaprint --enable-frei0r --enable-libx264 --libdir=/usr/lib/arm-linux-gnueabihf/neon/vfp --cpu=cortex-a7 --arch=armv6t2 --disable-thumb --enable-shared --disable-doc --disable-programs
  avresample  configuration: --prefix=/usr --extra-version=0+deb11u1+rpt1 --toolchain=hardened --incdir=/usr/include/arm-linux-gnueabihf --enable-gpl --disable-stripping --enable-avresample --disable-filter=resample --enable-gnutls --enable-ladspa --enable-libaom --enable-libass --enable-libbluray --enable-libbs2b --enable-libcaca --enable-libcdio --enable-libcodec2 --enable-libdav1d --enable-libflite --enable-libfontconfig --enable-libfreetype --enable-libfribidi --enable-libgme --enable-libgsm --enable-libjack --enable-libmp3lame --enable-libmysofa --enable-libopenjpeg --enable-libopenmpt --enable-libopus --enable-libpulse --enable-librabbitmq --enable-librsvg --enable-librubberband --enable-libshine --enable-libsnappy --enable-libsoxr --enable-libspeex --enable-libsrt --enable-libssh --enable-libtheora --enable-libtwolame --enable-libvidstab --enable-libvorbis --enable-libvpx --enable-libwavpack --enable-libwebp --enable-libx265 --enable-libxml2 --enable-libxvid --enable-libzmq --enable-libzvbi --enable-lv2 --enable-omx --enable-openal --enable-opencl --enable-opengl --enable-sdl2 --enable-mmal --enable-neon --enable-rpi --enable-v4l2-request --enable-libudev --enable-epoxy --enable-pocketsphinx --enable-libdc1394 --enable-libdrm --enable-vout-drm --enable-libiec61883 --enable-chromaprint --enable-frei0r --enable-libx264 --libdir=/usr/lib/arm-linux-gnueabihf/neon/vfp --cpu=cortex-a7 --arch=armv6t2 --disable-thumb --enable-shared --disable-doc --disable-programs
  swscale     configuration: --prefix=/usr --extra-version=0+deb11u1+rpt1 --toolchain=hardened --incdir=/usr/include/arm-linux-gnueabihf --enable-gpl --disable-stripping --enable-avresample --disable-filter=resample --enable-gnutls --enable-ladspa --enable-libaom --enable-libass --enable-libbluray --enable-libbs2b --enable-libcaca --enable-libcdio --enable-libcodec2 --enable-libdav1d --enable-libflite --enable-libfontconfig --enable-libfreetype --enable-libfribidi --enable-libgme --enable-libgsm --enable-libjack --enable-libmp3lame --enable-libmysofa --enable-libopenjpeg --enable-libopenmpt --enable-libopus --enable-libpulse --enable-librabbitmq --enable-librsvg --enable-librubberband --enable-libshine --enable-libsnappy --enable-libsoxr --enable-libspeex --enable-libsrt --enable-libssh --enable-libtheora --enable-libtwolame --enable-libvidstab --enable-libvorbis --enable-libvpx --enable-libwavpack --enable-libwebp --enable-libx265 --enable-libxml2 --enable-libxvid --enable-libzmq --enable-libzvbi --enable-lv2 --enable-omx --enable-openal --enable-opencl --enable-opengl --enable-sdl2 --enable-mmal --enable-neon --enable-rpi --enable-v4l2-request --enable-libudev --enable-epoxy --enable-pocketsphinx --enable-libdc1394 --enable-libdrm --enable-vout-drm --enable-libiec61883 --enable-chromaprint --enable-frei0r --enable-libx264 --libdir=/usr/lib/arm-linux-gnueabihf/neon/vfp --cpu=cortex-a7 --arch=armv6t2 --disable-thumb --enable-shared --disable-doc --disable-programs
  swresample  configuration: --prefix=/usr --extra-version=0+deb11u1+rpt1 --toolchain=hardened --incdir=/usr/include/arm-linux-gnueabihf --enable-gpl --disable-stripping --enable-avresample --disable-filter=resample --enable-gnutls --enable-ladspa --enable-libaom --enable-libass --enable-libbluray --enable-libbs2b --enable-libcaca --enable-libcdio --enable-libcodec2 --enable-libdav1d --enable-libflite --enable-libfontconfig --enable-libfreetype --enable-libfribidi --enable-libgme --enable-libgsm --enable-libjack --enable-libmp3lame --enable-libmysofa --enable-libopenjpeg --enable-libopenmpt --enable-libopus --enable-libpulse --enable-librabbitmq --enable-librsvg --enable-librubberband --enable-libshine --enable-libsnappy --enable-libsoxr --enable-libspeex --enable-libsrt --enable-libssh --enable-libtheora --enable-libtwolame --enable-libvidstab --enable-libvorbis --enable-libvpx --enable-libwavpack --enable-libwebp --enable-libx265 --enable-libxml2 --enable-libxvid --enable-libzmq --enable-libzvbi --enable-lv2 --enable-omx --enable-openal --enable-opencl --enable-opengl --enable-sdl2 --enable-mmal --enable-neon --enable-rpi --enable-v4l2-request --enable-libudev --enable-epoxy --enable-pocketsphinx --enable-libdc1394 --enable-libdrm --enable-vout-drm --enable-libiec61883 --enable-chromaprint --enable-frei0r --enable-libx264 --libdir=/usr/lib/arm-linux-gnueabihf/neon/vfp --cpu=cortex-a7 --arch=armv6t2 --disable-thumb --enable-shared --disable-doc --disable-programs
  postproc    configuration: --prefix=/usr --extra-version=0+deb11u1+rpt1 --toolchain=hardened --incdir=/usr/include/arm-linux-gnueabihf --enable-gpl --disable-stripping --enable-avresample --disable-filter=resample --enable-gnutls --enable-ladspa --enable-libaom --enable-libass --enable-libbluray --enable-libbs2b --enable-libcaca --enable-libcdio --enable-libcodec2 --enable-libdav1d --enable-libflite --enable-libfontconfig --enable-libfreetype --enable-libfribidi --enable-libgme --enable-libgsm --enable-libjack --enable-libmp3lame --enable-libmysofa --enable-libopenjpeg --enable-libopenmpt --enable-libopus --enable-libpulse --enable-librabbitmq --enable-librsvg --enable-librubberband --enable-libshine --enable-libsnappy --enable-libsoxr --enable-libspeex --enable-libsrt --enable-libssh --enable-libtheora --enable-libtwolame --enable-libvidstab --enable-libvorbis --enable-libvpx --enable-libwavpack --enable-libwebp --enable-libx265 --enable-libxml2 --enable-libxvid --enable-libzmq --enable-libzvbi --enable-lv2 --enable-omx --enable-openal --enable-opencl --enable-opengl --enable-sdl2 --enable-mmal --enable-neon --enable-rpi --enable-v4l2-request --enable-libudev --enable-epoxy --enable-pocketsphinx --enable-libdc1394 --enable-libdrm --enable-vout-drm --enable-libiec61883 --enable-chromaprint --enable-frei0r --enable-libx264 --libdir=/usr/lib/arm-linux-gnueabihf/neon/vfp --cpu=cortex-a7 --arch=armv6t2 --disable-thumb --enable-shared --disable-doc --disable-programs
  libavutil      56. 51.100 / 56. 51.100
  libavcodec     58. 91.100 / 58. 91.100
  libavformat    58. 45.100 / 58. 45.100
  libavdevice    58. 10.100 / 58. 10.100
  libavfilter     7. 85.100 /  7. 85.100
  libavresample   4.  0.  0 /  4.  0.  0
  libswscale      5.  7.100 /  5.  7.100
  libswresample   3.  7.100 /  3.  7.100
  libpostproc    55.  7.100 / 55.  7.100
Input #0, concat, from '/tmp/tmp.aZGlQC42pe':
  Duration: N/A, start: 0.000000, bitrate: N/A
    Stream #0:0: Video: mjpeg (Baseline), yuvj420p(pc, bt470bg/unknown/unknown), 640x480 [SAR 96:96 DAR 4:3], 25 tbr, 25 tbn, 25 tbc
Stream mapping:
  Stream #0:0 -> #0:0 (mjpeg (native) -> gif (native))
Press [q] to stop, [?] for help
[swscaler @ 0x1cb6890] deprecated pixel format used, make sure you did set range correctly
[swscaler @ 0x1cb6890] No accelerated colorspace conversion found from yuv420p to bgr8.
Output #0, gif, to '/tmp/tmp.wJt5JrFFIt.gif':
  Metadata:
    encoder         : Lavf58.45.100
    Stream #0:0: Video: gif, bgr8, 640x480 [SAR 1:1 DAR 4:3], q=2-31, 200 kb/s, 6 fps, 100 tbn, 6 tbc
    Metadata:
      encoder         : Lavc58.91.100 gif
[swscaler @ 0x1cb6890] deprecated pixel format used, make sure you did set range correctly
[swscaler @ 0x1c9c180] deprecated pixel format used, make sure you did set range correctly
frame=    2 fps=0.0 q=-0.0 Lsize=      81kB time=00:00:00.34 bitrate=1942.8kbits/s speed=3.59x    
video:81kB audio:0kB subtitle:0kB other streams:0kB global headers:0kB muxing overhead: 0.024227%
[2026-07-17 15:14:11] Rebuilt timelapse.gif
[main 8db8c0a] Daily image: 2026-07-17 15:14:09
 2 files changed, 0 insertions(+), 0 deletions(-)
 rewrite images/2026-07-17.jpg (97%)
 rewrite timelapse.gif (98%)
From github.com:UWIN-Dev/UWIN-Dev.github.io
 * branch            main       -> FETCH_HEAD
Current branch main is up to date.
To github.com:UWIN-Dev/UWIN-Dev.github.io.git
   d23b8f9..8db8c0a  main -> main
[2026-07-17 15:14:14] === Successfully pushed 2026-07-17.jpg (and timelapse.gif) to main ===
[2026-07-17 15:18:39] === Starting daily capture for 2026-07-17 ===
[1m--- Opening /dev/video0...
[0m[0mTrying source module v4l2...
[0m[0m/dev/video0 opened.
[0m[0mNo input was specified, using the first.
[0m[1m--- Capturing frame...
[0m[0mSkipping 5 frames...
[0m[0mCapturing 1 frames...
[0m[0mCaptured 6 frames in 0.16 seconds. (38 fps)
[0m[1m--- Processing captured image...
[0m[0mDisabling banner.
[0m[0mSetting output format to JPEG, quality 85
[0m[0mWriting JPEG image to '/home/csic/grow-beyond-earth/images/2026-07-17.jpg'.
[0m[2026-07-17 15:18:40] Captured 2026-07-17.jpg
[2026-07-17 15:18:40] Regenerated manifest.json (entries: 2)
ffmpeg version 4.3.9-0+deb11u1+rpt1 Copyright (c) 2000-2025 the FFmpeg developers
  built with gcc 10 (Raspbian 10.2.1-6+rpi1)
  configuration: --prefix=/usr --extra-version=0+deb11u1+rpt1 --toolchain=hardened --incdir=/usr/include/arm-linux-gnueabihf --enable-gpl --disable-stripping --enable-avresample --disable-filter=resample --enable-gnutls --enable-ladspa --enable-libaom --enable-libass --enable-libbluray --enable-libbs2b --enable-libcaca --enable-libcdio --enable-libcodec2 --enable-libdav1d --enable-libflite --enable-libfontconfig --enable-libfreetype --enable-libfribidi --enable-libgme --enable-libgsm --enable-libjack --enable-libmp3lame --enable-libmysofa --enable-libopenjpeg --enable-libopenmpt --enable-libopus --enable-libpulse --enable-librabbitmq --enable-librsvg --enable-librubberband --enable-libshine --enable-libsnappy --enable-libsoxr --enable-libspeex --enable-libsrt --enable-libssh --enable-libtheora --enable-libtwolame --enable-libvidstab --enable-libvorbis --enable-libvpx --enable-libwavpack --enable-libwebp --enable-libx265 --enable-libxml2 --enable-libxvid --enable-libzmq --enable-libzvbi --enable-lv2 --enable-omx --enable-openal --enable-opencl --enable-opengl --enable-sdl2 --enable-mmal --enable-neon --enable-rpi --enable-v4l2-request --enable-libudev --enable-epoxy --enable-pocketsphinx --enable-libdc1394 --enable-libdrm --enable-vout-drm --enable-libiec61883 --enable-chromaprint --enable-frei0r --enable-libx264 --enable-shared --libdir=/usr/lib/arm-linux-gnueabihf --cpu=arm1176jzf-s --arch=arm
  WARNING: library configuration mismatch
  avutil      configuration: --prefix=/usr --extra-version=0+deb11u1+rpt1 --toolchain=hardened --incdir=/usr/include/arm-linux-gnueabihf --enable-gpl --disable-stripping --enable-avresample --disable-filter=resample --enable-gnutls --enable-ladspa --enable-libaom --enable-libass --enable-libbluray --enable-libbs2b --enable-libcaca --enable-libcdio --enable-libcodec2 --enable-libdav1d --enable-libflite --enable-libfontconfig --enable-libfreetype --enable-libfribidi --enable-libgme --enable-libgsm --enable-libjack --enable-libmp3lame --enable-libmysofa --enable-libopenjpeg --enable-libopenmpt --enable-libopus --enable-libpulse --enable-librabbitmq --enable-librsvg --enable-librubberband --enable-libshine --enable-libsnappy --enable-libsoxr --enable-libspeex --enable-libsrt --enable-libssh --enable-libtheora --enable-libtwolame --enable-libvidstab --enable-libvorbis --enable-libvpx --enable-libwavpack --enable-libwebp --enable-libx265 --enable-libxml2 --enable-libxvid --enable-libzmq --enable-libzvbi --enable-lv2 --enable-omx --enable-openal --enable-opencl --enable-opengl --enable-sdl2 --enable-mmal --enable-neon --enable-rpi --enable-v4l2-request --enable-libudev --enable-epoxy --enable-pocketsphinx --enable-libdc1394 --enable-libdrm --enable-vout-drm --enable-libiec61883 --enable-chromaprint --enable-frei0r --enable-libx264 --libdir=/usr/lib/arm-linux-gnueabihf/neon/vfp --cpu=cortex-a7 --arch=armv6t2 --disable-thumb --enable-shared --disable-doc --disable-programs
  avcodec     configuration: --prefix=/usr --extra-version=0+deb11u1+rpt1 --toolchain=hardened --incdir=/usr/include/arm-linux-gnueabihf --enable-gpl --disable-stripping --enable-avresample --disable-filter=resample --enable-gnutls --enable-ladspa --enable-libaom --enable-libass --enable-libbluray --enable-libbs2b --enable-libcaca --enable-libcdio --enable-libcodec2 --enable-libdav1d --enable-libflite --enable-libfontconfig --enable-libfreetype --enable-libfribidi --enable-libgme --enable-libgsm --enable-libjack --enable-libmp3lame --enable-libmysofa --enable-libopenjpeg --enable-libopenmpt --enable-libopus --enable-libpulse --enable-librabbitmq --enable-librsvg --enable-librubberband --enable-libshine --enable-libsnappy --enable-libsoxr --enable-libspeex --enable-libsrt --enable-libssh --enable-libtheora --enable-libtwolame --enable-libvidstab --enable-libvorbis --enable-libvpx --enable-libwavpack --enable-libwebp --enable-libx265 --enable-libxml2 --enable-libxvid --enable-libzmq --enable-libzvbi --enable-lv2 --enable-omx --enable-openal --enable-opencl --enable-opengl --enable-sdl2 --enable-mmal --enable-neon --enable-rpi --enable-v4l2-request --enable-libudev --enable-epoxy --enable-pocketsphinx --enable-libdc1394 --enable-libdrm --enable-vout-drm --enable-libiec61883 --enable-chromaprint --enable-frei0r --enable-libx264 --libdir=/usr/lib/arm-linux-gnueabihf/neon/vfp --cpu=cortex-a7 --arch=armv6t2 --disable-thumb --enable-shared --disable-doc --disable-programs
  avformat    configuration: --prefix=/usr --extra-version=0+deb11u1+rpt1 --toolchain=hardened --incdir=/usr/include/arm-linux-gnueabihf --enable-gpl --disable-stripping --enable-avresample --disable-filter=resample --enable-gnutls --enable-ladspa --enable-libaom --enable-libass --enable-libbluray --enable-libbs2b --enable-libcaca --enable-libcdio --enable-libcodec2 --enable-libdav1d --enable-libflite --enable-libfontconfig --enable-libfreetype --enable-libfribidi --enable-libgme --enable-libgsm --enable-libjack --enable-libmp3lame --enable-libmysofa --enable-libopenjpeg --enable-libopenmpt --enable-libopus --enable-libpulse --enable-librabbitmq --enable-librsvg --enable-librubberband --enable-libshine --enable-libsnappy --enable-libsoxr --enable-libspeex --enable-libsrt --enable-libssh --enable-libtheora --enable-libtwolame --enable-libvidstab --enable-libvorbis --enable-libvpx --enable-libwavpack --enable-libwebp --enable-libx265 --enable-libxml2 --enable-libxvid --enable-libzmq --enable-libzvbi --enable-lv2 --enable-omx --enable-openal --enable-opencl --enable-opengl --enable-sdl2 --enable-mmal --enable-neon --enable-rpi --enable-v4l2-request --enable-libudev --enable-epoxy --enable-pocketsphinx --enable-libdc1394 --enable-libdrm --enable-vout-drm --enable-libiec61883 --enable-chromaprint --enable-frei0r --enable-libx264 --libdir=/usr/lib/arm-linux-gnueabihf/neon/vfp --cpu=cortex-a7 --arch=armv6t2 --disable-thumb --enable-shared --disable-doc --disable-programs
  avdevice    configuration: --prefix=/usr --extra-version=0+deb11u1+rpt1 --toolchain=hardened --incdir=/usr/include/arm-linux-gnueabihf --enable-gpl --disable-stripping --enable-avresample --disable-filter=resample --enable-gnutls --enable-ladspa --enable-libaom --enable-libass --enable-libbluray --enable-libbs2b --enable-libcaca --enable-libcdio --enable-libcodec2 --enable-libdav1d --enable-libflite --enable-libfontconfig --enable-libfreetype --enable-libfribidi --enable-libgme --enable-libgsm --enable-libjack --enable-libmp3lame --enable-libmysofa --enable-libopenjpeg --enable-libopenmpt --enable-libopus --enable-libpulse --enable-librabbitmq --enable-librsvg --enable-librubberband --enable-libshine --enable-libsnappy --enable-libsoxr --enable-libspeex --enable-libsrt --enable-libssh --enable-libtheora --enable-libtwolame --enable-libvidstab --enable-libvorbis --enable-libvpx --enable-libwavpack --enable-libwebp --enable-libx265 --enable-libxml2 --enable-libxvid --enable-libzmq --enable-libzvbi --enable-lv2 --enable-omx --enable-openal --enable-opencl --enable-opengl --enable-sdl2 --enable-mmal --enable-neon --enable-rpi --enable-v4l2-request --enable-libudev --enable-epoxy --enable-pocketsphinx --enable-libdc1394 --enable-libdrm --enable-vout-drm --enable-libiec61883 --enable-chromaprint --enable-frei0r --enable-libx264 --libdir=/usr/lib/arm-linux-gnueabihf/neon/vfp --cpu=cortex-a7 --arch=armv6t2 --disable-thumb --enable-shared --disable-doc --disable-programs
  avfilter    configuration: --prefix=/usr --extra-version=0+deb11u1+rpt1 --toolchain=hardened --incdir=/usr/include/arm-linux-gnueabihf --enable-gpl --disable-stripping --enable-avresample --disable-filter=resample --enable-gnutls --enable-ladspa --enable-libaom --enable-libass --enable-libbluray --enable-libbs2b --enable-libcaca --enable-libcdio --enable-libcodec2 --enable-libdav1d --enable-libflite --enable-libfontconfig --enable-libfreetype --enable-libfribidi --enable-libgme --enable-libgsm --enable-libjack --enable-libmp3lame --enable-libmysofa --enable-libopenjpeg --enable-libopenmpt --enable-libopus --enable-libpulse --enable-librabbitmq --enable-librsvg --enable-librubberband --enable-libshine --enable-libsnappy --enable-libsoxr --enable-libspeex --enable-libsrt --enable-libssh --enable-libtheora --enable-libtwolame --enable-libvidstab --enable-libvorbis --enable-libvpx --enable-libwavpack --enable-libwebp --enable-libx265 --enable-libxml2 --enable-libxvid --enable-libzmq --enable-libzvbi --enable-lv2 --enable-omx --enable-openal --enable-opencl --enable-opengl --enable-sdl2 --enable-mmal --enable-neon --enable-rpi --enable-v4l2-request --enable-libudev --enable-epoxy --enable-pocketsphinx --enable-libdc1394 --enable-libdrm --enable-vout-drm --enable-libiec61883 --enable-chromaprint --enable-frei0r --enable-libx264 --libdir=/usr/lib/arm-linux-gnueabihf/neon/vfp --cpu=cortex-a7 --arch=armv6t2 --disable-thumb --enable-shared --disable-doc --disable-programs
  avresample  configuration: --prefix=/usr --extra-version=0+deb11u1+rpt1 --toolchain=hardened --incdir=/usr/include/arm-linux-gnueabihf --enable-gpl --disable-stripping --enable-avresample --disable-filter=resample --enable-gnutls --enable-ladspa --enable-libaom --enable-libass --enable-libbluray --enable-libbs2b --enable-libcaca --enable-libcdio --enable-libcodec2 --enable-libdav1d --enable-libflite --enable-libfontconfig --enable-libfreetype --enable-libfribidi --enable-libgme --enable-libgsm --enable-libjack --enable-libmp3lame --enable-libmysofa --enable-libopenjpeg --enable-libopenmpt --enable-libopus --enable-libpulse --enable-librabbitmq --enable-librsvg --enable-librubberband --enable-libshine --enable-libsnappy --enable-libsoxr --enable-libspeex --enable-libsrt --enable-libssh --enable-libtheora --enable-libtwolame --enable-libvidstab --enable-libvorbis --enable-libvpx --enable-libwavpack --enable-libwebp --enable-libx265 --enable-libxml2 --enable-libxvid --enable-libzmq --enable-libzvbi --enable-lv2 --enable-omx --enable-openal --enable-opencl --enable-opengl --enable-sdl2 --enable-mmal --enable-neon --enable-rpi --enable-v4l2-request --enable-libudev --enable-epoxy --enable-pocketsphinx --enable-libdc1394 --enable-libdrm --enable-vout-drm --enable-libiec61883 --enable-chromaprint --enable-frei0r --enable-libx264 --libdir=/usr/lib/arm-linux-gnueabihf/neon/vfp --cpu=cortex-a7 --arch=armv6t2 --disable-thumb --enable-shared --disable-doc --disable-programs
  swscale     configuration: --prefix=/usr --extra-version=0+deb11u1+rpt1 --toolchain=hardened --incdir=/usr/include/arm-linux-gnueabihf --enable-gpl --disable-stripping --enable-avresample --disable-filter=resample --enable-gnutls --enable-ladspa --enable-libaom --enable-libass --enable-libbluray --enable-libbs2b --enable-libcaca --enable-libcdio --enable-libcodec2 --enable-libdav1d --enable-libflite --enable-libfontconfig --enable-libfreetype --enable-libfribidi --enable-libgme --enable-libgsm --enable-libjack --enable-libmp3lame --enable-libmysofa --enable-libopenjpeg --enable-libopenmpt --enable-libopus --enable-libpulse --enable-librabbitmq --enable-librsvg --enable-librubberband --enable-libshine --enable-libsnappy --enable-libsoxr --enable-libspeex --enable-libsrt --enable-libssh --enable-libtheora --enable-libtwolame --enable-libvidstab --enable-libvorbis --enable-libvpx --enable-libwavpack --enable-libwebp --enable-libx265 --enable-libxml2 --enable-libxvid --enable-libzmq --enable-libzvbi --enable-lv2 --enable-omx --enable-openal --enable-opencl --enable-opengl --enable-sdl2 --enable-mmal --enable-neon --enable-rpi --enable-v4l2-request --enable-libudev --enable-epoxy --enable-pocketsphinx --enable-libdc1394 --enable-libdrm --enable-vout-drm --enable-libiec61883 --enable-chromaprint --enable-frei0r --enable-libx264 --libdir=/usr/lib/arm-linux-gnueabihf/neon/vfp --cpu=cortex-a7 --arch=armv6t2 --disable-thumb --enable-shared --disable-doc --disable-programs
  swresample  configuration: --prefix=/usr --extra-version=0+deb11u1+rpt1 --toolchain=hardened --incdir=/usr/include/arm-linux-gnueabihf --enable-gpl --disable-stripping --enable-avresample --disable-filter=resample --enable-gnutls --enable-ladspa --enable-libaom --enable-libass --enable-libbluray --enable-libbs2b --enable-libcaca --enable-libcdio --enable-libcodec2 --enable-libdav1d --enable-libflite --enable-libfontconfig --enable-libfreetype --enable-libfribidi --enable-libgme --enable-libgsm --enable-libjack --enable-libmp3lame --enable-libmysofa --enable-libopenjpeg --enable-libopenmpt --enable-libopus --enable-libpulse --enable-librabbitmq --enable-librsvg --enable-librubberband --enable-libshine --enable-libsnappy --enable-libsoxr --enable-libspeex --enable-libsrt --enable-libssh --enable-libtheora --enable-libtwolame --enable-libvidstab --enable-libvorbis --enable-libvpx --enable-libwavpack --enable-libwebp --enable-libx265 --enable-libxml2 --enable-libxvid --enable-libzmq --enable-libzvbi --enable-lv2 --enable-omx --enable-openal --enable-opencl --enable-opengl --enable-sdl2 --enable-mmal --enable-neon --enable-rpi --enable-v4l2-request --enable-libudev --enable-epoxy --enable-pocketsphinx --enable-libdc1394 --enable-libdrm --enable-vout-drm --enable-libiec61883 --enable-chromaprint --enable-frei0r --enable-libx264 --libdir=/usr/lib/arm-linux-gnueabihf/neon/vfp --cpu=cortex-a7 --arch=armv6t2 --disable-thumb --enable-shared --disable-doc --disable-programs
  postproc    configuration: --prefix=/usr --extra-version=0+deb11u1+rpt1 --toolchain=hardened --incdir=/usr/include/arm-linux-gnueabihf --enable-gpl --disable-stripping --enable-avresample --disable-filter=resample --enable-gnutls --enable-ladspa --enable-libaom --enable-libass --enable-libbluray --enable-libbs2b --enable-libcaca --enable-libcdio --enable-libcodec2 --enable-libdav1d --enable-libflite --enable-libfontconfig --enable-libfreetype --enable-libfribidi --enable-libgme --enable-libgsm --enable-libjack --enable-libmp3lame --enable-libmysofa --enable-libopenjpeg --enable-libopenmpt --enable-libopus --enable-libpulse --enable-librabbitmq --enable-librsvg --enable-librubberband --enable-libshine --enable-libsnappy --enable-libsoxr --enable-libspeex --enable-libsrt --enable-libssh --enable-libtheora --enable-libtwolame --enable-libvidstab --enable-libvorbis --enable-libvpx --enable-libwavpack --enable-libwebp --enable-libx265 --enable-libxml2 --enable-libxvid --enable-libzmq --enable-libzvbi --enable-lv2 --enable-omx --enable-openal --enable-opencl --enable-opengl --enable-sdl2 --enable-mmal --enable-neon --enable-rpi --enable-v4l2-request --enable-libudev --enable-epoxy --enable-pocketsphinx --enable-libdc1394 --enable-libdrm --enable-vout-drm --enable-libiec61883 --enable-chromaprint --enable-frei0r --enable-libx264 --libdir=/usr/lib/arm-linux-gnueabihf/neon/vfp --cpu=cortex-a7 --arch=armv6t2 --disable-thumb --enable-shared --disable-doc --disable-programs
  libavutil      56. 51.100 / 56. 51.100
  libavcodec     58. 91.100 / 58. 91.100
  libavformat    58. 45.100 / 58. 45.100
  libavdevice    58. 10.100 / 58. 10.100
  libavfilter     7. 85.100 /  7. 85.100
  libavresample   4.  0.  0 /  4.  0.  0
  libswscale      5.  7.100 /  5.  7.100
  libswresample   3.  7.100 /  3.  7.100
  libpostproc    55.  7.100 / 55.  7.100
Input #0, concat, from '/tmp/tmp.J1YBYmsvfC':
  Duration: N/A, start: 0.000000, bitrate: N/A
    Stream #0:0: Video: mjpeg (Baseline), yuvj420p(pc, bt470bg/unknown/unknown), 640x480 [SAR 96:96 DAR 4:3], 25 tbr, 25 tbn, 25 tbc
Stream mapping:
  Stream #0:0 -> #0:0 (mjpeg (native) -> gif (native))
Press [q] to stop, [?] for help
[swscaler @ 0x225d890] deprecated pixel format used, make sure you did set range correctly
[swscaler @ 0x225d890] No accelerated colorspace conversion found from yuv420p to bgr8.
Output #0, gif, to '/tmp/tmp.OCdmlrH18q.gif':
  Metadata:
    encoder         : Lavf58.45.100
    Stream #0:0: Video: gif, bgr8, 640x480 [SAR 1:1 DAR 4:3], q=2-31, 200 kb/s, 6 fps, 100 tbn, 6 tbc
    Metadata:
      encoder         : Lavc58.91.100 gif
[swscaler @ 0x225d890] deprecated pixel format used, make sure you did set range correctly
[swscaler @ 0x2243180] deprecated pixel format used, make sure you did set range correctly
frame=    2 fps=0.0 q=-0.0 Lsize=      84kB time=00:00:00.34 bitrate=2034.0kbits/s speed=3.57x    
video:84kB audio:0kB subtitle:0kB other streams:0kB global headers:0kB muxing overhead: 0.023141%
[2026-07-17 15:18:41] Rebuilt timelapse.gif
[main dcd58fa] Daily image: 2026-07-17 15:18:39
 2 files changed, 0 insertions(+), 0 deletions(-)
 rewrite images/2026-07-17.jpg (97%)
 rewrite timelapse.gif (97%)
From github.com:UWIN-Dev/UWIN-Dev.github.io
 * branch            main       -> FETCH_HEAD
Current branch main is up to date.
To github.com:UWIN-Dev/UWIN-Dev.github.io.git
   8db8c0a..dcd58fa  main -> main
[2026-07-17 15:18:43] === Successfully pushed 2026-07-17.jpg (and timelapse.gif) to main ===
[2026-07-17 15:20:29] === Starting daily capture for 2026-07-17 ===
[1m--- Opening /dev/video0...
[0m[0mTrying source module v4l2...
[0m[0m/dev/video0 opened.
[0m[0mNo input was specified, using the first.
[0m[1m--- Capturing frame...
[0m[0mSkipping 5 frames...
[0m[0mCapturing 1 frames...
[0m[0mCaptured 6 frames in 0.16 seconds. (38 fps)
[0m[1m--- Processing captured image...
[0m[0mDisabling banner.
[0m[0mSetting output format to JPEG, quality 85
[0m[0mWriting JPEG image to '/home/csic/grow-beyond-earth/images/2026-07-17.jpg'.
[0m[2026-07-17 15:20:31] Captured 2026-07-17.jpg
[2026-07-17 15:20:31] Regenerated manifest.json (entries: 2)
ffmpeg version 4.3.9-0+deb11u1+rpt1 Copyright (c) 2000-2025 the FFmpeg developers
  built with gcc 10 (Raspbian 10.2.1-6+rpi1)
  configuration: --prefix=/usr --extra-version=0+deb11u1+rpt1 --toolchain=hardened --incdir=/usr/include/arm-linux-gnueabihf --enable-gpl --disable-stripping --enable-avresample --disable-filter=resample --enable-gnutls --enable-ladspa --enable-libaom --enable-libass --enable-libbluray --enable-libbs2b --enable-libcaca --enable-libcdio --enable-libcodec2 --enable-libdav1d --enable-libflite --enable-libfontconfig --enable-libfreetype --enable-libfribidi --enable-libgme --enable-libgsm --enable-libjack --enable-libmp3lame --enable-libmysofa --enable-libopenjpeg --enable-libopenmpt --enable-libopus --enable-libpulse --enable-librabbitmq --enable-librsvg --enable-librubberband --enable-libshine --enable-libsnappy --enable-libsoxr --enable-libspeex --enable-libsrt --enable-libssh --enable-libtheora --enable-libtwolame --enable-libvidstab --enable-libvorbis --enable-libvpx --enable-libwavpack --enable-libwebp --enable-libx265 --enable-libxml2 --enable-libxvid --enable-libzmq --enable-libzvbi --enable-lv2 --enable-omx --enable-openal --enable-opencl --enable-opengl --enable-sdl2 --enable-mmal --enable-neon --enable-rpi --enable-v4l2-request --enable-libudev --enable-epoxy --enable-pocketsphinx --enable-libdc1394 --enable-libdrm --enable-vout-drm --enable-libiec61883 --enable-chromaprint --enable-frei0r --enable-libx264 --enable-shared --libdir=/usr/lib/arm-linux-gnueabihf --cpu=arm1176jzf-s --arch=arm
  WARNING: library configuration mismatch
  avutil      configuration: --prefix=/usr --extra-version=0+deb11u1+rpt1 --toolchain=hardened --incdir=/usr/include/arm-linux-gnueabihf --enable-gpl --disable-stripping --enable-avresample --disable-filter=resample --enable-gnutls --enable-ladspa --enable-libaom --enable-libass --enable-libbluray --enable-libbs2b --enable-libcaca --enable-libcdio --enable-libcodec2 --enable-libdav1d --enable-libflite --enable-libfontconfig --enable-libfreetype --enable-libfribidi --enable-libgme --enable-libgsm --enable-libjack --enable-libmp3lame --enable-libmysofa --enable-libopenjpeg --enable-libopenmpt --enable-libopus --enable-libpulse --enable-librabbitmq --enable-librsvg --enable-librubberband --enable-libshine --enable-libsnappy --enable-libsoxr --enable-libspeex --enable-libsrt --enable-libssh --enable-libtheora --enable-libtwolame --enable-libvidstab --enable-libvorbis --enable-libvpx --enable-libwavpack --enable-libwebp --enable-libx265 --enable-libxml2 --enable-libxvid --enable-libzmq --enable-libzvbi --enable-lv2 --enable-omx --enable-openal --enable-opencl --enable-opengl --enable-sdl2 --enable-mmal --enable-neon --enable-rpi --enable-v4l2-request --enable-libudev --enable-epoxy --enable-pocketsphinx --enable-libdc1394 --enable-libdrm --enable-vout-drm --enable-libiec61883 --enable-chromaprint --enable-frei0r --enable-libx264 --libdir=/usr/lib/arm-linux-gnueabihf/neon/vfp --cpu=cortex-a7 --arch=armv6t2 --disable-thumb --enable-shared --disable-doc --disable-programs
  avcodec     configuration: --prefix=/usr --extra-version=0+deb11u1+rpt1 --toolchain=hardened --incdir=/usr/include/arm-linux-gnueabihf --enable-gpl --disable-stripping --enable-avresample --disable-filter=resample --enable-gnutls --enable-ladspa --enable-libaom --enable-libass --enable-libbluray --enable-libbs2b --enable-libcaca --enable-libcdio --enable-libcodec2 --enable-libdav1d --enable-libflite --enable-libfontconfig --enable-libfreetype --enable-libfribidi --enable-libgme --enable-libgsm --enable-libjack --enable-libmp3lame --enable-libmysofa --enable-libopenjpeg --enable-libopenmpt --enable-libopus --enable-libpulse --enable-librabbitmq --enable-librsvg --enable-librubberband --enable-libshine --enable-libsnappy --enable-libsoxr --enable-libspeex --enable-libsrt --enable-libssh --enable-libtheora --enable-libtwolame --enable-libvidstab --enable-libvorbis --enable-libvpx --enable-libwavpack --enable-libwebp --enable-libx265 --enable-libxml2 --enable-libxvid --enable-libzmq --enable-libzvbi --enable-lv2 --enable-omx --enable-openal --enable-opencl --enable-opengl --enable-sdl2 --enable-mmal --enable-neon --enable-rpi --enable-v4l2-request --enable-libudev --enable-epoxy --enable-pocketsphinx --enable-libdc1394 --enable-libdrm --enable-vout-drm --enable-libiec61883 --enable-chromaprint --enable-frei0r --enable-libx264 --libdir=/usr/lib/arm-linux-gnueabihf/neon/vfp --cpu=cortex-a7 --arch=armv6t2 --disable-thumb --enable-shared --disable-doc --disable-programs
  avformat    configuration: --prefix=/usr --extra-version=0+deb11u1+rpt1 --toolchain=hardened --incdir=/usr/include/arm-linux-gnueabihf --enable-gpl --disable-stripping --enable-avresample --disable-filter=resample --enable-gnutls --enable-ladspa --enable-libaom --enable-libass --enable-libbluray --enable-libbs2b --enable-libcaca --enable-libcdio --enable-libcodec2 --enable-libdav1d --enable-libflite --enable-libfontconfig --enable-libfreetype --enable-libfribidi --enable-libgme --enable-libgsm --enable-libjack --enable-libmp3lame --enable-libmysofa --enable-libopenjpeg --enable-libopenmpt --enable-libopus --enable-libpulse --enable-librabbitmq --enable-librsvg --enable-librubberband --enable-libshine --enable-libsnappy --enable-libsoxr --enable-libspeex --enable-libsrt --enable-libssh --enable-libtheora --enable-libtwolame --enable-libvidstab --enable-libvorbis --enable-libvpx --enable-libwavpack --enable-libwebp --enable-libx265 --enable-libxml2 --enable-libxvid --enable-libzmq --enable-libzvbi --enable-lv2 --enable-omx --enable-openal --enable-opencl --enable-opengl --enable-sdl2 --enable-mmal --enable-neon --enable-rpi --enable-v4l2-request --enable-libudev --enable-epoxy --enable-pocketsphinx --enable-libdc1394 --enable-libdrm --enable-vout-drm --enable-libiec61883 --enable-chromaprint --enable-frei0r --enable-libx264 --libdir=/usr/lib/arm-linux-gnueabihf/neon/vfp --cpu=cortex-a7 --arch=armv6t2 --disable-thumb --enable-shared --disable-doc --disable-programs
  avdevice    configuration: --prefix=/usr --extra-version=0+deb11u1+rpt1 --toolchain=hardened --incdir=/usr/include/arm-linux-gnueabihf --enable-gpl --disable-stripping --enable-avresample --disable-filter=resample --enable-gnutls --enable-ladspa --enable-libaom --enable-libass --enable-libbluray --enable-libbs2b --enable-libcaca --enable-libcdio --enable-libcodec2 --enable-libdav1d --enable-libflite --enable-libfontconfig --enable-libfreetype --enable-libfribidi --enable-libgme --enable-libgsm --enable-libjack --enable-libmp3lame --enable-libmysofa --enable-libopenjpeg --enable-libopenmpt --enable-libopus --enable-libpulse --enable-librabbitmq --enable-librsvg --enable-librubberband --enable-libshine --enable-libsnappy --enable-libsoxr --enable-libspeex --enable-libsrt --enable-libssh --enable-libtheora --enable-libtwolame --enable-libvidstab --enable-libvorbis --enable-libvpx --enable-libwavpack --enable-libwebp --enable-libx265 --enable-libxml2 --enable-libxvid --enable-libzmq --enable-libzvbi --enable-lv2 --enable-omx --enable-openal --enable-opencl --enable-opengl --enable-sdl2 --enable-mmal --enable-neon --enable-rpi --enable-v4l2-request --enable-libudev --enable-epoxy --enable-pocketsphinx --enable-libdc1394 --enable-libdrm --enable-vout-drm --enable-libiec61883 --enable-chromaprint --enable-frei0r --enable-libx264 --libdir=/usr/lib/arm-linux-gnueabihf/neon/vfp --cpu=cortex-a7 --arch=armv6t2 --disable-thumb --enable-shared --disable-doc --disable-programs
  avfilter    configuration: --prefix=/usr --extra-version=0+deb11u1+rpt1 --toolchain=hardened --incdir=/usr/include/arm-linux-gnueabihf --enable-gpl --disable-stripping --enable-avresample --disable-filter=resample --enable-gnutls --enable-ladspa --enable-libaom --enable-libass --enable-libbluray --enable-libbs2b --enable-libcaca --enable-libcdio --enable-libcodec2 --enable-libdav1d --enable-libflite --enable-libfontconfig --enable-libfreetype --enable-libfribidi --enable-libgme --enable-libgsm --enable-libjack --enable-libmp3lame --enable-libmysofa --enable-libopenjpeg --enable-libopenmpt --enable-libopus --enable-libpulse --enable-librabbitmq --enable-librsvg --enable-librubberband --enable-libshine --enable-libsnappy --enable-libsoxr --enable-libspeex --enable-libsrt --enable-libssh --enable-libtheora --enable-libtwolame --enable-libvidstab --enable-libvorbis --enable-libvpx --enable-libwavpack --enable-libwebp --enable-libx265 --enable-libxml2 --enable-libxvid --enable-libzmq --enable-libzvbi --enable-lv2 --enable-omx --enable-openal --enable-opencl --enable-opengl --enable-sdl2 --enable-mmal --enable-neon --enable-rpi --enable-v4l2-request --enable-libudev --enable-epoxy --enable-pocketsphinx --enable-libdc1394 --enable-libdrm --enable-vout-drm --enable-libiec61883 --enable-chromaprint --enable-frei0r --enable-libx264 --libdir=/usr/lib/arm-linux-gnueabihf/neon/vfp --cpu=cortex-a7 --arch=armv6t2 --disable-thumb --enable-shared --disable-doc --disable-programs
  avresample  configuration: --prefix=/usr --extra-version=0+deb11u1+rpt1 --toolchain=hardened --incdir=/usr/include/arm-linux-gnueabihf --enable-gpl --disable-stripping --enable-avresample --disable-filter=resample --enable-gnutls --enable-ladspa --enable-libaom --enable-libass --enable-libbluray --enable-libbs2b --enable-libcaca --enable-libcdio --enable-libcodec2 --enable-libdav1d --enable-libflite --enable-libfontconfig --enable-libfreetype --enable-libfribidi --enable-libgme --enable-libgsm --enable-libjack --enable-libmp3lame --enable-libmysofa --enable-libopenjpeg --enable-libopenmpt --enable-libopus --enable-libpulse --enable-librabbitmq --enable-librsvg --enable-librubberband --enable-libshine --enable-libsnappy --enable-libsoxr --enable-libspeex --enable-libsrt --enable-libssh --enable-libtheora --enable-libtwolame --enable-libvidstab --enable-libvorbis --enable-libvpx --enable-libwavpack --enable-libwebp --enable-libx265 --enable-libxml2 --enable-libxvid --enable-libzmq --enable-libzvbi --enable-lv2 --enable-omx --enable-openal --enable-opencl --enable-opengl --enable-sdl2 --enable-mmal --enable-neon --enable-rpi --enable-v4l2-request --enable-libudev --enable-epoxy --enable-pocketsphinx --enable-libdc1394 --enable-libdrm --enable-vout-drm --enable-libiec61883 --enable-chromaprint --enable-frei0r --enable-libx264 --libdir=/usr/lib/arm-linux-gnueabihf/neon/vfp --cpu=cortex-a7 --arch=armv6t2 --disable-thumb --enable-shared --disable-doc --disable-programs
  swscale     configuration: --prefix=/usr --extra-version=0+deb11u1+rpt1 --toolchain=hardened --incdir=/usr/include/arm-linux-gnueabihf --enable-gpl --disable-stripping --enable-avresample --disable-filter=resample --enable-gnutls --enable-ladspa --enable-libaom --enable-libass --enable-libbluray --enable-libbs2b --enable-libcaca --enable-libcdio --enable-libcodec2 --enable-libdav1d --enable-libflite --enable-libfontconfig --enable-libfreetype --enable-libfribidi --enable-libgme --enable-libgsm --enable-libjack --enable-libmp3lame --enable-libmysofa --enable-libopenjpeg --enable-libopenmpt --enable-libopus --enable-libpulse --enable-librabbitmq --enable-librsvg --enable-librubberband --enable-libshine --enable-libsnappy --enable-libsoxr --enable-libspeex --enable-libsrt --enable-libssh --enable-libtheora --enable-libtwolame --enable-libvidstab --enable-libvorbis --enable-libvpx --enable-libwavpack --enable-libwebp --enable-libx265 --enable-libxml2 --enable-libxvid --enable-libzmq --enable-libzvbi --enable-lv2 --enable-omx --enable-openal --enable-opencl --enable-opengl --enable-sdl2 --enable-mmal --enable-neon --enable-rpi --enable-v4l2-request --enable-libudev --enable-epoxy --enable-pocketsphinx --enable-libdc1394 --enable-libdrm --enable-vout-drm --enable-libiec61883 --enable-chromaprint --enable-frei0r --enable-libx264 --libdir=/usr/lib/arm-linux-gnueabihf/neon/vfp --cpu=cortex-a7 --arch=armv6t2 --disable-thumb --enable-shared --disable-doc --disable-programs
  swresample  configuration: --prefix=/usr --extra-version=0+deb11u1+rpt1 --toolchain=hardened --incdir=/usr/include/arm-linux-gnueabihf --enable-gpl --disable-stripping --enable-avresample --disable-filter=resample --enable-gnutls --enable-ladspa --enable-libaom --enable-libass --enable-libbluray --enable-libbs2b --enable-libcaca --enable-libcdio --enable-libcodec2 --enable-libdav1d --enable-libflite --enable-libfontconfig --enable-libfreetype --enable-libfribidi --enable-libgme --enable-libgsm --enable-libjack --enable-libmp3lame --enable-libmysofa --enable-libopenjpeg --enable-libopenmpt --enable-libopus --enable-libpulse --enable-librabbitmq --enable-librsvg --enable-librubberband --enable-libshine --enable-libsnappy --enable-libsoxr --enable-libspeex --enable-libsrt --enable-libssh --enable-libtheora --enable-libtwolame --enable-libvidstab --enable-libvorbis --enable-libvpx --enable-libwavpack --enable-libwebp --enable-libx265 --enable-libxml2 --enable-libxvid --enable-libzmq --enable-libzvbi --enable-lv2 --enable-omx --enable-openal --enable-opencl --enable-opengl --enable-sdl2 --enable-mmal --enable-neon --enable-rpi --enable-v4l2-request --enable-libudev --enable-epoxy --enable-pocketsphinx --enable-libdc1394 --enable-libdrm --enable-vout-drm --enable-libiec61883 --enable-chromaprint --enable-frei0r --enable-libx264 --libdir=/usr/lib/arm-linux-gnueabihf/neon/vfp --cpu=cortex-a7 --arch=armv6t2 --disable-thumb --enable-shared --disable-doc --disable-programs
  postproc    configuration: --prefix=/usr --extra-version=0+deb11u1+rpt1 --toolchain=hardened --incdir=/usr/include/arm-linux-gnueabihf --enable-gpl --disable-stripping --enable-avresample --disable-filter=resample --enable-gnutls --enable-ladspa --enable-libaom --enable-libass --enable-libbluray --enable-libbs2b --enable-libcaca --enable-libcdio --enable-libcodec2 --enable-libdav1d --enable-libflite --enable-libfontconfig --enable-libfreetype --enable-libfribidi --enable-libgme --enable-libgsm --enable-libjack --enable-libmp3lame --enable-libmysofa --enable-libopenjpeg --enable-libopenmpt --enable-libopus --enable-libpulse --enable-librabbitmq --enable-librsvg --enable-librubberband --enable-libshine --enable-libsnappy --enable-libsoxr --enable-libspeex --enable-libsrt --enable-libssh --enable-libtheora --enable-libtwolame --enable-libvidstab --enable-libvorbis --enable-libvpx --enable-libwavpack --enable-libwebp --enable-libx265 --enable-libxml2 --enable-libxvid --enable-libzmq --enable-libzvbi --enable-lv2 --enable-omx --enable-openal --enable-opencl --enable-opengl --enable-sdl2 --enable-mmal --enable-neon --enable-rpi --enable-v4l2-request --enable-libudev --enable-epoxy --enable-pocketsphinx --enable-libdc1394 --enable-libdrm --enable-vout-drm --enable-libiec61883 --enable-chromaprint --enable-frei0r --enable-libx264 --libdir=/usr/lib/arm-linux-gnueabihf/neon/vfp --cpu=cortex-a7 --arch=armv6t2 --disable-thumb --enable-shared --disable-doc --disable-programs
  libavutil      56. 51.100 / 56. 51.100
  libavcodec     58. 91.100 / 58. 91.100
  libavformat    58. 45.100 / 58. 45.100
  libavdevice    58. 10.100 / 58. 10.100
  libavfilter     7. 85.100 /  7. 85.100
  libavresample   4.  0.  0 /  4.  0.  0
  libswscale      5.  7.100 /  5.  7.100
  libswresample   3.  7.100 /  3.  7.100
  libpostproc    55.  7.100 / 55.  7.100
Input #0, concat, from '/tmp/tmp.gzKmtckRdo':
  Duration: N/A, start: 0.000000, bitrate: N/A
    Stream #0:0: Video: mjpeg (Baseline), yuvj420p(pc, bt470bg/unknown/unknown), 640x480 [SAR 96:96 DAR 4:3], 25 tbr, 25 tbn, 25 tbc
Stream mapping:
  Stream #0:0 -> #0:0 (mjpeg (native) -> gif (native))
Press [q] to stop, [?] for help
[swscaler @ 0x2a44890] deprecated pixel format used, make sure you did set range correctly
[swscaler @ 0x2a44890] No accelerated colorspace conversion found from yuv420p to bgr8.
Output #0, gif, to '/tmp/tmp.DYYpCylzLH.gif':
  Metadata:
    encoder         : Lavf58.45.100
    Stream #0:0: Video: gif, bgr8, 640x480 [SAR 1:1 DAR 4:3], q=2-31, 200 kb/s, 6 fps, 100 tbn, 6 tbc
    Metadata:
      encoder         : Lavc58.91.100 gif
[swscaler @ 0x2a44890] deprecated pixel format used, make sure you did set range correctly
[swscaler @ 0x2a2a180] deprecated pixel format used, make sure you did set range correctly
frame=    2 fps=0.0 q=-0.0 Lsize=      74kB time=00:00:00.34 bitrate=1786.6kbits/s speed=3.54x    
video:74kB audio:0kB subtitle:0kB other streams:0kB global headers:0kB muxing overhead: 0.026347%
[2026-07-17 15:20:31] Rebuilt timelapse.gif
[main 09620d2] Daily image: 2026-07-17 15:20:29
 2 files changed, 0 insertions(+), 0 deletions(-)
 rewrite images/2026-07-17.jpg (97%)
 rewrite timelapse.gif (98%)
From github.com:UWIN-Dev/UWIN-Dev.github.io
 * branch            main       -> FETCH_HEAD
Current branch main is up to date.
To github.com:UWIN-Dev/UWIN-Dev.github.io.git
   dcd58fa..09620d2  main -> main
[2026-07-17 15:20:33] === Successfully pushed 2026-07-17.jpg (and timelapse.gif) to main ===
[2026-07-17 15:24:39] === Starting daily capture for 2026-07-17 ===
[1m--- Opening /dev/video0...
[0m[0mTrying source module v4l2...
[0m[0m/dev/video0 opened.
[0m[0mNo input was specified, using the first.
[0m[1m--- Capturing frame...
[0m[0mSkipping 5 frames...
[0m[0mCapturing 1 frames...
[0m[0mCaptured 6 frames in 0.16 seconds. (38 fps)
[0m[1m--- Processing captured image...
[0m[0mDisabling banner.
[0m[0mSetting output format to JPEG, quality 85
[0m[0mWriting JPEG image to '/home/csic/grow-beyond-earth/images/2026-07-17.jpg'.
[0m[2026-07-17 15:24:40] Captured 2026-07-17.jpg
[2026-07-17 15:24:40] Regenerated manifest.json (entries: 2)
ffmpeg version 4.3.9-0+deb11u1+rpt1 Copyright (c) 2000-2025 the FFmpeg developers
  built with gcc 10 (Raspbian 10.2.1-6+rpi1)
  configuration: --prefix=/usr --extra-version=0+deb11u1+rpt1 --toolchain=hardened --incdir=/usr/include/arm-linux-gnueabihf --enable-gpl --disable-stripping --enable-avresample --disable-filter=resample --enable-gnutls --enable-ladspa --enable-libaom --enable-libass --enable-libbluray --enable-libbs2b --enable-libcaca --enable-libcdio --enable-libcodec2 --enable-libdav1d --enable-libflite --enable-libfontconfig --enable-libfreetype --enable-libfribidi --enable-libgme --enable-libgsm --enable-libjack --enable-libmp3lame --enable-libmysofa --enable-libopenjpeg --enable-libopenmpt --enable-libopus --enable-libpulse --enable-librabbitmq --enable-librsvg --enable-librubberband --enable-libshine --enable-libsnappy --enable-libsoxr --enable-libspeex --enable-libsrt --enable-libssh --enable-libtheora --enable-libtwolame --enable-libvidstab --enable-libvorbis --enable-libvpx --enable-libwavpack --enable-libwebp --enable-libx265 --enable-libxml2 --enable-libxvid --enable-libzmq --enable-libzvbi --enable-lv2 --enable-omx --enable-openal --enable-opencl --enable-opengl --enable-sdl2 --enable-mmal --enable-neon --enable-rpi --enable-v4l2-request --enable-libudev --enable-epoxy --enable-pocketsphinx --enable-libdc1394 --enable-libdrm --enable-vout-drm --enable-libiec61883 --enable-chromaprint --enable-frei0r --enable-libx264 --enable-shared --libdir=/usr/lib/arm-linux-gnueabihf --cpu=arm1176jzf-s --arch=arm
  WARNING: library configuration mismatch
  avutil      configuration: --prefix=/usr --extra-version=0+deb11u1+rpt1 --toolchain=hardened --incdir=/usr/include/arm-linux-gnueabihf --enable-gpl --disable-stripping --enable-avresample --disable-filter=resample --enable-gnutls --enable-ladspa --enable-libaom --enable-libass --enable-libbluray --enable-libbs2b --enable-libcaca --enable-libcdio --enable-libcodec2 --enable-libdav1d --enable-libflite --enable-libfontconfig --enable-libfreetype --enable-libfribidi --enable-libgme --enable-libgsm --enable-libjack --enable-libmp3lame --enable-libmysofa --enable-libopenjpeg --enable-libopenmpt --enable-libopus --enable-libpulse --enable-librabbitmq --enable-librsvg --enable-librubberband --enable-libshine --enable-libsnappy --enable-libsoxr --enable-libspeex --enable-libsrt --enable-libssh --enable-libtheora --enable-libtwolame --enable-libvidstab --enable-libvorbis --enable-libvpx --enable-libwavpack --enable-libwebp --enable-libx265 --enable-libxml2 --enable-libxvid --enable-libzmq --enable-libzvbi --enable-lv2 --enable-omx --enable-openal --enable-opencl --enable-opengl --enable-sdl2 --enable-mmal --enable-neon --enable-rpi --enable-v4l2-request --enable-libudev --enable-epoxy --enable-pocketsphinx --enable-libdc1394 --enable-libdrm --enable-vout-drm --enable-libiec61883 --enable-chromaprint --enable-frei0r --enable-libx264 --libdir=/usr/lib/arm-linux-gnueabihf/neon/vfp --cpu=cortex-a7 --arch=armv6t2 --disable-thumb --enable-shared --disable-doc --disable-programs
  avcodec     configuration: --prefix=/usr --extra-version=0+deb11u1+rpt1 --toolchain=hardened --incdir=/usr/include/arm-linux-gnueabihf --enable-gpl --disable-stripping --enable-avresample --disable-filter=resample --enable-gnutls --enable-ladspa --enable-libaom --enable-libass --enable-libbluray --enable-libbs2b --enable-libcaca --enable-libcdio --enable-libcodec2 --enable-libdav1d --enable-libflite --enable-libfontconfig --enable-libfreetype --enable-libfribidi --enable-libgme --enable-libgsm --enable-libjack --enable-libmp3lame --enable-libmysofa --enable-libopenjpeg --enable-libopenmpt --enable-libopus --enable-libpulse --enable-librabbitmq --enable-librsvg --enable-librubberband --enable-libshine --enable-libsnappy --enable-libsoxr --enable-libspeex --enable-libsrt --enable-libssh --enable-libtheora --enable-libtwolame --enable-libvidstab --enable-libvorbis --enable-libvpx --enable-libwavpack --enable-libwebp --enable-libx265 --enable-libxml2 --enable-libxvid --enable-libzmq --enable-libzvbi --enable-lv2 --enable-omx --enable-openal --enable-opencl --enable-opengl --enable-sdl2 --enable-mmal --enable-neon --enable-rpi --enable-v4l2-request --enable-libudev --enable-epoxy --enable-pocketsphinx --enable-libdc1394 --enable-libdrm --enable-vout-drm --enable-libiec61883 --enable-chromaprint --enable-frei0r --enable-libx264 --libdir=/usr/lib/arm-linux-gnueabihf/neon/vfp --cpu=cortex-a7 --arch=armv6t2 --disable-thumb --enable-shared --disable-doc --disable-programs
  avformat    configuration: --prefix=/usr --extra-version=0+deb11u1+rpt1 --toolchain=hardened --incdir=/usr/include/arm-linux-gnueabihf --enable-gpl --disable-stripping --enable-avresample --disable-filter=resample --enable-gnutls --enable-ladspa --enable-libaom --enable-libass --enable-libbluray --enable-libbs2b --enable-libcaca --enable-libcdio --enable-libcodec2 --enable-libdav1d --enable-libflite --enable-libfontconfig --enable-libfreetype --enable-libfribidi --enable-libgme --enable-libgsm --enable-libjack --enable-libmp3lame --enable-libmysofa --enable-libopenjpeg --enable-libopenmpt --enable-libopus --enable-libpulse --enable-librabbitmq --enable-librsvg --enable-librubberband --enable-libshine --enable-libsnappy --enable-libsoxr --enable-libspeex --enable-libsrt --enable-libssh --enable-libtheora --enable-libtwolame --enable-libvidstab --enable-libvorbis --enable-libvpx --enable-libwavpack --enable-libwebp --enable-libx265 --enable-libxml2 --enable-libxvid --enable-libzmq --enable-libzvbi --enable-lv2 --enable-omx --enable-openal --enable-opencl --enable-opengl --enable-sdl2 --enable-mmal --enable-neon --enable-rpi --enable-v4l2-request --enable-libudev --enable-epoxy --enable-pocketsphinx --enable-libdc1394 --enable-libdrm --enable-vout-drm --enable-libiec61883 --enable-chromaprint --enable-frei0r --enable-libx264 --libdir=/usr/lib/arm-linux-gnueabihf/neon/vfp --cpu=cortex-a7 --arch=armv6t2 --disable-thumb --enable-shared --disable-doc --disable-programs
  avdevice    configuration: --prefix=/usr --extra-version=0+deb11u1+rpt1 --toolchain=hardened --incdir=/usr/include/arm-linux-gnueabihf --enable-gpl --disable-stripping --enable-avresample --disable-filter=resample --enable-gnutls --enable-ladspa --enable-libaom --enable-libass --enable-libbluray --enable-libbs2b --enable-libcaca --enable-libcdio --enable-libcodec2 --enable-libdav1d --enable-libflite --enable-libfontconfig --enable-libfreetype --enable-libfribidi --enable-libgme --enable-libgsm --enable-libjack --enable-libmp3lame --enable-libmysofa --enable-libopenjpeg --enable-libopenmpt --enable-libopus --enable-libpulse --enable-librabbitmq --enable-librsvg --enable-librubberband --enable-libshine --enable-libsnappy --enable-libsoxr --enable-libspeex --enable-libsrt --enable-libssh --enable-libtheora --enable-libtwolame --enable-libvidstab --enable-libvorbis --enable-libvpx --enable-libwavpack --enable-libwebp --enable-libx265 --enable-libxml2 --enable-libxvid --enable-libzmq --enable-libzvbi --enable-lv2 --enable-omx --enable-openal --enable-opencl --enable-opengl --enable-sdl2 --enable-mmal --enable-neon --enable-rpi --enable-v4l2-request --enable-libudev --enable-epoxy --enable-pocketsphinx --enable-libdc1394 --enable-libdrm --enable-vout-drm --enable-libiec61883 --enable-chromaprint --enable-frei0r --enable-libx264 --libdir=/usr/lib/arm-linux-gnueabihf/neon/vfp --cpu=cortex-a7 --arch=armv6t2 --disable-thumb --enable-shared --disable-doc --disable-programs
  avfilter    configuration: --prefix=/usr --extra-version=0+deb11u1+rpt1 --toolchain=hardened --incdir=/usr/include/arm-linux-gnueabihf --enable-gpl --disable-stripping --enable-avresample --disable-filter=resample --enable-gnutls --enable-ladspa --enable-libaom --enable-libass --enable-libbluray --enable-libbs2b --enable-libcaca --enable-libcdio --enable-libcodec2 --enable-libdav1d --enable-libflite --enable-libfontconfig --enable-libfreetype --enable-libfribidi --enable-libgme --enable-libgsm --enable-libjack --enable-libmp3lame --enable-libmysofa --enable-libopenjpeg --enable-libopenmpt --enable-libopus --enable-libpulse --enable-librabbitmq --enable-librsvg --enable-librubberband --enable-libshine --enable-libsnappy --enable-libsoxr --enable-libspeex --enable-libsrt --enable-libssh --enable-libtheora --enable-libtwolame --enable-libvidstab --enable-libvorbis --enable-libvpx --enable-libwavpack --enable-libwebp --enable-libx265 --enable-libxml2 --enable-libxvid --enable-libzmq --enable-libzvbi --enable-lv2 --enable-omx --enable-openal --enable-opencl --enable-opengl --enable-sdl2 --enable-mmal --enable-neon --enable-rpi --enable-v4l2-request --enable-libudev --enable-epoxy --enable-pocketsphinx --enable-libdc1394 --enable-libdrm --enable-vout-drm --enable-libiec61883 --enable-chromaprint --enable-frei0r --enable-libx264 --libdir=/usr/lib/arm-linux-gnueabihf/neon/vfp --cpu=cortex-a7 --arch=armv6t2 --disable-thumb --enable-shared --disable-doc --disable-programs
  avresample  configuration: --prefix=/usr --extra-version=0+deb11u1+rpt1 --toolchain=hardened --incdir=/usr/include/arm-linux-gnueabihf --enable-gpl --disable-stripping --enable-avresample --disable-filter=resample --enable-gnutls --enable-ladspa --enable-libaom --enable-libass --enable-libbluray --enable-libbs2b --enable-libcaca --enable-libcdio --enable-libcodec2 --enable-libdav1d --enable-libflite --enable-libfontconfig --enable-libfreetype --enable-libfribidi --enable-libgme --enable-libgsm --enable-libjack --enable-libmp3lame --enable-libmysofa --enable-libopenjpeg --enable-libopenmpt --enable-libopus --enable-libpulse --enable-librabbitmq --enable-librsvg --enable-librubberband --enable-libshine --enable-libsnappy --enable-libsoxr --enable-libspeex --enable-libsrt --enable-libssh --enable-libtheora --enable-libtwolame --enable-libvidstab --enable-libvorbis --enable-libvpx --enable-libwavpack --enable-libwebp --enable-libx265 --enable-libxml2 --enable-libxvid --enable-libzmq --enable-libzvbi --enable-lv2 --enable-omx --enable-openal --enable-opencl --enable-opengl --enable-sdl2 --enable-mmal --enable-neon --enable-rpi --enable-v4l2-request --enable-libudev --enable-epoxy --enable-pocketsphinx --enable-libdc1394 --enable-libdrm --enable-vout-drm --enable-libiec61883 --enable-chromaprint --enable-frei0r --enable-libx264 --libdir=/usr/lib/arm-linux-gnueabihf/neon/vfp --cpu=cortex-a7 --arch=armv6t2 --disable-thumb --enable-shared --disable-doc --disable-programs
  swscale     configuration: --prefix=/usr --extra-version=0+deb11u1+rpt1 --toolchain=hardened --incdir=/usr/include/arm-linux-gnueabihf --enable-gpl --disable-stripping --enable-avresample --disable-filter=resample --enable-gnutls --enable-ladspa --enable-libaom --enable-libass --enable-libbluray --enable-libbs2b --enable-libcaca --enable-libcdio --enable-libcodec2 --enable-libdav1d --enable-libflite --enable-libfontconfig --enable-libfreetype --enable-libfribidi --enable-libgme --enable-libgsm --enable-libjack --enable-libmp3lame --enable-libmysofa --enable-libopenjpeg --enable-libopenmpt --enable-libopus --enable-libpulse --enable-librabbitmq --enable-librsvg --enable-librubberband --enable-libshine --enable-libsnappy --enable-libsoxr --enable-libspeex --enable-libsrt --enable-libssh --enable-libtheora --enable-libtwolame --enable-libvidstab --enable-libvorbis --enable-libvpx --enable-libwavpack --enable-libwebp --enable-libx265 --enable-libxml2 --enable-libxvid --enable-libzmq --enable-libzvbi --enable-lv2 --enable-omx --enable-openal --enable-opencl --enable-opengl --enable-sdl2 --enable-mmal --enable-neon --enable-rpi --enable-v4l2-request --enable-libudev --enable-epoxy --enable-pocketsphinx --enable-libdc1394 --enable-libdrm --enable-vout-drm --enable-libiec61883 --enable-chromaprint --enable-frei0r --enable-libx264 --libdir=/usr/lib/arm-linux-gnueabihf/neon/vfp --cpu=cortex-a7 --arch=armv6t2 --disable-thumb --enable-shared --disable-doc --disable-programs
  swresample  configuration: --prefix=/usr --extra-version=0+deb11u1+rpt1 --toolchain=hardened --incdir=/usr/include/arm-linux-gnueabihf --enable-gpl --disable-stripping --enable-avresample --disable-filter=resample --enable-gnutls --enable-ladspa --enable-libaom --enable-libass --enable-libbluray --enable-libbs2b --enable-libcaca --enable-libcdio --enable-libcodec2 --enable-libdav1d --enable-libflite --enable-libfontconfig --enable-libfreetype --enable-libfribidi --enable-libgme --enable-libgsm --enable-libjack --enable-libmp3lame --enable-libmysofa --enable-libopenjpeg --enable-libopenmpt --enable-libopus --enable-libpulse --enable-librabbitmq --enable-librsvg --enable-librubberband --enable-libshine --enable-libsnappy --enable-libsoxr --enable-libspeex --enable-libsrt --enable-libssh --enable-libtheora --enable-libtwolame --enable-libvidstab --enable-libvorbis --enable-libvpx --enable-libwavpack --enable-libwebp --enable-libx265 --enable-libxml2 --enable-libxvid --enable-libzmq --enable-libzvbi --enable-lv2 --enable-omx --enable-openal --enable-opencl --enable-opengl --enable-sdl2 --enable-mmal --enable-neon --enable-rpi --enable-v4l2-request --enable-libudev --enable-epoxy --enable-pocketsphinx --enable-libdc1394 --enable-libdrm --enable-vout-drm --enable-libiec61883 --enable-chromaprint --enable-frei0r --enable-libx264 --libdir=/usr/lib/arm-linux-gnueabihf/neon/vfp --cpu=cortex-a7 --arch=armv6t2 --disable-thumb --enable-shared --disable-doc --disable-programs
  postproc    configuration: --prefix=/usr --extra-version=0+deb11u1+rpt1 --toolchain=hardened --incdir=/usr/include/arm-linux-gnueabihf --enable-gpl --disable-stripping --enable-avresample --disable-filter=resample --enable-gnutls --enable-ladspa --enable-libaom --enable-libass --enable-libbluray --enable-libbs2b --enable-libcaca --enable-libcdio --enable-libcodec2 --enable-libdav1d --enable-libflite --enable-libfontconfig --enable-libfreetype --enable-libfribidi --enable-libgme --enable-libgsm --enable-libjack --enable-libmp3lame --enable-libmysofa --enable-libopenjpeg --enable-libopenmpt --enable-libopus --enable-libpulse --enable-librabbitmq --enable-librsvg --enable-librubberband --enable-libshine --enable-libsnappy --enable-libsoxr --enable-libspeex --enable-libsrt --enable-libssh --enable-libtheora --enable-libtwolame --enable-libvidstab --enable-libvorbis --enable-libvpx --enable-libwavpack --enable-libwebp --enable-libx265 --enable-libxml2 --enable-libxvid --enable-libzmq --enable-libzvbi --enable-lv2 --enable-omx --enable-openal --enable-opencl --enable-opengl --enable-sdl2 --enable-mmal --enable-neon --enable-rpi --enable-v4l2-request --enable-libudev --enable-epoxy --enable-pocketsphinx --enable-libdc1394 --enable-libdrm --enable-vout-drm --enable-libiec61883 --enable-chromaprint --enable-frei0r --enable-libx264 --libdir=/usr/lib/arm-linux-gnueabihf/neon/vfp --cpu=cortex-a7 --arch=armv6t2 --disable-thumb --enable-shared --disable-doc --disable-programs
  libavutil      56. 51.100 / 56. 51.100
  libavcodec     58. 91.100 / 58. 91.100
  libavformat    58. 45.100 / 58. 45.100
  libavdevice    58. 10.100 / 58. 10.100
  libavfilter     7. 85.100 /  7. 85.100
  libavresample   4.  0.  0 /  4.  0.  0
  libswscale      5.  7.100 /  5.  7.100
  libswresample   3.  7.100 /  3.  7.100
  libpostproc    55.  7.100 / 55.  7.100
Input #0, concat, from '/tmp/tmp.hynCPoJjKI':
  Duration: N/A, start: 0.000000, bitrate: N/A
    Stream #0:0: Video: mjpeg (Baseline), yuvj420p(pc, bt470bg/unknown/unknown), 640x480 [SAR 96:96 DAR 4:3], 25 tbr, 25 tbn, 25 tbc
Stream mapping:
  Stream #0:0 -> #0:0 (mjpeg (native) -> gif (native))
Press [q] to stop, [?] for help
[swscaler @ 0x17bb890] deprecated pixel format used, make sure you did set range correctly
[swscaler @ 0x17bb890] No accelerated colorspace conversion found from yuv420p to bgr8.
Output #0, gif, to '/tmp/tmp.CnALlULwnA.gif':
  Metadata:
    encoder         : Lavf58.45.100
    Stream #0:0: Video: gif, bgr8, 640x480 [SAR 1:1 DAR 4:3], q=2-31, 200 kb/s, 6 fps, 100 tbn, 6 tbc
    Metadata:
      encoder         : Lavc58.91.100 gif
[swscaler @ 0x17bb890] deprecated pixel format used, make sure you did set range correctly
[swscaler @ 0x17a1180] deprecated pixel format used, make sure you did set range correctly
frame=    2 fps=0.0 q=-0.0 Lsize=      93kB time=00:00:00.34 bitrate=2250.1kbits/s speed=3.51x    
video:93kB audio:0kB subtitle:0kB other streams:0kB global headers:0kB muxing overhead: 0.020919%
[2026-07-17 15:24:41] Rebuilt timelapse.gif
[main b2b7cf0] Daily image: 2026-07-17 15:24:39
 2 files changed, 0 insertions(+), 0 deletions(-)
 rewrite images/2026-07-17.jpg (97%)
 rewrite timelapse.gif (97%)
From github.com:UWIN-Dev/UWIN-Dev.github.io
 * branch            main       -> FETCH_HEAD
Current branch main is up to date.
To github.com:UWIN-Dev/UWIN-Dev.github.io.git
   09620d2..b2b7cf0  main -> main
[2026-07-17 15:24:43] === Successfully pushed 2026-07-17.jpg (and timelapse.gif) to main ===
[2026-07-17 15:28:46] === Starting daily capture for 2026-07-17 ===
[1m--- Opening /dev/video0...
[0m[0mTrying source module v4l2...
[0m[0m/dev/video0 opened.
[0m[0mNo input was specified, using the first.
[0m[1m--- Capturing frame...
[0m[0mSkipping 5 frames...
[0m[0mCapturing 1 frames...
[0m[0mCaptured 6 frames in 0.16 seconds. (38 fps)
[0m[1m--- Processing captured image...
[0m[0mDisabling banner.
[0m[0mSetting output format to JPEG, quality 85
[0m[0mWriting JPEG image to '/home/csic/grow-beyond-earth/images/2026-07-17.jpg'.
[0m[2026-07-17 15:28:48] Captured 2026-07-17.jpg
[2026-07-17 15:28:48] Regenerated manifest.json (entries: 2)
ffmpeg version 4.3.9-0+deb11u1+rpt1 Copyright (c) 2000-2025 the FFmpeg developers
  built with gcc 10 (Raspbian 10.2.1-6+rpi1)
  configuration: --prefix=/usr --extra-version=0+deb11u1+rpt1 --toolchain=hardened --incdir=/usr/include/arm-linux-gnueabihf --enable-gpl --disable-stripping --enable-avresample --disable-filter=resample --enable-gnutls --enable-ladspa --enable-libaom --enable-libass --enable-libbluray --enable-libbs2b --enable-libcaca --enable-libcdio --enable-libcodec2 --enable-libdav1d --enable-libflite --enable-libfontconfig --enable-libfreetype --enable-libfribidi --enable-libgme --enable-libgsm --enable-libjack --enable-libmp3lame --enable-libmysofa --enable-libopenjpeg --enable-libopenmpt --enable-libopus --enable-libpulse --enable-librabbitmq --enable-librsvg --enable-librubberband --enable-libshine --enable-libsnappy --enable-libsoxr --enable-libspeex --enable-libsrt --enable-libssh --enable-libtheora --enable-libtwolame --enable-libvidstab --enable-libvorbis --enable-libvpx --enable-libwavpack --enable-libwebp --enable-libx265 --enable-libxml2 --enable-libxvid --enable-libzmq --enable-libzvbi --enable-lv2 --enable-omx --enable-openal --enable-opencl --enable-opengl --enable-sdl2 --enable-mmal --enable-neon --enable-rpi --enable-v4l2-request --enable-libudev --enable-epoxy --enable-pocketsphinx --enable-libdc1394 --enable-libdrm --enable-vout-drm --enable-libiec61883 --enable-chromaprint --enable-frei0r --enable-libx264 --enable-shared --libdir=/usr/lib/arm-linux-gnueabihf --cpu=arm1176jzf-s --arch=arm
  WARNING: library configuration mismatch
  avutil      configuration: --prefix=/usr --extra-version=0+deb11u1+rpt1 --toolchain=hardened --incdir=/usr/include/arm-linux-gnueabihf --enable-gpl --disable-stripping --enable-avresample --disable-filter=resample --enable-gnutls --enable-ladspa --enable-libaom --enable-libass --enable-libbluray --enable-libbs2b --enable-libcaca --enable-libcdio --enable-libcodec2 --enable-libdav1d --enable-libflite --enable-libfontconfig --enable-libfreetype --enable-libfribidi --enable-libgme --enable-libgsm --enable-libjack --enable-libmp3lame --enable-libmysofa --enable-libopenjpeg --enable-libopenmpt --enable-libopus --enable-libpulse --enable-librabbitmq --enable-librsvg --enable-librubberband --enable-libshine --enable-libsnappy --enable-libsoxr --enable-libspeex --enable-libsrt --enable-libssh --enable-libtheora --enable-libtwolame --enable-libvidstab --enable-libvorbis --enable-libvpx --enable-libwavpack --enable-libwebp --enable-libx265 --enable-libxml2 --enable-libxvid --enable-libzmq --enable-libzvbi --enable-lv2 --enable-omx --enable-openal --enable-opencl --enable-opengl --enable-sdl2 --enable-mmal --enable-neon --enable-rpi --enable-v4l2-request --enable-libudev --enable-epoxy --enable-pocketsphinx --enable-libdc1394 --enable-libdrm --enable-vout-drm --enable-libiec61883 --enable-chromaprint --enable-frei0r --enable-libx264 --libdir=/usr/lib/arm-linux-gnueabihf/neon/vfp --cpu=cortex-a7 --arch=armv6t2 --disable-thumb --enable-shared --disable-doc --disable-programs
  avcodec     configuration: --prefix=/usr --extra-version=0+deb11u1+rpt1 --toolchain=hardened --incdir=/usr/include/arm-linux-gnueabihf --enable-gpl --disable-stripping --enable-avresample --disable-filter=resample --enable-gnutls --enable-ladspa --enable-libaom --enable-libass --enable-libbluray --enable-libbs2b --enable-libcaca --enable-libcdio --enable-libcodec2 --enable-libdav1d --enable-libflite --enable-libfontconfig --enable-libfreetype --enable-libfribidi --enable-libgme --enable-libgsm --enable-libjack --enable-libmp3lame --enable-libmysofa --enable-libopenjpeg --enable-libopenmpt --enable-libopus --enable-libpulse --enable-librabbitmq --enable-librsvg --enable-librubberband --enable-libshine --enable-libsnappy --enable-libsoxr --enable-libspeex --enable-libsrt --enable-libssh --enable-libtheora --enable-libtwolame --enable-libvidstab --enable-libvorbis --enable-libvpx --enable-libwavpack --enable-libwebp --enable-libx265 --enable-libxml2 --enable-libxvid --enable-libzmq --enable-libzvbi --enable-lv2 --enable-omx --enable-openal --enable-opencl --enable-opengl --enable-sdl2 --enable-mmal --enable-neon --enable-rpi --enable-v4l2-request --enable-libudev --enable-epoxy --enable-pocketsphinx --enable-libdc1394 --enable-libdrm --enable-vout-drm --enable-libiec61883 --enable-chromaprint --enable-frei0r --enable-libx264 --libdir=/usr/lib/arm-linux-gnueabihf/neon/vfp --cpu=cortex-a7 --arch=armv6t2 --disable-thumb --enable-shared --disable-doc --disable-programs
  avformat    configuration: --prefix=/usr --extra-version=0+deb11u1+rpt1 --toolchain=hardened --incdir=/usr/include/arm-linux-gnueabihf --enable-gpl --disable-stripping --enable-avresample --disable-filter=resample --enable-gnutls --enable-ladspa --enable-libaom --enable-libass --enable-libbluray --enable-libbs2b --enable-libcaca --enable-libcdio --enable-libcodec2 --enable-libdav1d --enable-libflite --enable-libfontconfig --enable-libfreetype --enable-libfribidi --enable-libgme --enable-libgsm --enable-libjack --enable-libmp3lame --enable-libmysofa --enable-libopenjpeg --enable-libopenmpt --enable-libopus --enable-libpulse --enable-librabbitmq --enable-librsvg --enable-librubberband --enable-libshine --enable-libsnappy --enable-libsoxr --enable-libspeex --enable-libsrt --enable-libssh --enable-libtheora --enable-libtwolame --enable-libvidstab --enable-libvorbis --enable-libvpx --enable-libwavpack --enable-libwebp --enable-libx265 --enable-libxml2 --enable-libxvid --enable-libzmq --enable-libzvbi --enable-lv2 --enable-omx --enable-openal --enable-opencl --enable-opengl --enable-sdl2 --enable-mmal --enable-neon --enable-rpi --enable-v4l2-request --enable-libudev --enable-epoxy --enable-pocketsphinx --enable-libdc1394 --enable-libdrm --enable-vout-drm --enable-libiec61883 --enable-chromaprint --enable-frei0r --enable-libx264 --libdir=/usr/lib/arm-linux-gnueabihf/neon/vfp --cpu=cortex-a7 --arch=armv6t2 --disable-thumb --enable-shared --disable-doc --disable-programs
  avdevice    configuration: --prefix=/usr --extra-version=0+deb11u1+rpt1 --toolchain=hardened --incdir=/usr/include/arm-linux-gnueabihf --enable-gpl --disable-stripping --enable-avresample --disable-filter=resample --enable-gnutls --enable-ladspa --enable-libaom --enable-libass --enable-libbluray --enable-libbs2b --enable-libcaca --enable-libcdio --enable-libcodec2 --enable-libdav1d --enable-libflite --enable-libfontconfig --enable-libfreetype --enable-libfribidi --enable-libgme --enable-libgsm --enable-libjack --enable-libmp3lame --enable-libmysofa --enable-libopenjpeg --enable-libopenmpt --enable-libopus --enable-libpulse --enable-librabbitmq --enable-librsvg --enable-librubberband --enable-libshine --enable-libsnappy --enable-libsoxr --enable-libspeex --enable-libsrt --enable-libssh --enable-libtheora --enable-libtwolame --enable-libvidstab --enable-libvorbis --enable-libvpx --enable-libwavpack --enable-libwebp --enable-libx265 --enable-libxml2 --enable-libxvid --enable-libzmq --enable-libzvbi --enable-lv2 --enable-omx --enable-openal --enable-opencl --enable-opengl --enable-sdl2 --enable-mmal --enable-neon --enable-rpi --enable-v4l2-request --enable-libudev --enable-epoxy --enable-pocketsphinx --enable-libdc1394 --enable-libdrm --enable-vout-drm --enable-libiec61883 --enable-chromaprint --enable-frei0r --enable-libx264 --libdir=/usr/lib/arm-linux-gnueabihf/neon/vfp --cpu=cortex-a7 --arch=armv6t2 --disable-thumb --enable-shared --disable-doc --disable-programs
  avfilter    configuration: --prefix=/usr --extra-version=0+deb11u1+rpt1 --toolchain=hardened --incdir=/usr/include/arm-linux-gnueabihf --enable-gpl --disable-stripping --enable-avresample --disable-filter=resample --enable-gnutls --enable-ladspa --enable-libaom --enable-libass --enable-libbluray --enable-libbs2b --enable-libcaca --enable-libcdio --enable-libcodec2 --enable-libdav1d --enable-libflite --enable-libfontconfig --enable-libfreetype --enable-libfribidi --enable-libgme --enable-libgsm --enable-libjack --enable-libmp3lame --enable-libmysofa --enable-libopenjpeg --enable-libopenmpt --enable-libopus --enable-libpulse --enable-librabbitmq --enable-librsvg --enable-librubberband --enable-libshine --enable-libsnappy --enable-libsoxr --enable-libspeex --enable-libsrt --enable-libssh --enable-libtheora --enable-libtwolame --enable-libvidstab --enable-libvorbis --enable-libvpx --enable-libwavpack --enable-libwebp --enable-libx265 --enable-libxml2 --enable-libxvid --enable-libzmq --enable-libzvbi --enable-lv2 --enable-omx --enable-openal --enable-opencl --enable-opengl --enable-sdl2 --enable-mmal --enable-neon --enable-rpi --enable-v4l2-request --enable-libudev --enable-epoxy --enable-pocketsphinx --enable-libdc1394 --enable-libdrm --enable-vout-drm --enable-libiec61883 --enable-chromaprint --enable-frei0r --enable-libx264 --libdir=/usr/lib/arm-linux-gnueabihf/neon/vfp --cpu=cortex-a7 --arch=armv6t2 --disable-thumb --enable-shared --disable-doc --disable-programs
  avresample  configuration: --prefix=/usr --extra-version=0+deb11u1+rpt1 --toolchain=hardened --incdir=/usr/include/arm-linux-gnueabihf --enable-gpl --disable-stripping --enable-avresample --disable-filter=resample --enable-gnutls --enable-ladspa --enable-libaom --enable-libass --enable-libbluray --enable-libbs2b --enable-libcaca --enable-libcdio --enable-libcodec2 --enable-libdav1d --enable-libflite --enable-libfontconfig --enable-libfreetype --enable-libfribidi --enable-libgme --enable-libgsm --enable-libjack --enable-libmp3lame --enable-libmysofa --enable-libopenjpeg --enable-libopenmpt --enable-libopus --enable-libpulse --enable-librabbitmq --enable-librsvg --enable-librubberband --enable-libshine --enable-libsnappy --enable-libsoxr --enable-libspeex --enable-libsrt --enable-libssh --enable-libtheora --enable-libtwolame --enable-libvidstab --enable-libvorbis --enable-libvpx --enable-libwavpack --enable-libwebp --enable-libx265 --enable-libxml2 --enable-libxvid --enable-libzmq --enable-libzvbi --enable-lv2 --enable-omx --enable-openal --enable-opencl --enable-opengl --enable-sdl2 --enable-mmal --enable-neon --enable-rpi --enable-v4l2-request --enable-libudev --enable-epoxy --enable-pocketsphinx --enable-libdc1394 --enable-libdrm --enable-vout-drm --enable-libiec61883 --enable-chromaprint --enable-frei0r --enable-libx264 --libdir=/usr/lib/arm-linux-gnueabihf/neon/vfp --cpu=cortex-a7 --arch=armv6t2 --disable-thumb --enable-shared --disable-doc --disable-programs
  swscale     configuration: --prefix=/usr --extra-version=0+deb11u1+rpt1 --toolchain=hardened --incdir=/usr/include/arm-linux-gnueabihf --enable-gpl --disable-stripping --enable-avresample --disable-filter=resample --enable-gnutls --enable-ladspa --enable-libaom --enable-libass --enable-libbluray --enable-libbs2b --enable-libcaca --enable-libcdio --enable-libcodec2 --enable-libdav1d --enable-libflite --enable-libfontconfig --enable-libfreetype --enable-libfribidi --enable-libgme --enable-libgsm --enable-libjack --enable-libmp3lame --enable-libmysofa --enable-libopenjpeg --enable-libopenmpt --enable-libopus --enable-libpulse --enable-librabbitmq --enable-librsvg --enable-librubberband --enable-libshine --enable-libsnappy --enable-libsoxr --enable-libspeex --enable-libsrt --enable-libssh --enable-libtheora --enable-libtwolame --enable-libvidstab --enable-libvorbis --enable-libvpx --enable-libwavpack --enable-libwebp --enable-libx265 --enable-libxml2 --enable-libxvid --enable-libzmq --enable-libzvbi --enable-lv2 --enable-omx --enable-openal --enable-opencl --enable-opengl --enable-sdl2 --enable-mmal --enable-neon --enable-rpi --enable-v4l2-request --enable-libudev --enable-epoxy --enable-pocketsphinx --enable-libdc1394 --enable-libdrm --enable-vout-drm --enable-libiec61883 --enable-chromaprint --enable-frei0r --enable-libx264 --libdir=/usr/lib/arm-linux-gnueabihf/neon/vfp --cpu=cortex-a7 --arch=armv6t2 --disable-thumb --enable-shared --disable-doc --disable-programs
  swresample  configuration: --prefix=/usr --extra-version=0+deb11u1+rpt1 --toolchain=hardened --incdir=/usr/include/arm-linux-gnueabihf --enable-gpl --disable-stripping --enable-avresample --disable-filter=resample --enable-gnutls --enable-ladspa --enable-libaom --enable-libass --enable-libbluray --enable-libbs2b --enable-libcaca --enable-libcdio --enable-libcodec2 --enable-libdav1d --enable-libflite --enable-libfontconfig --enable-libfreetype --enable-libfribidi --enable-libgme --enable-libgsm --enable-libjack --enable-libmp3lame --enable-libmysofa --enable-libopenjpeg --enable-libopenmpt --enable-libopus --enable-libpulse --enable-librabbitmq --enable-librsvg --enable-librubberband --enable-libshine --enable-libsnappy --enable-libsoxr --enable-libspeex --enable-libsrt --enable-libssh --enable-libtheora --enable-libtwolame --enable-libvidstab --enable-libvorbis --enable-libvpx --enable-libwavpack --enable-libwebp --enable-libx265 --enable-libxml2 --enable-libxvid --enable-libzmq --enable-libzvbi --enable-lv2 --enable-omx --enable-openal --enable-opencl --enable-opengl --enable-sdl2 --enable-mmal --enable-neon --enable-rpi --enable-v4l2-request --enable-libudev --enable-epoxy --enable-pocketsphinx --enable-libdc1394 --enable-libdrm --enable-vout-drm --enable-libiec61883 --enable-chromaprint --enable-frei0r --enable-libx264 --libdir=/usr/lib/arm-linux-gnueabihf/neon/vfp --cpu=cortex-a7 --arch=armv6t2 --disable-thumb --enable-shared --disable-doc --disable-programs
  postproc    configuration: --prefix=/usr --extra-version=0+deb11u1+rpt1 --toolchain=hardened --incdir=/usr/include/arm-linux-gnueabihf --enable-gpl --disable-stripping --enable-avresample --disable-filter=resample --enable-gnutls --enable-ladspa --enable-libaom --enable-libass --enable-libbluray --enable-libbs2b --enable-libcaca --enable-libcdio --enable-libcodec2 --enable-libdav1d --enable-libflite --enable-libfontconfig --enable-libfreetype --enable-libfribidi --enable-libgme --enable-libgsm --enable-libjack --enable-libmp3lame --enable-libmysofa --enable-libopenjpeg --enable-libopenmpt --enable-libopus --enable-libpulse --enable-librabbitmq --enable-librsvg --enable-librubberband --enable-libshine --enable-libsnappy --enable-libsoxr --enable-libspeex --enable-libsrt --enable-libssh --enable-libtheora --enable-libtwolame --enable-libvidstab --enable-libvorbis --enable-libvpx --enable-libwavpack --enable-libwebp --enable-libx265 --enable-libxml2 --enable-libxvid --enable-libzmq --enable-libzvbi --enable-lv2 --enable-omx --enable-openal --enable-opencl --enable-opengl --enable-sdl2 --enable-mmal --enable-neon --enable-rpi --enable-v4l2-request --enable-libudev --enable-epoxy --enable-pocketsphinx --enable-libdc1394 --enable-libdrm --enable-vout-drm --enable-libiec61883 --enable-chromaprint --enable-frei0r --enable-libx264 --libdir=/usr/lib/arm-linux-gnueabihf/neon/vfp --cpu=cortex-a7 --arch=armv6t2 --disable-thumb --enable-shared --disable-doc --disable-programs
  libavutil      56. 51.100 / 56. 51.100
  libavcodec     58. 91.100 / 58. 91.100
  libavformat    58. 45.100 / 58. 45.100
  libavdevice    58. 10.100 / 58. 10.100
  libavfilter     7. 85.100 /  7. 85.100
  libavresample   4.  0.  0 /  4.  0.  0
  libswscale      5.  7.100 /  5.  7.100
  libswresample   3.  7.100 /  3.  7.100
  libpostproc    55.  7.100 / 55.  7.100
Input #0, concat, from '/tmp/tmp.xwfggl2Odw':
  Duration: N/A, start: 0.000000, bitrate: N/A
    Stream #0:0: Video: mjpeg (Baseline), yuvj420p(pc, bt470bg/unknown/unknown), 640x480 [SAR 96:96 DAR 4:3], 25 tbr, 25 tbn, 25 tbc
Stream mapping:
  Stream #0:0 -> #0:0 (mjpeg (native) -> gif (native))
Press [q] to stop, [?] for help
[swscaler @ 0x133c890] deprecated pixel format used, make sure you did set range correctly
[swscaler @ 0x133c890] No accelerated colorspace conversion found from yuv420p to bgr8.
Output #0, gif, to '/tmp/tmp.Al6XA4KcLj.gif':
  Metadata:
    encoder         : Lavf58.45.100
    Stream #0:0: Video: gif, bgr8, 640x480 [SAR 1:1 DAR 4:3], q=2-31, 200 kb/s, 6 fps, 100 tbn, 6 tbc
    Metadata:
      encoder         : Lavc58.91.100 gif
[swscaler @ 0x133c890] deprecated pixel format used, make sure you did set range correctly
[swscaler @ 0x1322180] deprecated pixel format used, make sure you did set range correctly
frame=    2 fps=0.0 q=-0.0 Lsize=      71kB time=00:00:00.34 bitrate=1699.9kbits/s speed=3.62x    
video:71kB audio:0kB subtitle:0kB other streams:0kB global headers:0kB muxing overhead: 0.027691%
[2026-07-17 15:28:48] Rebuilt timelapse.gif
[main 7d34231] Daily image: 2026-07-17 15:28:46
 2 files changed, 0 insertions(+), 0 deletions(-)
 rewrite images/2026-07-17.jpg (98%)
 rewrite timelapse.gif (98%)
From github.com:UWIN-Dev/UWIN-Dev.github.io
 * branch            main       -> FETCH_HEAD
Current branch main is up to date.
To github.com:UWIN-Dev/UWIN-Dev.github.io.git
   b2b7cf0..7d34231  main -> main
[2026-07-17 15:28:50] === Successfully pushed 2026-07-17.jpg (and timelapse.gif) to main ===
[2026-07-18 12:00:01] === Starting daily capture for 2026-07-18 ===
[1m--- Opening /dev/video0...
[0m[0mTrying source module v4l2...
[0m[0m/dev/video0 opened.
[0m[0mNo input was specified, using the first.
[0m[1m--- Capturing frame...
[0m[0mSkipping 5 frames...
[0m[0mCapturing 1 frames...
[0m[0mCaptured 6 frames in 0.16 seconds. (37 fps)
[0m[1m--- Processing captured image...
[0m[0mDisabling banner.
[0m[0mSetting output format to JPEG, quality 85
[0m[0mWriting JPEG image to '/home/csic/grow-beyond-earth/images/2026-07-18.jpg'.
[0m[2026-07-18 12:00:02] Captured 2026-07-18.jpg
[2026-07-18 12:00:02] Regenerated manifest.json (entries: 3)
ffmpeg version 4.3.9-0+deb11u1+rpt1 Copyright (c) 2000-2025 the FFmpeg developers
  built with gcc 10 (Raspbian 10.2.1-6+rpi1)
  configuration: --prefix=/usr --extra-version=0+deb11u1+rpt1 --toolchain=hardened --incdir=/usr/include/arm-linux-gnueabihf --enable-gpl --disable-stripping --enable-avresample --disable-filter=resample --enable-gnutls --enable-ladspa --enable-libaom --enable-libass --enable-libbluray --enable-libbs2b --enable-libcaca --enable-libcdio --enable-libcodec2 --enable-libdav1d --enable-libflite --enable-libfontconfig --enable-libfreetype --enable-libfribidi --enable-libgme --enable-libgsm --enable-libjack --enable-libmp3lame --enable-libmysofa --enable-libopenjpeg --enable-libopenmpt --enable-libopus --enable-libpulse --enable-librabbitmq --enable-librsvg --enable-librubberband --enable-libshine --enable-libsnappy --enable-libsoxr --enable-libspeex --enable-libsrt --enable-libssh --enable-libtheora --enable-libtwolame --enable-libvidstab --enable-libvorbis --enable-libvpx --enable-libwavpack --enable-libwebp --enable-libx265 --enable-libxml2 --enable-libxvid --enable-libzmq --enable-libzvbi --enable-lv2 --enable-omx --enable-openal --enable-opencl --enable-opengl --enable-sdl2 --enable-mmal --enable-neon --enable-rpi --enable-v4l2-request --enable-libudev --enable-epoxy --enable-pocketsphinx --enable-libdc1394 --enable-libdrm --enable-vout-drm --enable-libiec61883 --enable-chromaprint --enable-frei0r --enable-libx264 --enable-shared --libdir=/usr/lib/arm-linux-gnueabihf --cpu=arm1176jzf-s --arch=arm
  WARNING: library configuration mismatch
  avutil      configuration: --prefix=/usr --extra-version=0+deb11u1+rpt1 --toolchain=hardened --incdir=/usr/include/arm-linux-gnueabihf --enable-gpl --disable-stripping --enable-avresample --disable-filter=resample --enable-gnutls --enable-ladspa --enable-libaom --enable-libass --enable-libbluray --enable-libbs2b --enable-libcaca --enable-libcdio --enable-libcodec2 --enable-libdav1d --enable-libflite --enable-libfontconfig --enable-libfreetype --enable-libfribidi --enable-libgme --enable-libgsm --enable-libjack --enable-libmp3lame --enable-libmysofa --enable-libopenjpeg --enable-libopenmpt --enable-libopus --enable-libpulse --enable-librabbitmq --enable-librsvg --enable-librubberband --enable-libshine --enable-libsnappy --enable-libsoxr --enable-libspeex --enable-libsrt --enable-libssh --enable-libtheora --enable-libtwolame --enable-libvidstab --enable-libvorbis --enable-libvpx --enable-libwavpack --enable-libwebp --enable-libx265 --enable-libxml2 --enable-libxvid --enable-libzmq --enable-libzvbi --enable-lv2 --enable-omx --enable-openal --enable-opencl --enable-opengl --enable-sdl2 --enable-mmal --enable-neon --enable-rpi --enable-v4l2-request --enable-libudev --enable-epoxy --enable-pocketsphinx --enable-libdc1394 --enable-libdrm --enable-vout-drm --enable-libiec61883 --enable-chromaprint --enable-frei0r --enable-libx264 --libdir=/usr/lib/arm-linux-gnueabihf/neon/vfp --cpu=cortex-a7 --arch=armv6t2 --disable-thumb --enable-shared --disable-doc --disable-programs
  avcodec     configuration: --prefix=/usr --extra-version=0+deb11u1+rpt1 --toolchain=hardened --incdir=/usr/include/arm-linux-gnueabihf --enable-gpl --disable-stripping --enable-avresample --disable-filter=resample --enable-gnutls --enable-ladspa --enable-libaom --enable-libass --enable-libbluray --enable-libbs2b --enable-libcaca --enable-libcdio --enable-libcodec2 --enable-libdav1d --enable-libflite --enable-libfontconfig --enable-libfreetype --enable-libfribidi --enable-libgme --enable-libgsm --enable-libjack --enable-libmp3lame --enable-libmysofa --enable-libopenjpeg --enable-libopenmpt --enable-libopus --enable-libpulse --enable-librabbitmq --enable-librsvg --enable-librubberband --enable-libshine --enable-libsnappy --enable-libsoxr --enable-libspeex --enable-libsrt --enable-libssh --enable-libtheora --enable-libtwolame --enable-libvidstab --enable-libvorbis --enable-libvpx --enable-libwavpack --enable-libwebp --enable-libx265 --enable-libxml2 --enable-libxvid --enable-libzmq --enable-libzvbi --enable-lv2 --enable-omx --enable-openal --enable-opencl --enable-opengl --enable-sdl2 --enable-mmal --enable-neon --enable-rpi --enable-v4l2-request --enable-libudev --enable-epoxy --enable-pocketsphinx --enable-libdc1394 --enable-libdrm --enable-vout-drm --enable-libiec61883 --enable-chromaprint --enable-frei0r --enable-libx264 --libdir=/usr/lib/arm-linux-gnueabihf/neon/vfp --cpu=cortex-a7 --arch=armv6t2 --disable-thumb --enable-shared --disable-doc --disable-programs
  avformat    configuration: --prefix=/usr --extra-version=0+deb11u1+rpt1 --toolchain=hardened --incdir=/usr/include/arm-linux-gnueabihf --enable-gpl --disable-stripping --enable-avresample --disable-filter=resample --enable-gnutls --enable-ladspa --enable-libaom --enable-libass --enable-libbluray --enable-libbs2b --enable-libcaca --enable-libcdio --enable-libcodec2 --enable-libdav1d --enable-libflite --enable-libfontconfig --enable-libfreetype --enable-libfribidi --enable-libgme --enable-libgsm --enable-libjack --enable-libmp3lame --enable-libmysofa --enable-libopenjpeg --enable-libopenmpt --enable-libopus --enable-libpulse --enable-librabbitmq --enable-librsvg --enable-librubberband --enable-libshine --enable-libsnappy --enable-libsoxr --enable-libspeex --enable-libsrt --enable-libssh --enable-libtheora --enable-libtwolame --enable-libvidstab --enable-libvorbis --enable-libvpx --enable-libwavpack --enable-libwebp --enable-libx265 --enable-libxml2 --enable-libxvid --enable-libzmq --enable-libzvbi --enable-lv2 --enable-omx --enable-openal --enable-opencl --enable-opengl --enable-sdl2 --enable-mmal --enable-neon --enable-rpi --enable-v4l2-request --enable-libudev --enable-epoxy --enable-pocketsphinx --enable-libdc1394 --enable-libdrm --enable-vout-drm --enable-libiec61883 --enable-chromaprint --enable-frei0r --enable-libx264 --libdir=/usr/lib/arm-linux-gnueabihf/neon/vfp --cpu=cortex-a7 --arch=armv6t2 --disable-thumb --enable-shared --disable-doc --disable-programs
  avdevice    configuration: --prefix=/usr --extra-version=0+deb11u1+rpt1 --toolchain=hardened --incdir=/usr/include/arm-linux-gnueabihf --enable-gpl --disable-stripping --enable-avresample --disable-filter=resample --enable-gnutls --enable-ladspa --enable-libaom --enable-libass --enable-libbluray --enable-libbs2b --enable-libcaca --enable-libcdio --enable-libcodec2 --enable-libdav1d --enable-libflite --enable-libfontconfig --enable-libfreetype --enable-libfribidi --enable-libgme --enable-libgsm --enable-libjack --enable-libmp3lame --enable-libmysofa --enable-libopenjpeg --enable-libopenmpt --enable-libopus --enable-libpulse --enable-librabbitmq --enable-librsvg --enable-librubberband --enable-libshine --enable-libsnappy --enable-libsoxr --enable-libspeex --enable-libsrt --enable-libssh --enable-libtheora --enable-libtwolame --enable-libvidstab --enable-libvorbis --enable-libvpx --enable-libwavpack --enable-libwebp --enable-libx265 --enable-libxml2 --enable-libxvid --enable-libzmq --enable-libzvbi --enable-lv2 --enable-omx --enable-openal --enable-opencl --enable-opengl --enable-sdl2 --enable-mmal --enable-neon --enable-rpi --enable-v4l2-request --enable-libudev --enable-epoxy --enable-pocketsphinx --enable-libdc1394 --enable-libdrm --enable-vout-drm --enable-libiec61883 --enable-chromaprint --enable-frei0r --enable-libx264 --libdir=/usr/lib/arm-linux-gnueabihf/neon/vfp --cpu=cortex-a7 --arch=armv6t2 --disable-thumb --enable-shared --disable-doc --disable-programs
  avfilter    configuration: --prefix=/usr --extra-version=0+deb11u1+rpt1 --toolchain=hardened --incdir=/usr/include/arm-linux-gnueabihf --enable-gpl --disable-stripping --enable-avresample --disable-filter=resample --enable-gnutls --enable-ladspa --enable-libaom --enable-libass --enable-libbluray --enable-libbs2b --enable-libcaca --enable-libcdio --enable-libcodec2 --enable-libdav1d --enable-libflite --enable-libfontconfig --enable-libfreetype --enable-libfribidi --enable-libgme --enable-libgsm --enable-libjack --enable-libmp3lame --enable-libmysofa --enable-libopenjpeg --enable-libopenmpt --enable-libopus --enable-libpulse --enable-librabbitmq --enable-librsvg --enable-librubberband --enable-libshine --enable-libsnappy --enable-libsoxr --enable-libspeex --enable-libsrt --enable-libssh --enable-libtheora --enable-libtwolame --enable-libvidstab --enable-libvorbis --enable-libvpx --enable-libwavpack --enable-libwebp --enable-libx265 --enable-libxml2 --enable-libxvid --enable-libzmq --enable-libzvbi --enable-lv2 --enable-omx --enable-openal --enable-opencl --enable-opengl --enable-sdl2 --enable-mmal --enable-neon --enable-rpi --enable-v4l2-request --enable-libudev --enable-epoxy --enable-pocketsphinx --enable-libdc1394 --enable-libdrm --enable-vout-drm --enable-libiec61883 --enable-chromaprint --enable-frei0r --enable-libx264 --libdir=/usr/lib/arm-linux-gnueabihf/neon/vfp --cpu=cortex-a7 --arch=armv6t2 --disable-thumb --enable-shared --disable-doc --disable-programs
  avresample  configuration: --prefix=/usr --extra-version=0+deb11u1+rpt1 --toolchain=hardened --incdir=/usr/include/arm-linux-gnueabihf --enable-gpl --disable-stripping --enable-avresample --disable-filter=resample --enable-gnutls --enable-ladspa --enable-libaom --enable-libass --enable-libbluray --enable-libbs2b --enable-libcaca --enable-libcdio --enable-libcodec2 --enable-libdav1d --enable-libflite --enable-libfontconfig --enable-libfreetype --enable-libfribidi --enable-libgme --enable-libgsm --enable-libjack --enable-libmp3lame --enable-libmysofa --enable-libopenjpeg --enable-libopenmpt --enable-libopus --enable-libpulse --enable-librabbitmq --enable-librsvg --enable-librubberband --enable-libshine --enable-libsnappy --enable-libsoxr --enable-libspeex --enable-libsrt --enable-libssh --enable-libtheora --enable-libtwolame --enable-libvidstab --enable-libvorbis --enable-libvpx --enable-libwavpack --enable-libwebp --enable-libx265 --enable-libxml2 --enable-libxvid --enable-libzmq --enable-libzvbi --enable-lv2 --enable-omx --enable-openal --enable-opencl --enable-opengl --enable-sdl2 --enable-mmal --enable-neon --enable-rpi --enable-v4l2-request --enable-libudev --enable-epoxy --enable-pocketsphinx --enable-libdc1394 --enable-libdrm --enable-vout-drm --enable-libiec61883 --enable-chromaprint --enable-frei0r --enable-libx264 --libdir=/usr/lib/arm-linux-gnueabihf/neon/vfp --cpu=cortex-a7 --arch=armv6t2 --disable-thumb --enable-shared --disable-doc --disable-programs
  swscale     configuration: --prefix=/usr --extra-version=0+deb11u1+rpt1 --toolchain=hardened --incdir=/usr/include/arm-linux-gnueabihf --enable-gpl --disable-stripping --enable-avresample --disable-filter=resample --enable-gnutls --enable-ladspa --enable-libaom --enable-libass --enable-libbluray --enable-libbs2b --enable-libcaca --enable-libcdio --enable-libcodec2 --enable-libdav1d --enable-libflite --enable-libfontconfig --enable-libfreetype --enable-libfribidi --enable-libgme --enable-libgsm --enable-libjack --enable-libmp3lame --enable-libmysofa --enable-libopenjpeg --enable-libopenmpt --enable-libopus --enable-libpulse --enable-librabbitmq --enable-librsvg --enable-librubberband --enable-libshine --enable-libsnappy --enable-libsoxr --enable-libspeex --enable-libsrt --enable-libssh --enable-libtheora --enable-libtwolame --enable-libvidstab --enable-libvorbis --enable-libvpx --enable-libwavpack --enable-libwebp --enable-libx265 --enable-libxml2 --enable-libxvid --enable-libzmq --enable-libzvbi --enable-lv2 --enable-omx --enable-openal --enable-opencl --enable-opengl --enable-sdl2 --enable-mmal --enable-neon --enable-rpi --enable-v4l2-request --enable-libudev --enable-epoxy --enable-pocketsphinx --enable-libdc1394 --enable-libdrm --enable-vout-drm --enable-libiec61883 --enable-chromaprint --enable-frei0r --enable-libx264 --libdir=/usr/lib/arm-linux-gnueabihf/neon/vfp --cpu=cortex-a7 --arch=armv6t2 --disable-thumb --enable-shared --disable-doc --disable-programs
  swresample  configuration: --prefix=/usr --extra-version=0+deb11u1+rpt1 --toolchain=hardened --incdir=/usr/include/arm-linux-gnueabihf --enable-gpl --disable-stripping --enable-avresample --disable-filter=resample --enable-gnutls --enable-ladspa --enable-libaom --enable-libass --enable-libbluray --enable-libbs2b --enable-libcaca --enable-libcdio --enable-libcodec2 --enable-libdav1d --enable-libflite --enable-libfontconfig --enable-libfreetype --enable-libfribidi --enable-libgme --enable-libgsm --enable-libjack --enable-libmp3lame --enable-libmysofa --enable-libopenjpeg --enable-libopenmpt --enable-libopus --enable-libpulse --enable-librabbitmq --enable-librsvg --enable-librubberband --enable-libshine --enable-libsnappy --enable-libsoxr --enable-libspeex --enable-libsrt --enable-libssh --enable-libtheora --enable-libtwolame --enable-libvidstab --enable-libvorbis --enable-libvpx --enable-libwavpack --enable-libwebp --enable-libx265 --enable-libxml2 --enable-libxvid --enable-libzmq --enable-libzvbi --enable-lv2 --enable-omx --enable-openal --enable-opencl --enable-opengl --enable-sdl2 --enable-mmal --enable-neon --enable-rpi --enable-v4l2-request --enable-libudev --enable-epoxy --enable-pocketsphinx --enable-libdc1394 --enable-libdrm --enable-vout-drm --enable-libiec61883 --enable-chromaprint --enable-frei0r --enable-libx264 --libdir=/usr/lib/arm-linux-gnueabihf/neon/vfp --cpu=cortex-a7 --arch=armv6t2 --disable-thumb --enable-shared --disable-doc --disable-programs
  postproc    configuration: --prefix=/usr --extra-version=0+deb11u1+rpt1 --toolchain=hardened --incdir=/usr/include/arm-linux-gnueabihf --enable-gpl --disable-stripping --enable-avresample --disable-filter=resample --enable-gnutls --enable-ladspa --enable-libaom --enable-libass --enable-libbluray --enable-libbs2b --enable-libcaca --enable-libcdio --enable-libcodec2 --enable-libdav1d --enable-libflite --enable-libfontconfig --enable-libfreetype --enable-libfribidi --enable-libgme --enable-libgsm --enable-libjack --enable-libmp3lame --enable-libmysofa --enable-libopenjpeg --enable-libopenmpt --enable-libopus --enable-libpulse --enable-librabbitmq --enable-librsvg --enable-librubberband --enable-libshine --enable-libsnappy --enable-libsoxr --enable-libspeex --enable-libsrt --enable-libssh --enable-libtheora --enable-libtwolame --enable-libvidstab --enable-libvorbis --enable-libvpx --enable-libwavpack --enable-libwebp --enable-libx265 --enable-libxml2 --enable-libxvid --enable-libzmq --enable-libzvbi --enable-lv2 --enable-omx --enable-openal --enable-opencl --enable-opengl --enable-sdl2 --enable-mmal --enable-neon --enable-rpi --enable-v4l2-request --enable-libudev --enable-epoxy --enable-pocketsphinx --enable-libdc1394 --enable-libdrm --enable-vout-drm --enable-libiec61883 --enable-chromaprint --enable-frei0r --enable-libx264 --libdir=/usr/lib/arm-linux-gnueabihf/neon/vfp --cpu=cortex-a7 --arch=armv6t2 --disable-thumb --enable-shared --disable-doc --disable-programs
  libavutil      56. 51.100 / 56. 51.100
  libavcodec     58. 91.100 / 58. 91.100
  libavformat    58. 45.100 / 58. 45.100
  libavdevice    58. 10.100 / 58. 10.100
  libavfilter     7. 85.100 /  7. 85.100
  libavresample   4.  0.  0 /  4.  0.  0
  libswscale      5.  7.100 /  5.  7.100
  libswresample   3.  7.100 /  3.  7.100
  libpostproc    55.  7.100 / 55.  7.100
Input #0, concat, from '/tmp/tmp.2a91HMSDzY':
  Duration: N/A, start: 0.000000, bitrate: N/A
    Stream #0:0: Video: mjpeg (Baseline), yuvj420p(pc, bt470bg/unknown/unknown), 640x480 [SAR 96:96 DAR 4:3], 25 tbr, 25 tbn, 25 tbc
Stream mapping:
  Stream #0:0 -> #0:0 (mjpeg (native) -> gif (native))
Press [q] to stop, [?] for help
[swscaler @ 0x1a85a40] deprecated pixel format used, make sure you did set range correctly
[swscaler @ 0x1a85a40] No accelerated colorspace conversion found from yuv420p to bgr8.
Output #0, gif, to '/tmp/tmp.m1JioBexKM.gif':
  Metadata:
    encoder         : Lavf58.45.100
    Stream #0:0: Video: gif, bgr8, 640x480 [SAR 1:1 DAR 4:3], q=2-31, 200 kb/s, 6 fps, 100 tbn, 6 tbc
    Metadata:
      encoder         : Lavc58.91.100 gif
[swscaler @ 0x1a85a40] deprecated pixel format used, make sure you did set range correctly
[swscaler @ 0x1a69460] deprecated pixel format used, make sure you did set range correctly
frame=    3 fps=0.0 q=-0.0 Lsize=     172kB time=00:00:00.51 bitrate=2758.1kbits/s speed=3.68x    
video:172kB audio:0kB subtitle:0kB other streams:0kB global headers:0kB muxing overhead: 0.011376%
[2026-07-18 12:00:03] Rebuilt timelapse.gif
[main e8cb5fa] Daily image: 2026-07-18 12:00:01
 3 files changed, 1 insertion(+)
 create mode 100644 images/2026-07-18.jpg
From github.com:UWIN-Dev/UWIN-Dev.github.io
 * branch            main       -> FETCH_HEAD
Current branch main is up to date.
To github.com:UWIN-Dev/UWIN-Dev.github.io.git
   7d34231..e8cb5fa  main -> main
[2026-07-18 12:00:05] === Successfully pushed 2026-07-18.jpg (and timelapse.gif) to main ===
[2026-07-19 12:00:01] === Starting daily capture for 2026-07-19 ===
[1m--- Opening /dev/video0...
[0m[0mTrying source module v4l2...
[0m[0m/dev/video0 opened.
[0m[0mNo input was specified, using the first.
[0m[1m--- Capturing frame...
[0m[0mSkipping 5 frames...
[0m[0mCapturing 1 frames...
[0m[0mCaptured 6 frames in 0.16 seconds. (38 fps)
[0m[1m--- Processing captured image...
[0m[0mDisabling banner.
[0m[0mSetting output format to JPEG, quality 85
[0m[0mWriting JPEG image to '/home/csic/grow-beyond-earth/images/2026-07-19.jpg'.
[0m[2026-07-19 12:00:03] Captured 2026-07-19.jpg
[2026-07-19 12:00:03] Regenerated manifest.json (entries: 4)
ffmpeg version 4.3.9-0+deb11u1+rpt1 Copyright (c) 2000-2025 the FFmpeg developers
  built with gcc 10 (Raspbian 10.2.1-6+rpi1)
  configuration: --prefix=/usr --extra-version=0+deb11u1+rpt1 --toolchain=hardened --incdir=/usr/include/arm-linux-gnueabihf --enable-gpl --disable-stripping --enable-avresample --disable-filter=resample --enable-gnutls --enable-ladspa --enable-libaom --enable-libass --enable-libbluray --enable-libbs2b --enable-libcaca --enable-libcdio --enable-libcodec2 --enable-libdav1d --enable-libflite --enable-libfontconfig --enable-libfreetype --enable-libfribidi --enable-libgme --enable-libgsm --enable-libjack --enable-libmp3lame --enable-libmysofa --enable-libopenjpeg --enable-libopenmpt --enable-libopus --enable-libpulse --enable-librabbitmq --enable-librsvg --enable-librubberband --enable-libshine --enable-libsnappy --enable-libsoxr --enable-libspeex --enable-libsrt --enable-libssh --enable-libtheora --enable-libtwolame --enable-libvidstab --enable-libvorbis --enable-libvpx --enable-libwavpack --enable-libwebp --enable-libx265 --enable-libxml2 --enable-libxvid --enable-libzmq --enable-libzvbi --enable-lv2 --enable-omx --enable-openal --enable-opencl --enable-opengl --enable-sdl2 --enable-mmal --enable-neon --enable-rpi --enable-v4l2-request --enable-libudev --enable-epoxy --enable-pocketsphinx --enable-libdc1394 --enable-libdrm --enable-vout-drm --enable-libiec61883 --enable-chromaprint --enable-frei0r --enable-libx264 --enable-shared --libdir=/usr/lib/arm-linux-gnueabihf --cpu=arm1176jzf-s --arch=arm
  WARNING: library configuration mismatch
  avutil      configuration: --prefix=/usr --extra-version=0+deb11u1+rpt1 --toolchain=hardened --incdir=/usr/include/arm-linux-gnueabihf --enable-gpl --disable-stripping --enable-avresample --disable-filter=resample --enable-gnutls --enable-ladspa --enable-libaom --enable-libass --enable-libbluray --enable-libbs2b --enable-libcaca --enable-libcdio --enable-libcodec2 --enable-libdav1d --enable-libflite --enable-libfontconfig --enable-libfreetype --enable-libfribidi --enable-libgme --enable-libgsm --enable-libjack --enable-libmp3lame --enable-libmysofa --enable-libopenjpeg --enable-libopenmpt --enable-libopus --enable-libpulse --enable-librabbitmq --enable-librsvg --enable-librubberband --enable-libshine --enable-libsnappy --enable-libsoxr --enable-libspeex --enable-libsrt --enable-libssh --enable-libtheora --enable-libtwolame --enable-libvidstab --enable-libvorbis --enable-libvpx --enable-libwavpack --enable-libwebp --enable-libx265 --enable-libxml2 --enable-libxvid --enable-libzmq --enable-libzvbi --enable-lv2 --enable-omx --enable-openal --enable-opencl --enable-opengl --enable-sdl2 --enable-mmal --enable-neon --enable-rpi --enable-v4l2-request --enable-libudev --enable-epoxy --enable-pocketsphinx --enable-libdc1394 --enable-libdrm --enable-vout-drm --enable-libiec61883 --enable-chromaprint --enable-frei0r --enable-libx264 --libdir=/usr/lib/arm-linux-gnueabihf/neon/vfp --cpu=cortex-a7 --arch=armv6t2 --disable-thumb --enable-shared --disable-doc --disable-programs
  avcodec     configuration: --prefix=/usr --extra-version=0+deb11u1+rpt1 --toolchain=hardened --incdir=/usr/include/arm-linux-gnueabihf --enable-gpl --disable-stripping --enable-avresample --disable-filter=resample --enable-gnutls --enable-ladspa --enable-libaom --enable-libass --enable-libbluray --enable-libbs2b --enable-libcaca --enable-libcdio --enable-libcodec2 --enable-libdav1d --enable-libflite --enable-libfontconfig --enable-libfreetype --enable-libfribidi --enable-libgme --enable-libgsm --enable-libjack --enable-libmp3lame --enable-libmysofa --enable-libopenjpeg --enable-libopenmpt --enable-libopus --enable-libpulse --enable-librabbitmq --enable-librsvg --enable-librubberband --enable-libshine --enable-libsnappy --enable-libsoxr --enable-libspeex --enable-libsrt --enable-libssh --enable-libtheora --enable-libtwolame --enable-libvidstab --enable-libvorbis --enable-libvpx --enable-libwavpack --enable-libwebp --enable-libx265 --enable-libxml2 --enable-libxvid --enable-libzmq --enable-libzvbi --enable-lv2 --enable-omx --enable-openal --enable-opencl --enable-opengl --enable-sdl2 --enable-mmal --enable-neon --enable-rpi --enable-v4l2-request --enable-libudev --enable-epoxy --enable-pocketsphinx --enable-libdc1394 --enable-libdrm --enable-vout-drm --enable-libiec61883 --enable-chromaprint --enable-frei0r --enable-libx264 --libdir=/usr/lib/arm-linux-gnueabihf/neon/vfp --cpu=cortex-a7 --arch=armv6t2 --disable-thumb --enable-shared --disable-doc --disable-programs
  avformat    configuration: --prefix=/usr --extra-version=0+deb11u1+rpt1 --toolchain=hardened --incdir=/usr/include/arm-linux-gnueabihf --enable-gpl --disable-stripping --enable-avresample --disable-filter=resample --enable-gnutls --enable-ladspa --enable-libaom --enable-libass --enable-libbluray --enable-libbs2b --enable-libcaca --enable-libcdio --enable-libcodec2 --enable-libdav1d --enable-libflite --enable-libfontconfig --enable-libfreetype --enable-libfribidi --enable-libgme --enable-libgsm --enable-libjack --enable-libmp3lame --enable-libmysofa --enable-libopenjpeg --enable-libopenmpt --enable-libopus --enable-libpulse --enable-librabbitmq --enable-librsvg --enable-librubberband --enable-libshine --enable-libsnappy --enable-libsoxr --enable-libspeex --enable-libsrt --enable-libssh --enable-libtheora --enable-libtwolame --enable-libvidstab --enable-libvorbis --enable-libvpx --enable-libwavpack --enable-libwebp --enable-libx265 --enable-libxml2 --enable-libxvid --enable-libzmq --enable-libzvbi --enable-lv2 --enable-omx --enable-openal --enable-opencl --enable-opengl --enable-sdl2 --enable-mmal --enable-neon --enable-rpi --enable-v4l2-request --enable-libudev --enable-epoxy --enable-pocketsphinx --enable-libdc1394 --enable-libdrm --enable-vout-drm --enable-libiec61883 --enable-chromaprint --enable-frei0r --enable-libx264 --libdir=/usr/lib/arm-linux-gnueabihf/neon/vfp --cpu=cortex-a7 --arch=armv6t2 --disable-thumb --enable-shared --disable-doc --disable-programs
  avdevice    configuration: --prefix=/usr --extra-version=0+deb11u1+rpt1 --toolchain=hardened --incdir=/usr/include/arm-linux-gnueabihf --enable-gpl --disable-stripping --enable-avresample --disable-filter=resample --enable-gnutls --enable-ladspa --enable-libaom --enable-libass --enable-libbluray --enable-libbs2b --enable-libcaca --enable-libcdio --enable-libcodec2 --enable-libdav1d --enable-libflite --enable-libfontconfig --enable-libfreetype --enable-libfribidi --enable-libgme --enable-libgsm --enable-libjack --enable-libmp3lame --enable-libmysofa --enable-libopenjpeg --enable-libopenmpt --enable-libopus --enable-libpulse --enable-librabbitmq --enable-librsvg --enable-librubberband --enable-libshine --enable-libsnappy --enable-libsoxr --enable-libspeex --enable-libsrt --enable-libssh --enable-libtheora --enable-libtwolame --enable-libvidstab --enable-libvorbis --enable-libvpx --enable-libwavpack --enable-libwebp --enable-libx265 --enable-libxml2 --enable-libxvid --enable-libzmq --enable-libzvbi --enable-lv2 --enable-omx --enable-openal --enable-opencl --enable-opengl --enable-sdl2 --enable-mmal --enable-neon --enable-rpi --enable-v4l2-request --enable-libudev --enable-epoxy --enable-pocketsphinx --enable-libdc1394 --enable-libdrm --enable-vout-drm --enable-libiec61883 --enable-chromaprint --enable-frei0r --enable-libx264 --libdir=/usr/lib/arm-linux-gnueabihf/neon/vfp --cpu=cortex-a7 --arch=armv6t2 --disable-thumb --enable-shared --disable-doc --disable-programs
  avfilter    configuration: --prefix=/usr --extra-version=0+deb11u1+rpt1 --toolchain=hardened --incdir=/usr/include/arm-linux-gnueabihf --enable-gpl --disable-stripping --enable-avresample --disable-filter=resample --enable-gnutls --enable-ladspa --enable-libaom --enable-libass --enable-libbluray --enable-libbs2b --enable-libcaca --enable-libcdio --enable-libcodec2 --enable-libdav1d --enable-libflite --enable-libfontconfig --enable-libfreetype --enable-libfribidi --enable-libgme --enable-libgsm --enable-libjack --enable-libmp3lame --enable-libmysofa --enable-libopenjpeg --enable-libopenmpt --enable-libopus --enable-libpulse --enable-librabbitmq --enable-librsvg --enable-librubberband --enable-libshine --enable-libsnappy --enable-libsoxr --enable-libspeex --enable-libsrt --enable-libssh --enable-libtheora --enable-libtwolame --enable-libvidstab --enable-libvorbis --enable-libvpx --enable-libwavpack --enable-libwebp --enable-libx265 --enable-libxml2 --enable-libxvid --enable-libzmq --enable-libzvbi --enable-lv2 --enable-omx --enable-openal --enable-opencl --enable-opengl --enable-sdl2 --enable-mmal --enable-neon --enable-rpi --enable-v4l2-request --enable-libudev --enable-epoxy --enable-pocketsphinx --enable-libdc1394 --enable-libdrm --enable-vout-drm --enable-libiec61883 --enable-chromaprint --enable-frei0r --enable-libx264 --libdir=/usr/lib/arm-linux-gnueabihf/neon/vfp --cpu=cortex-a7 --arch=armv6t2 --disable-thumb --enable-shared --disable-doc --disable-programs
  avresample  configuration: --prefix=/usr --extra-version=0+deb11u1+rpt1 --toolchain=hardened --incdir=/usr/include/arm-linux-gnueabihf --enable-gpl --disable-stripping --enable-avresample --disable-filter=resample --enable-gnutls --enable-ladspa --enable-libaom --enable-libass --enable-libbluray --enable-libbs2b --enable-libcaca --enable-libcdio --enable-libcodec2 --enable-libdav1d --enable-libflite --enable-libfontconfig --enable-libfreetype --enable-libfribidi --enable-libgme --enable-libgsm --enable-libjack --enable-libmp3lame --enable-libmysofa --enable-libopenjpeg --enable-libopenmpt --enable-libopus --enable-libpulse --enable-librabbitmq --enable-librsvg --enable-librubberband --enable-libshine --enable-libsnappy --enable-libsoxr --enable-libspeex --enable-libsrt --enable-libssh --enable-libtheora --enable-libtwolame --enable-libvidstab --enable-libvorbis --enable-libvpx --enable-libwavpack --enable-libwebp --enable-libx265 --enable-libxml2 --enable-libxvid --enable-libzmq --enable-libzvbi --enable-lv2 --enable-omx --enable-openal --enable-opencl --enable-opengl --enable-sdl2 --enable-mmal --enable-neon --enable-rpi --enable-v4l2-request --enable-libudev --enable-epoxy --enable-pocketsphinx --enable-libdc1394 --enable-libdrm --enable-vout-drm --enable-libiec61883 --enable-chromaprint --enable-frei0r --enable-libx264 --libdir=/usr/lib/arm-linux-gnueabihf/neon/vfp --cpu=cortex-a7 --arch=armv6t2 --disable-thumb --enable-shared --disable-doc --disable-programs
  swscale     configuration: --prefix=/usr --extra-version=0+deb11u1+rpt1 --toolchain=hardened --incdir=/usr/include/arm-linux-gnueabihf --enable-gpl --disable-stripping --enable-avresample --disable-filter=resample --enable-gnutls --enable-ladspa --enable-libaom --enable-libass --enable-libbluray --enable-libbs2b --enable-libcaca --enable-libcdio --enable-libcodec2 --enable-libdav1d --enable-libflite --enable-libfontconfig --enable-libfreetype --enable-libfribidi --enable-libgme --enable-libgsm --enable-libjack --enable-libmp3lame --enable-libmysofa --enable-libopenjpeg --enable-libopenmpt --enable-libopus --enable-libpulse --enable-librabbitmq --enable-librsvg --enable-librubberband --enable-libshine --enable-libsnappy --enable-libsoxr --enable-libspeex --enable-libsrt --enable-libssh --enable-libtheora --enable-libtwolame --enable-libvidstab --enable-libvorbis --enable-libvpx --enable-libwavpack --enable-libwebp --enable-libx265 --enable-libxml2 --enable-libxvid --enable-libzmq --enable-libzvbi --enable-lv2 --enable-omx --enable-openal --enable-opencl --enable-opengl --enable-sdl2 --enable-mmal --enable-neon --enable-rpi --enable-v4l2-request --enable-libudev --enable-epoxy --enable-pocketsphinx --enable-libdc1394 --enable-libdrm --enable-vout-drm --enable-libiec61883 --enable-chromaprint --enable-frei0r --enable-libx264 --libdir=/usr/lib/arm-linux-gnueabihf/neon/vfp --cpu=cortex-a7 --arch=armv6t2 --disable-thumb --enable-shared --disable-doc --disable-programs
  swresample  configuration: --prefix=/usr --extra-version=0+deb11u1+rpt1 --toolchain=hardened --incdir=/usr/include/arm-linux-gnueabihf --enable-gpl --disable-stripping --enable-avresample --disable-filter=resample --enable-gnutls --enable-ladspa --enable-libaom --enable-libass --enable-libbluray --enable-libbs2b --enable-libcaca --enable-libcdio --enable-libcodec2 --enable-libdav1d --enable-libflite --enable-libfontconfig --enable-libfreetype --enable-libfribidi --enable-libgme --enable-libgsm --enable-libjack --enable-libmp3lame --enable-libmysofa --enable-libopenjpeg --enable-libopenmpt --enable-libopus --enable-libpulse --enable-librabbitmq --enable-librsvg --enable-librubberband --enable-libshine --enable-libsnappy --enable-libsoxr --enable-libspeex --enable-libsrt --enable-libssh --enable-libtheora --enable-libtwolame --enable-libvidstab --enable-libvorbis --enable-libvpx --enable-libwavpack --enable-libwebp --enable-libx265 --enable-libxml2 --enable-libxvid --enable-libzmq --enable-libzvbi --enable-lv2 --enable-omx --enable-openal --enable-opencl --enable-opengl --enable-sdl2 --enable-mmal --enable-neon --enable-rpi --enable-v4l2-request --enable-libudev --enable-epoxy --enable-pocketsphinx --enable-libdc1394 --enable-libdrm --enable-vout-drm --enable-libiec61883 --enable-chromaprint --enable-frei0r --enable-libx264 --libdir=/usr/lib/arm-linux-gnueabihf/neon/vfp --cpu=cortex-a7 --arch=armv6t2 --disable-thumb --enable-shared --disable-doc --disable-programs
  postproc    configuration: --prefix=/usr --extra-version=0+deb11u1+rpt1 --toolchain=hardened --incdir=/usr/include/arm-linux-gnueabihf --enable-gpl --disable-stripping --enable-avresample --disable-filter=resample --enable-gnutls --enable-ladspa --enable-libaom --enable-libass --enable-libbluray --enable-libbs2b --enable-libcaca --enable-libcdio --enable-libcodec2 --enable-libdav1d --enable-libflite --enable-libfontconfig --enable-libfreetype --enable-libfribidi --enable-libgme --enable-libgsm --enable-libjack --enable-libmp3lame --enable-libmysofa --enable-libopenjpeg --enable-libopenmpt --enable-libopus --enable-libpulse --enable-librabbitmq --enable-librsvg --enable-librubberband --enable-libshine --enable-libsnappy --enable-libsoxr --enable-libspeex --enable-libsrt --enable-libssh --enable-libtheora --enable-libtwolame --enable-libvidstab --enable-libvorbis --enable-libvpx --enable-libwavpack --enable-libwebp --enable-libx265 --enable-libxml2 --enable-libxvid --enable-libzmq --enable-libzvbi --enable-lv2 --enable-omx --enable-openal --enable-opencl --enable-opengl --enable-sdl2 --enable-mmal --enable-neon --enable-rpi --enable-v4l2-request --enable-libudev --enable-epoxy --enable-pocketsphinx --enable-libdc1394 --enable-libdrm --enable-vout-drm --enable-libiec61883 --enable-chromaprint --enable-frei0r --enable-libx264 --libdir=/usr/lib/arm-linux-gnueabihf/neon/vfp --cpu=cortex-a7 --arch=armv6t2 --disable-thumb --enable-shared --disable-doc --disable-programs
  libavutil      56. 51.100 / 56. 51.100
  libavcodec     58. 91.100 / 58. 91.100
  libavformat    58. 45.100 / 58. 45.100
  libavdevice    58. 10.100 / 58. 10.100
  libavfilter     7. 85.100 /  7. 85.100
  libavresample   4.  0.  0 /  4.  0.  0
  libswscale      5.  7.100 /  5.  7.100
  libswresample   3.  7.100 /  3.  7.100
  libpostproc    55.  7.100 / 55.  7.100
Input #0, concat, from '/tmp/tmp.Xpj83L5BAn':
  Duration: N/A, start: 0.000000, bitrate: N/A
    Stream #0:0: Video: mjpeg (Baseline), yuvj420p(pc, bt470bg/unknown/unknown), 640x480 [SAR 96:96 DAR 4:3], 25 tbr, 25 tbn, 25 tbc
Stream mapping:
  Stream #0:0 -> #0:0 (mjpeg (native) -> gif (native))
Press [q] to stop, [?] for help
[swscaler @ 0x1546b60] deprecated pixel format used, make sure you did set range correctly
[swscaler @ 0x1546b60] No accelerated colorspace conversion found from yuv420p to bgr8.
Output #0, gif, to '/tmp/tmp.VdlJf5Y7R8.gif':
  Metadata:
    encoder         : Lavf58.45.100
    Stream #0:0: Video: gif, bgr8, 640x480 [SAR 1:1 DAR 4:3], q=2-31, 200 kb/s, 6 fps, 100 tbn, 6 tbc
    Metadata:
      encoder         : Lavc58.91.100 gif
[swscaler @ 0x1546b60] deprecated pixel format used, make sure you did set range correctly
[swscaler @ 0x152a420] deprecated pixel format used, make sure you did set range correctly
frame=    4 fps=0.0 q=-0.0 Lsize=     228kB time=00:00:00.68 bitrate=2741.6kbits/s speed= 3.8x    
video:228kB audio:0kB subtitle:0kB other streams:0kB global headers:0kB muxing overhead: 0.008583%
[2026-07-19 12:00:03] Rebuilt timelapse.gif
[main 35bce7c] Daily image: 2026-07-19 12:00:01
 3 files changed, 1 insertion(+)
 create mode 100644 images/2026-07-19.jpg
From github.com:UWIN-Dev/UWIN-Dev.github.io
 * branch            main       -> FETCH_HEAD
Current branch main is up to date.
To github.com:UWIN-Dev/UWIN-Dev.github.io.git
   e8cb5fa..35bce7c  main -> main
[2026-07-19 12:00:06] === Successfully pushed 2026-07-19.jpg (and timelapse.gif) to main ===
[2026-07-20 12:00:01] === Starting daily capture for 2026-07-20 ===
[1m--- Opening /dev/video0...
[0m[0mTrying source module v4l2...
[0m[0m/dev/video0 opened.
[0m[0mNo input was specified, using the first.
[0m[1m--- Capturing frame...
[0m[0mSkipping 5 frames...
[0m[0mCapturing 1 frames...
[0m[0mCaptured 6 frames in 0.16 seconds. (38 fps)
[0m[1m--- Processing captured image...
[0m[0mDisabling banner.
[0m[0mSetting output format to JPEG, quality 85
[0m[0mWriting JPEG image to '/home/csic/grow-beyond-earth/images/2026-07-20.jpg'.
[0m[2026-07-20 12:00:02] Captured 2026-07-20.jpg
[2026-07-20 12:00:02] Regenerated manifest.json (entries: 5)
ffmpeg version 4.3.9-0+deb11u1+rpt1 Copyright (c) 2000-2025 the FFmpeg developers
  built with gcc 10 (Raspbian 10.2.1-6+rpi1)
  configuration: --prefix=/usr --extra-version=0+deb11u1+rpt1 --toolchain=hardened --incdir=/usr/include/arm-linux-gnueabihf --enable-gpl --disable-stripping --enable-avresample --disable-filter=resample --enable-gnutls --enable-ladspa --enable-libaom --enable-libass --enable-libbluray --enable-libbs2b --enable-libcaca --enable-libcdio --enable-libcodec2 --enable-libdav1d --enable-libflite --enable-libfontconfig --enable-libfreetype --enable-libfribidi --enable-libgme --enable-libgsm --enable-libjack --enable-libmp3lame --enable-libmysofa --enable-libopenjpeg --enable-libopenmpt --enable-libopus --enable-libpulse --enable-librabbitmq --enable-librsvg --enable-librubberband --enable-libshine --enable-libsnappy --enable-libsoxr --enable-libspeex --enable-libsrt --enable-libssh --enable-libtheora --enable-libtwolame --enable-libvidstab --enable-libvorbis --enable-libvpx --enable-libwavpack --enable-libwebp --enable-libx265 --enable-libxml2 --enable-libxvid --enable-libzmq --enable-libzvbi --enable-lv2 --enable-omx --enable-openal --enable-opencl --enable-opengl --enable-sdl2 --enable-mmal --enable-neon --enable-rpi --enable-v4l2-request --enable-libudev --enable-epoxy --enable-pocketsphinx --enable-libdc1394 --enable-libdrm --enable-vout-drm --enable-libiec61883 --enable-chromaprint --enable-frei0r --enable-libx264 --enable-shared --libdir=/usr/lib/arm-linux-gnueabihf --cpu=arm1176jzf-s --arch=arm
  WARNING: library configuration mismatch
  avutil      configuration: --prefix=/usr --extra-version=0+deb11u1+rpt1 --toolchain=hardened --incdir=/usr/include/arm-linux-gnueabihf --enable-gpl --disable-stripping --enable-avresample --disable-filter=resample --enable-gnutls --enable-ladspa --enable-libaom --enable-libass --enable-libbluray --enable-libbs2b --enable-libcaca --enable-libcdio --enable-libcodec2 --enable-libdav1d --enable-libflite --enable-libfontconfig --enable-libfreetype --enable-libfribidi --enable-libgme --enable-libgsm --enable-libjack --enable-libmp3lame --enable-libmysofa --enable-libopenjpeg --enable-libopenmpt --enable-libopus --enable-libpulse --enable-librabbitmq --enable-librsvg --enable-librubberband --enable-libshine --enable-libsnappy --enable-libsoxr --enable-libspeex --enable-libsrt --enable-libssh --enable-libtheora --enable-libtwolame --enable-libvidstab --enable-libvorbis --enable-libvpx --enable-libwavpack --enable-libwebp --enable-libx265 --enable-libxml2 --enable-libxvid --enable-libzmq --enable-libzvbi --enable-lv2 --enable-omx --enable-openal --enable-opencl --enable-opengl --enable-sdl2 --enable-mmal --enable-neon --enable-rpi --enable-v4l2-request --enable-libudev --enable-epoxy --enable-pocketsphinx --enable-libdc1394 --enable-libdrm --enable-vout-drm --enable-libiec61883 --enable-chromaprint --enable-frei0r --enable-libx264 --libdir=/usr/lib/arm-linux-gnueabihf/neon/vfp --cpu=cortex-a7 --arch=armv6t2 --disable-thumb --enable-shared --disable-doc --disable-programs
  avcodec     configuration: --prefix=/usr --extra-version=0+deb11u1+rpt1 --toolchain=hardened --incdir=/usr/include/arm-linux-gnueabihf --enable-gpl --disable-stripping --enable-avresample --disable-filter=resample --enable-gnutls --enable-ladspa --enable-libaom --enable-libass --enable-libbluray --enable-libbs2b --enable-libcaca --enable-libcdio --enable-libcodec2 --enable-libdav1d --enable-libflite --enable-libfontconfig --enable-libfreetype --enable-libfribidi --enable-libgme --enable-libgsm --enable-libjack --enable-libmp3lame --enable-libmysofa --enable-libopenjpeg --enable-libopenmpt --enable-libopus --enable-libpulse --enable-librabbitmq --enable-librsvg --enable-librubberband --enable-libshine --enable-libsnappy --enable-libsoxr --enable-libspeex --enable-libsrt --enable-libssh --enable-libtheora --enable-libtwolame --enable-libvidstab --enable-libvorbis --enable-libvpx --enable-libwavpack --enable-libwebp --enable-libx265 --enable-libxml2 --enable-libxvid --enable-libzmq --enable-libzvbi --enable-lv2 --enable-omx --enable-openal --enable-opencl --enable-opengl --enable-sdl2 --enable-mmal --enable-neon --enable-rpi --enable-v4l2-request --enable-libudev --enable-epoxy --enable-pocketsphinx --enable-libdc1394 --enable-libdrm --enable-vout-drm --enable-libiec61883 --enable-chromaprint --enable-frei0r --enable-libx264 --libdir=/usr/lib/arm-linux-gnueabihf/neon/vfp --cpu=cortex-a7 --arch=armv6t2 --disable-thumb --enable-shared --disable-doc --disable-programs
  avformat    configuration: --prefix=/usr --extra-version=0+deb11u1+rpt1 --toolchain=hardened --incdir=/usr/include/arm-linux-gnueabihf --enable-gpl --disable-stripping --enable-avresample --disable-filter=resample --enable-gnutls --enable-ladspa --enable-libaom --enable-libass --enable-libbluray --enable-libbs2b --enable-libcaca --enable-libcdio --enable-libcodec2 --enable-libdav1d --enable-libflite --enable-libfontconfig --enable-libfreetype --enable-libfribidi --enable-libgme --enable-libgsm --enable-libjack --enable-libmp3lame --enable-libmysofa --enable-libopenjpeg --enable-libopenmpt --enable-libopus --enable-libpulse --enable-librabbitmq --enable-librsvg --enable-librubberband --enable-libshine --enable-libsnappy --enable-libsoxr --enable-libspeex --enable-libsrt --enable-libssh --enable-libtheora --enable-libtwolame --enable-libvidstab --enable-libvorbis --enable-libvpx --enable-libwavpack --enable-libwebp --enable-libx265 --enable-libxml2 --enable-libxvid --enable-libzmq --enable-libzvbi --enable-lv2 --enable-omx --enable-openal --enable-opencl --enable-opengl --enable-sdl2 --enable-mmal --enable-neon --enable-rpi --enable-v4l2-request --enable-libudev --enable-epoxy --enable-pocketsphinx --enable-libdc1394 --enable-libdrm --enable-vout-drm --enable-libiec61883 --enable-chromaprint --enable-frei0r --enable-libx264 --libdir=/usr/lib/arm-linux-gnueabihf/neon/vfp --cpu=cortex-a7 --arch=armv6t2 --disable-thumb --enable-shared --disable-doc --disable-programs
  avdevice    configuration: --prefix=/usr --extra-version=0+deb11u1+rpt1 --toolchain=hardened --incdir=/usr/include/arm-linux-gnueabihf --enable-gpl --disable-stripping --enable-avresample --disable-filter=resample --enable-gnutls --enable-ladspa --enable-libaom --enable-libass --enable-libbluray --enable-libbs2b --enable-libcaca --enable-libcdio --enable-libcodec2 --enable-libdav1d --enable-libflite --enable-libfontconfig --enable-libfreetype --enable-libfribidi --enable-libgme --enable-libgsm --enable-libjack --enable-libmp3lame --enable-libmysofa --enable-libopenjpeg --enable-libopenmpt --enable-libopus --enable-libpulse --enable-librabbitmq --enable-librsvg --enable-librubberband --enable-libshine --enable-libsnappy --enable-libsoxr --enable-libspeex --enable-libsrt --enable-libssh --enable-libtheora --enable-libtwolame --enable-libvidstab --enable-libvorbis --enable-libvpx --enable-libwavpack --enable-libwebp --enable-libx265 --enable-libxml2 --enable-libxvid --enable-libzmq --enable-libzvbi --enable-lv2 --enable-omx --enable-openal --enable-opencl --enable-opengl --enable-sdl2 --enable-mmal --enable-neon --enable-rpi --enable-v4l2-request --enable-libudev --enable-epoxy --enable-pocketsphinx --enable-libdc1394 --enable-libdrm --enable-vout-drm --enable-libiec61883 --enable-chromaprint --enable-frei0r --enable-libx264 --libdir=/usr/lib/arm-linux-gnueabihf/neon/vfp --cpu=cortex-a7 --arch=armv6t2 --disable-thumb --enable-shared --disable-doc --disable-programs
  avfilter    configuration: --prefix=/usr --extra-version=0+deb11u1+rpt1 --toolchain=hardened --incdir=/usr/include/arm-linux-gnueabihf --enable-gpl --disable-stripping --enable-avresample --disable-filter=resample --enable-gnutls --enable-ladspa --enable-libaom --enable-libass --enable-libbluray --enable-libbs2b --enable-libcaca --enable-libcdio --enable-libcodec2 --enable-libdav1d --enable-libflite --enable-libfontconfig --enable-libfreetype --enable-libfribidi --enable-libgme --enable-libgsm --enable-libjack --enable-libmp3lame --enable-libmysofa --enable-libopenjpeg --enable-libopenmpt --enable-libopus --enable-libpulse --enable-librabbitmq --enable-librsvg --enable-librubberband --enable-libshine --enable-libsnappy --enable-libsoxr --enable-libspeex --enable-libsrt --enable-libssh --enable-libtheora --enable-libtwolame --enable-libvidstab --enable-libvorbis --enable-libvpx --enable-libwavpack --enable-libwebp --enable-libx265 --enable-libxml2 --enable-libxvid --enable-libzmq --enable-libzvbi --enable-lv2 --enable-omx --enable-openal --enable-opencl --enable-opengl --enable-sdl2 --enable-mmal --enable-neon --enable-rpi --enable-v4l2-request --enable-libudev --enable-epoxy --enable-pocketsphinx --enable-libdc1394 --enable-libdrm --enable-vout-drm --enable-libiec61883 --enable-chromaprint --enable-frei0r --enable-libx264 --libdir=/usr/lib/arm-linux-gnueabihf/neon/vfp --cpu=cortex-a7 --arch=armv6t2 --disable-thumb --enable-shared --disable-doc --disable-programs
  avresample  configuration: --prefix=/usr --extra-version=0+deb11u1+rpt1 --toolchain=hardened --incdir=/usr/include/arm-linux-gnueabihf --enable-gpl --disable-stripping --enable-avresample --disable-filter=resample --enable-gnutls --enable-ladspa --enable-libaom --enable-libass --enable-libbluray --enable-libbs2b --enable-libcaca --enable-libcdio --enable-libcodec2 --enable-libdav1d --enable-libflite --enable-libfontconfig --enable-libfreetype --enable-libfribidi --enable-libgme --enable-libgsm --enable-libjack --enable-libmp3lame --enable-libmysofa --enable-libopenjpeg --enable-libopenmpt --enable-libopus --enable-libpulse --enable-librabbitmq --enable-librsvg --enable-librubberband --enable-libshine --enable-libsnappy --enable-libsoxr --enable-libspeex --enable-libsrt --enable-libssh --enable-libtheora --enable-libtwolame --enable-libvidstab --enable-libvorbis --enable-libvpx --enable-libwavpack --enable-libwebp --enable-libx265 --enable-libxml2 --enable-libxvid --enable-libzmq --enable-libzvbi --enable-lv2 --enable-omx --enable-openal --enable-opencl --enable-opengl --enable-sdl2 --enable-mmal --enable-neon --enable-rpi --enable-v4l2-request --enable-libudev --enable-epoxy --enable-pocketsphinx --enable-libdc1394 --enable-libdrm --enable-vout-drm --enable-libiec61883 --enable-chromaprint --enable-frei0r --enable-libx264 --libdir=/usr/lib/arm-linux-gnueabihf/neon/vfp --cpu=cortex-a7 --arch=armv6t2 --disable-thumb --enable-shared --disable-doc --disable-programs
  swscale     configuration: --prefix=/usr --extra-version=0+deb11u1+rpt1 --toolchain=hardened --incdir=/usr/include/arm-linux-gnueabihf --enable-gpl --disable-stripping --enable-avresample --disable-filter=resample --enable-gnutls --enable-ladspa --enable-libaom --enable-libass --enable-libbluray --enable-libbs2b --enable-libcaca --enable-libcdio --enable-libcodec2 --enable-libdav1d --enable-libflite --enable-libfontconfig --enable-libfreetype --enable-libfribidi --enable-libgme --enable-libgsm --enable-libjack --enable-libmp3lame --enable-libmysofa --enable-libopenjpeg --enable-libopenmpt --enable-libopus --enable-libpulse --enable-librabbitmq --enable-librsvg --enable-librubberband --enable-libshine --enable-libsnappy --enable-libsoxr --enable-libspeex --enable-libsrt --enable-libssh --enable-libtheora --enable-libtwolame --enable-libvidstab --enable-libvorbis --enable-libvpx --enable-libwavpack --enable-libwebp --enable-libx265 --enable-libxml2 --enable-libxvid --enable-libzmq --enable-libzvbi --enable-lv2 --enable-omx --enable-openal --enable-opencl --enable-opengl --enable-sdl2 --enable-mmal --enable-neon --enable-rpi --enable-v4l2-request --enable-libudev --enable-epoxy --enable-pocketsphinx --enable-libdc1394 --enable-libdrm --enable-vout-drm --enable-libiec61883 --enable-chromaprint --enable-frei0r --enable-libx264 --libdir=/usr/lib/arm-linux-gnueabihf/neon/vfp --cpu=cortex-a7 --arch=armv6t2 --disable-thumb --enable-shared --disable-doc --disable-programs
  swresample  configuration: --prefix=/usr --extra-version=0+deb11u1+rpt1 --toolchain=hardened --incdir=/usr/include/arm-linux-gnueabihf --enable-gpl --disable-stripping --enable-avresample --disable-filter=resample --enable-gnutls --enable-ladspa --enable-libaom --enable-libass --enable-libbluray --enable-libbs2b --enable-libcaca --enable-libcdio --enable-libcodec2 --enable-libdav1d --enable-libflite --enable-libfontconfig --enable-libfreetype --enable-libfribidi --enable-libgme --enable-libgsm --enable-libjack --enable-libmp3lame --enable-libmysofa --enable-libopenjpeg --enable-libopenmpt --enable-libopus --enable-libpulse --enable-librabbitmq --enable-librsvg --enable-librubberband --enable-libshine --enable-libsnappy --enable-libsoxr --enable-libspeex --enable-libsrt --enable-libssh --enable-libtheora --enable-libtwolame --enable-libvidstab --enable-libvorbis --enable-libvpx --enable-libwavpack --enable-libwebp --enable-libx265 --enable-libxml2 --enable-libxvid --enable-libzmq --enable-libzvbi --enable-lv2 --enable-omx --enable-openal --enable-opencl --enable-opengl --enable-sdl2 --enable-mmal --enable-neon --enable-rpi --enable-v4l2-request --enable-libudev --enable-epoxy --enable-pocketsphinx --enable-libdc1394 --enable-libdrm --enable-vout-drm --enable-libiec61883 --enable-chromaprint --enable-frei0r --enable-libx264 --libdir=/usr/lib/arm-linux-gnueabihf/neon/vfp --cpu=cortex-a7 --arch=armv6t2 --disable-thumb --enable-shared --disable-doc --disable-programs
  postproc    configuration: --prefix=/usr --extra-version=0+deb11u1+rpt1 --toolchain=hardened --incdir=/usr/include/arm-linux-gnueabihf --enable-gpl --disable-stripping --enable-avresample --disable-filter=resample --enable-gnutls --enable-ladspa --enable-libaom --enable-libass --enable-libbluray --enable-libbs2b --enable-libcaca --enable-libcdio --enable-libcodec2 --enable-libdav1d --enable-libflite --enable-libfontconfig --enable-libfreetype --enable-libfribidi --enable-libgme --enable-libgsm --enable-libjack --enable-libmp3lame --enable-libmysofa --enable-libopenjpeg --enable-libopenmpt --enable-libopus --enable-libpulse --enable-librabbitmq --enable-librsvg --enable-librubberband --enable-libshine --enable-libsnappy --enable-libsoxr --enable-libspeex --enable-libsrt --enable-libssh --enable-libtheora --enable-libtwolame --enable-libvidstab --enable-libvorbis --enable-libvpx --enable-libwavpack --enable-libwebp --enable-libx265 --enable-libxml2 --enable-libxvid --enable-libzmq --enable-libzvbi --enable-lv2 --enable-omx --enable-openal --enable-opencl --enable-opengl --enable-sdl2 --enable-mmal --enable-neon --enable-rpi --enable-v4l2-request --enable-libudev --enable-epoxy --enable-pocketsphinx --enable-libdc1394 --enable-libdrm --enable-vout-drm --enable-libiec61883 --enable-chromaprint --enable-frei0r --enable-libx264 --libdir=/usr/lib/arm-linux-gnueabihf/neon/vfp --cpu=cortex-a7 --arch=armv6t2 --disable-thumb --enable-shared --disable-doc --disable-programs
  libavutil      56. 51.100 / 56. 51.100
  libavcodec     58. 91.100 / 58. 91.100
  libavformat    58. 45.100 / 58. 45.100
  libavdevice    58. 10.100 / 58. 10.100
  libavfilter     7. 85.100 /  7. 85.100
  libavresample   4.  0.  0 /  4.  0.  0
  libswscale      5.  7.100 /  5.  7.100
  libswresample   3.  7.100 /  3.  7.100
  libpostproc    55.  7.100 / 55.  7.100
Input #0, concat, from '/tmp/tmp.dSNxlmwHmw':
  Duration: N/A, start: 0.000000, bitrate: N/A
    Stream #0:0: Video: mjpeg (Baseline), yuvj420p(pc, bt470bg/unknown/unknown), 640x480 [SAR 96:96 DAR 4:3], 25 tbr, 25 tbn, 25 tbc
Stream mapping:
  Stream #0:0 -> #0:0 (mjpeg (native) -> gif (native))
Press [q] to stop, [?] for help
[swscaler @ 0x1697b10] deprecated pixel format used, make sure you did set range correctly
[swscaler @ 0x1697b10] No accelerated colorspace conversion found from yuv420p to bgr8.
Output #0, gif, to '/tmp/tmp.WrQI2FPwle.gif':
  Metadata:
    encoder         : Lavf58.45.100
    Stream #0:0: Video: gif, bgr8, 640x480 [SAR 1:1 DAR 4:3], q=2-31, 200 kb/s, 6 fps, 100 tbn, 6 tbc
    Metadata:
      encoder         : Lavc58.91.100 gif
[swscaler @ 0x1697b10] deprecated pixel format used, make sure you did set range correctly
[swscaler @ 0x167b710] deprecated pixel format used, make sure you did set range correctly
frame=    5 fps=0.0 q=-0.0 Lsize=     306kB time=00:00:00.84 bitrate=2984.0kbits/s speed=3.83x    
video:306kB audio:0kB subtitle:0kB other streams:0kB global headers:0kB muxing overhead: 0.006384%
[2026-07-20 12:00:03] Rebuilt timelapse.gif
[main aa3d2ef] Daily image: 2026-07-20 12:00:01
 3 files changed, 1 insertion(+)
 create mode 100644 images/2026-07-20.jpg
From github.com:UWIN-Dev/UWIN-Dev.github.io
 * branch            main       -> FETCH_HEAD
Current branch main is up to date.
To github.com:UWIN-Dev/UWIN-Dev.github.io.git
   35bce7c..aa3d2ef  main -> main
[2026-07-20 12:00:05] === Successfully pushed 2026-07-20.jpg (and timelapse.gif) to main ===
[2026-07-21 12:00:01] === Starting daily capture for 2026-07-21 ===
[1m--- Opening /dev/video0...
[0m[0mTrying source module v4l2...
[0m[0m/dev/video0 opened.
[0m[0mNo input was specified, using the first.
[0m[1m--- Capturing frame...
[0m[0mSkipping 5 frames...
[0m[0mCapturing 1 frames...
[0m[0mCaptured 6 frames in 0.16 seconds. (38 fps)
[0m[1m--- Processing captured image...
[0m[0mDisabling banner.
[0m[0mSetting output format to JPEG, quality 85
[0m[0mWriting JPEG image to '/home/csic/grow-beyond-earth/images/2026-07-21.jpg'.
[0m[2026-07-21 12:00:03] Captured 2026-07-21.jpg
[2026-07-21 12:00:03] Regenerated manifest.json (entries: 6)
ffmpeg version 4.3.9-0+deb11u1+rpt1 Copyright (c) 2000-2025 the FFmpeg developers
  built with gcc 10 (Raspbian 10.2.1-6+rpi1)
  configuration: --prefix=/usr --extra-version=0+deb11u1+rpt1 --toolchain=hardened --incdir=/usr/include/arm-linux-gnueabihf --enable-gpl --disable-stripping --enable-avresample --disable-filter=resample --enable-gnutls --enable-ladspa --enable-libaom --enable-libass --enable-libbluray --enable-libbs2b --enable-libcaca --enable-libcdio --enable-libcodec2 --enable-libdav1d --enable-libflite --enable-libfontconfig --enable-libfreetype --enable-libfribidi --enable-libgme --enable-libgsm --enable-libjack --enable-libmp3lame --enable-libmysofa --enable-libopenjpeg --enable-libopenmpt --enable-libopus --enable-libpulse --enable-librabbitmq --enable-librsvg --enable-librubberband --enable-libshine --enable-libsnappy --enable-libsoxr --enable-libspeex --enable-libsrt --enable-libssh --enable-libtheora --enable-libtwolame --enable-libvidstab --enable-libvorbis --enable-libvpx --enable-libwavpack --enable-libwebp --enable-libx265 --enable-libxml2 --enable-libxvid --enable-libzmq --enable-libzvbi --enable-lv2 --enable-omx --enable-openal --enable-opencl --enable-opengl --enable-sdl2 --enable-mmal --enable-neon --enable-rpi --enable-v4l2-request --enable-libudev --enable-epoxy --enable-pocketsphinx --enable-libdc1394 --enable-libdrm --enable-vout-drm --enable-libiec61883 --enable-chromaprint --enable-frei0r --enable-libx264 --enable-shared --libdir=/usr/lib/arm-linux-gnueabihf --cpu=arm1176jzf-s --arch=arm
  WARNING: library configuration mismatch
  avutil      configuration: --prefix=/usr --extra-version=0+deb11u1+rpt1 --toolchain=hardened --incdir=/usr/include/arm-linux-gnueabihf --enable-gpl --disable-stripping --enable-avresample --disable-filter=resample --enable-gnutls --enable-ladspa --enable-libaom --enable-libass --enable-libbluray --enable-libbs2b --enable-libcaca --enable-libcdio --enable-libcodec2 --enable-libdav1d --enable-libflite --enable-libfontconfig --enable-libfreetype --enable-libfribidi --enable-libgme --enable-libgsm --enable-libjack --enable-libmp3lame --enable-libmysofa --enable-libopenjpeg --enable-libopenmpt --enable-libopus --enable-libpulse --enable-librabbitmq --enable-librsvg --enable-librubberband --enable-libshine --enable-libsnappy --enable-libsoxr --enable-libspeex --enable-libsrt --enable-libssh --enable-libtheora --enable-libtwolame --enable-libvidstab --enable-libvorbis --enable-libvpx --enable-libwavpack --enable-libwebp --enable-libx265 --enable-libxml2 --enable-libxvid --enable-libzmq --enable-libzvbi --enable-lv2 --enable-omx --enable-openal --enable-opencl --enable-opengl --enable-sdl2 --enable-mmal --enable-neon --enable-rpi --enable-v4l2-request --enable-libudev --enable-epoxy --enable-pocketsphinx --enable-libdc1394 --enable-libdrm --enable-vout-drm --enable-libiec61883 --enable-chromaprint --enable-frei0r --enable-libx264 --libdir=/usr/lib/arm-linux-gnueabihf/neon/vfp --cpu=cortex-a7 --arch=armv6t2 --disable-thumb --enable-shared --disable-doc --disable-programs
  avcodec     configuration: --prefix=/usr --extra-version=0+deb11u1+rpt1 --toolchain=hardened --incdir=/usr/include/arm-linux-gnueabihf --enable-gpl --disable-stripping --enable-avresample --disable-filter=resample --enable-gnutls --enable-ladspa --enable-libaom --enable-libass --enable-libbluray --enable-libbs2b --enable-libcaca --enable-libcdio --enable-libcodec2 --enable-libdav1d --enable-libflite --enable-libfontconfig --enable-libfreetype --enable-libfribidi --enable-libgme --enable-libgsm --enable-libjack --enable-libmp3lame --enable-libmysofa --enable-libopenjpeg --enable-libopenmpt --enable-libopus --enable-libpulse --enable-librabbitmq --enable-librsvg --enable-librubberband --enable-libshine --enable-libsnappy --enable-libsoxr --enable-libspeex --enable-libsrt --enable-libssh --enable-libtheora --enable-libtwolame --enable-libvidstab --enable-libvorbis --enable-libvpx --enable-libwavpack --enable-libwebp --enable-libx265 --enable-libxml2 --enable-libxvid --enable-libzmq --enable-libzvbi --enable-lv2 --enable-omx --enable-openal --enable-opencl --enable-opengl --enable-sdl2 --enable-mmal --enable-neon --enable-rpi --enable-v4l2-request --enable-libudev --enable-epoxy --enable-pocketsphinx --enable-libdc1394 --enable-libdrm --enable-vout-drm --enable-libiec61883 --enable-chromaprint --enable-frei0r --enable-libx264 --libdir=/usr/lib/arm-linux-gnueabihf/neon/vfp --cpu=cortex-a7 --arch=armv6t2 --disable-thumb --enable-shared --disable-doc --disable-programs
  avformat    configuration: --prefix=/usr --extra-version=0+deb11u1+rpt1 --toolchain=hardened --incdir=/usr/include/arm-linux-gnueabihf --enable-gpl --disable-stripping --enable-avresample --disable-filter=resample --enable-gnutls --enable-ladspa --enable-libaom --enable-libass --enable-libbluray --enable-libbs2b --enable-libcaca --enable-libcdio --enable-libcodec2 --enable-libdav1d --enable-libflite --enable-libfontconfig --enable-libfreetype --enable-libfribidi --enable-libgme --enable-libgsm --enable-libjack --enable-libmp3lame --enable-libmysofa --enable-libopenjpeg --enable-libopenmpt --enable-libopus --enable-libpulse --enable-librabbitmq --enable-librsvg --enable-librubberband --enable-libshine --enable-libsnappy --enable-libsoxr --enable-libspeex --enable-libsrt --enable-libssh --enable-libtheora --enable-libtwolame --enable-libvidstab --enable-libvorbis --enable-libvpx --enable-libwavpack --enable-libwebp --enable-libx265 --enable-libxml2 --enable-libxvid --enable-libzmq --enable-libzvbi --enable-lv2 --enable-omx --enable-openal --enable-opencl --enable-opengl --enable-sdl2 --enable-mmal --enable-neon --enable-rpi --enable-v4l2-request --enable-libudev --enable-epoxy --enable-pocketsphinx --enable-libdc1394 --enable-libdrm --enable-vout-drm --enable-libiec61883 --enable-chromaprint --enable-frei0r --enable-libx264 --libdir=/usr/lib/arm-linux-gnueabihf/neon/vfp --cpu=cortex-a7 --arch=armv6t2 --disable-thumb --enable-shared --disable-doc --disable-programs
  avdevice    configuration: --prefix=/usr --extra-version=0+deb11u1+rpt1 --toolchain=hardened --incdir=/usr/include/arm-linux-gnueabihf --enable-gpl --disable-stripping --enable-avresample --disable-filter=resample --enable-gnutls --enable-ladspa --enable-libaom --enable-libass --enable-libbluray --enable-libbs2b --enable-libcaca --enable-libcdio --enable-libcodec2 --enable-libdav1d --enable-libflite --enable-libfontconfig --enable-libfreetype --enable-libfribidi --enable-libgme --enable-libgsm --enable-libjack --enable-libmp3lame --enable-libmysofa --enable-libopenjpeg --enable-libopenmpt --enable-libopus --enable-libpulse --enable-librabbitmq --enable-librsvg --enable-librubberband --enable-libshine --enable-libsnappy --enable-libsoxr --enable-libspeex --enable-libsrt --enable-libssh --enable-libtheora --enable-libtwolame --enable-libvidstab --enable-libvorbis --enable-libvpx --enable-libwavpack --enable-libwebp --enable-libx265 --enable-libxml2 --enable-libxvid --enable-libzmq --enable-libzvbi --enable-lv2 --enable-omx --enable-openal --enable-opencl --enable-opengl --enable-sdl2 --enable-mmal --enable-neon --enable-rpi --enable-v4l2-request --enable-libudev --enable-epoxy --enable-pocketsphinx --enable-libdc1394 --enable-libdrm --enable-vout-drm --enable-libiec61883 --enable-chromaprint --enable-frei0r --enable-libx264 --libdir=/usr/lib/arm-linux-gnueabihf/neon/vfp --cpu=cortex-a7 --arch=armv6t2 --disable-thumb --enable-shared --disable-doc --disable-programs
  avfilter    configuration: --prefix=/usr --extra-version=0+deb11u1+rpt1 --toolchain=hardened --incdir=/usr/include/arm-linux-gnueabihf --enable-gpl --disable-stripping --enable-avresample --disable-filter=resample --enable-gnutls --enable-ladspa --enable-libaom --enable-libass --enable-libbluray --enable-libbs2b --enable-libcaca --enable-libcdio --enable-libcodec2 --enable-libdav1d --enable-libflite --enable-libfontconfig --enable-libfreetype --enable-libfribidi --enable-libgme --enable-libgsm --enable-libjack --enable-libmp3lame --enable-libmysofa --enable-libopenjpeg --enable-libopenmpt --enable-libopus --enable-libpulse --enable-librabbitmq --enable-librsvg --enable-librubberband --enable-libshine --enable-libsnappy --enable-libsoxr --enable-libspeex --enable-libsrt --enable-libssh --enable-libtheora --enable-libtwolame --enable-libvidstab --enable-libvorbis --enable-libvpx --enable-libwavpack --enable-libwebp --enable-libx265 --enable-libxml2 --enable-libxvid --enable-libzmq --enable-libzvbi --enable-lv2 --enable-omx --enable-openal --enable-opencl --enable-opengl --enable-sdl2 --enable-mmal --enable-neon --enable-rpi --enable-v4l2-request --enable-libudev --enable-epoxy --enable-pocketsphinx --enable-libdc1394 --enable-libdrm --enable-vout-drm --enable-libiec61883 --enable-chromaprint --enable-frei0r --enable-libx264 --libdir=/usr/lib/arm-linux-gnueabihf/neon/vfp --cpu=cortex-a7 --arch=armv6t2 --disable-thumb --enable-shared --disable-doc --disable-programs
  avresample  configuration: --prefix=/usr --extra-version=0+deb11u1+rpt1 --toolchain=hardened --incdir=/usr/include/arm-linux-gnueabihf --enable-gpl --disable-stripping --enable-avresample --disable-filter=resample --enable-gnutls --enable-ladspa --enable-libaom --enable-libass --enable-libbluray --enable-libbs2b --enable-libcaca --enable-libcdio --enable-libcodec2 --enable-libdav1d --enable-libflite --enable-libfontconfig --enable-libfreetype --enable-libfribidi --enable-libgme --enable-libgsm --enable-libjack --enable-libmp3lame --enable-libmysofa --enable-libopenjpeg --enable-libopenmpt --enable-libopus --enable-libpulse --enable-librabbitmq --enable-librsvg --enable-librubberband --enable-libshine --enable-libsnappy --enable-libsoxr --enable-libspeex --enable-libsrt --enable-libssh --enable-libtheora --enable-libtwolame --enable-libvidstab --enable-libvorbis --enable-libvpx --enable-libwavpack --enable-libwebp --enable-libx265 --enable-libxml2 --enable-libxvid --enable-libzmq --enable-libzvbi --enable-lv2 --enable-omx --enable-openal --enable-opencl --enable-opengl --enable-sdl2 --enable-mmal --enable-neon --enable-rpi --enable-v4l2-request --enable-libudev --enable-epoxy --enable-pocketsphinx --enable-libdc1394 --enable-libdrm --enable-vout-drm --enable-libiec61883 --enable-chromaprint --enable-frei0r --enable-libx264 --libdir=/usr/lib/arm-linux-gnueabihf/neon/vfp --cpu=cortex-a7 --arch=armv6t2 --disable-thumb --enable-shared --disable-doc --disable-programs
  swscale     configuration: --prefix=/usr --extra-version=0+deb11u1+rpt1 --toolchain=hardened --incdir=/usr/include/arm-linux-gnueabihf --enable-gpl --disable-stripping --enable-avresample --disable-filter=resample --enable-gnutls --enable-ladspa --enable-libaom --enable-libass --enable-libbluray --enable-libbs2b --enable-libcaca --enable-libcdio --enable-libcodec2 --enable-libdav1d --enable-libflite --enable-libfontconfig --enable-libfreetype --enable-libfribidi --enable-libgme --enable-libgsm --enable-libjack --enable-libmp3lame --enable-libmysofa --enable-libopenjpeg --enable-libopenmpt --enable-libopus --enable-libpulse --enable-librabbitmq --enable-librsvg --enable-librubberband --enable-libshine --enable-libsnappy --enable-libsoxr --enable-libspeex --enable-libsrt --enable-libssh --enable-libtheora --enable-libtwolame --enable-libvidstab --enable-libvorbis --enable-libvpx --enable-libwavpack --enable-libwebp --enable-libx265 --enable-libxml2 --enable-libxvid --enable-libzmq --enable-libzvbi --enable-lv2 --enable-omx --enable-openal --enable-opencl --enable-opengl --enable-sdl2 --enable-mmal --enable-neon --enable-rpi --enable-v4l2-request --enable-libudev --enable-epoxy --enable-pocketsphinx --enable-libdc1394 --enable-libdrm --enable-vout-drm --enable-libiec61883 --enable-chromaprint --enable-frei0r --enable-libx264 --libdir=/usr/lib/arm-linux-gnueabihf/neon/vfp --cpu=cortex-a7 --arch=armv6t2 --disable-thumb --enable-shared --disable-doc --disable-programs
  swresample  configuration: --prefix=/usr --extra-version=0+deb11u1+rpt1 --toolchain=hardened --incdir=/usr/include/arm-linux-gnueabihf --enable-gpl --disable-stripping --enable-avresample --disable-filter=resample --enable-gnutls --enable-ladspa --enable-libaom --enable-libass --enable-libbluray --enable-libbs2b --enable-libcaca --enable-libcdio --enable-libcodec2 --enable-libdav1d --enable-libflite --enable-libfontconfig --enable-libfreetype --enable-libfribidi --enable-libgme --enable-libgsm --enable-libjack --enable-libmp3lame --enable-libmysofa --enable-libopenjpeg --enable-libopenmpt --enable-libopus --enable-libpulse --enable-librabbitmq --enable-librsvg --enable-librubberband --enable-libshine --enable-libsnappy --enable-libsoxr --enable-libspeex --enable-libsrt --enable-libssh --enable-libtheora --enable-libtwolame --enable-libvidstab --enable-libvorbis --enable-libvpx --enable-libwavpack --enable-libwebp --enable-libx265 --enable-libxml2 --enable-libxvid --enable-libzmq --enable-libzvbi --enable-lv2 --enable-omx --enable-openal --enable-opencl --enable-opengl --enable-sdl2 --enable-mmal --enable-neon --enable-rpi --enable-v4l2-request --enable-libudev --enable-epoxy --enable-pocketsphinx --enable-libdc1394 --enable-libdrm --enable-vout-drm --enable-libiec61883 --enable-chromaprint --enable-frei0r --enable-libx264 --libdir=/usr/lib/arm-linux-gnueabihf/neon/vfp --cpu=cortex-a7 --arch=armv6t2 --disable-thumb --enable-shared --disable-doc --disable-programs
  postproc    configuration: --prefix=/usr --extra-version=0+deb11u1+rpt1 --toolchain=hardened --incdir=/usr/include/arm-linux-gnueabihf --enable-gpl --disable-stripping --enable-avresample --disable-filter=resample --enable-gnutls --enable-ladspa --enable-libaom --enable-libass --enable-libbluray --enable-libbs2b --enable-libcaca --enable-libcdio --enable-libcodec2 --enable-libdav1d --enable-libflite --enable-libfontconfig --enable-libfreetype --enable-libfribidi --enable-libgme --enable-libgsm --enable-libjack --enable-libmp3lame --enable-libmysofa --enable-libopenjpeg --enable-libopenmpt --enable-libopus --enable-libpulse --enable-librabbitmq --enable-librsvg --enable-librubberband --enable-libshine --enable-libsnappy --enable-libsoxr --enable-libspeex --enable-libsrt --enable-libssh --enable-libtheora --enable-libtwolame --enable-libvidstab --enable-libvorbis --enable-libvpx --enable-libwavpack --enable-libwebp --enable-libx265 --enable-libxml2 --enable-libxvid --enable-libzmq --enable-libzvbi --enable-lv2 --enable-omx --enable-openal --enable-opencl --enable-opengl --enable-sdl2 --enable-mmal --enable-neon --enable-rpi --enable-v4l2-request --enable-libudev --enable-epoxy --enable-pocketsphinx --enable-libdc1394 --enable-libdrm --enable-vout-drm --enable-libiec61883 --enable-chromaprint --enable-frei0r --enable-libx264 --libdir=/usr/lib/arm-linux-gnueabihf/neon/vfp --cpu=cortex-a7 --arch=armv6t2 --disable-thumb --enable-shared --disable-doc --disable-programs
  libavutil      56. 51.100 / 56. 51.100
  libavcodec     58. 91.100 / 58. 91.100
  libavformat    58. 45.100 / 58. 45.100
  libavdevice    58. 10.100 / 58. 10.100
  libavfilter     7. 85.100 /  7. 85.100
  libavresample   4.  0.  0 /  4.  0.  0
  libswscale      5.  7.100 /  5.  7.100
  libswresample   3.  7.100 /  3.  7.100
  libpostproc    55.  7.100 / 55.  7.100
Input #0, concat, from '/tmp/tmp.OFoG87D67U':
  Duration: N/A, start: 0.000000, bitrate: N/A
    Stream #0:0: Video: mjpeg (Baseline), yuvj420p(pc, bt470bg/unknown/unknown), 640x480 [SAR 96:96 DAR 4:3], 25 tbr, 25 tbn, 25 tbc
Stream mapping:
  Stream #0:0 -> #0:0 (mjpeg (native) -> gif (native))
Press [q] to stop, [?] for help
[swscaler @ 0x187dbd0] deprecated pixel format used, make sure you did set range correctly
[swscaler @ 0x187dbd0] No accelerated colorspace conversion found from yuv420p to bgr8.
Output #0, gif, to '/tmp/tmp.wBT6Y1NhSD.gif':
  Metadata:
    encoder         : Lavf58.45.100
    Stream #0:0: Video: gif, bgr8, 640x480 [SAR 1:1 DAR 4:3], q=2-31, 200 kb/s, 6 fps, 100 tbn, 6 tbc
    Metadata:
      encoder         : Lavc58.91.100 gif
[swscaler @ 0x187dbd0] deprecated pixel format used, make sure you did set range correctly
[swscaler @ 0x1861830] deprecated pixel format used, make sure you did set range correctly
frame=    6 fps=0.0 q=-0.0 Lsize=     370kB time=00:00:01.01 bitrate=3003.0kbits/s speed=3.82x    
video:370kB audio:0kB subtitle:0kB other streams:0kB global headers:0kB muxing overhead: 0.005275%
[2026-07-21 12:00:04] Rebuilt timelapse.gif
[main 2caec4f] Daily image: 2026-07-21 12:00:01
 3 files changed, 1 insertion(+)
 create mode 100644 images/2026-07-21.jpg
From github.com:UWIN-Dev/UWIN-Dev.github.io
 * branch            main       -> FETCH_HEAD
Current branch main is up to date.
To github.com:UWIN-Dev/UWIN-Dev.github.io.git
   aa3d2ef..2caec4f  main -> main
[2026-07-21 12:00:06] === Successfully pushed 2026-07-21.jpg (and timelapse.gif) to main ===
[2026-07-22 12:00:01] === Starting daily capture for 2026-07-22 ===
[1m--- Opening /dev/video0...
[0m[0mTrying source module v4l2...
[0m[0m/dev/video0 opened.
[0m[0mNo input was specified, using the first.
[0m[1m--- Capturing frame...
[0m[0mSkipping 5 frames...
[0m[0mCapturing 1 frames...
[0m[0mCaptured 6 frames in 0.16 seconds. (37 fps)
[0m[1m--- Processing captured image...
[0m[0mDisabling banner.
[0m[0mSetting output format to JPEG, quality 85
[0m[0mWriting JPEG image to '/home/csic/grow-beyond-earth/images/2026-07-22.jpg'.
[0m[2026-07-22 12:00:03] Captured 2026-07-22.jpg
[2026-07-22 12:00:03] Regenerated manifest.json (entries: 7)
ffmpeg version 4.3.9-0+deb11u1+rpt1 Copyright (c) 2000-2025 the FFmpeg developers
  built with gcc 10 (Raspbian 10.2.1-6+rpi1)
  configuration: --prefix=/usr --extra-version=0+deb11u1+rpt1 --toolchain=hardened --incdir=/usr/include/arm-linux-gnueabihf --enable-gpl --disable-stripping --enable-avresample --disable-filter=resample --enable-gnutls --enable-ladspa --enable-libaom --enable-libass --enable-libbluray --enable-libbs2b --enable-libcaca --enable-libcdio --enable-libcodec2 --enable-libdav1d --enable-libflite --enable-libfontconfig --enable-libfreetype --enable-libfribidi --enable-libgme --enable-libgsm --enable-libjack --enable-libmp3lame --enable-libmysofa --enable-libopenjpeg --enable-libopenmpt --enable-libopus --enable-libpulse --enable-librabbitmq --enable-librsvg --enable-librubberband --enable-libshine --enable-libsnappy --enable-libsoxr --enable-libspeex --enable-libsrt --enable-libssh --enable-libtheora --enable-libtwolame --enable-libvidstab --enable-libvorbis --enable-libvpx --enable-libwavpack --enable-libwebp --enable-libx265 --enable-libxml2 --enable-libxvid --enable-libzmq --enable-libzvbi --enable-lv2 --enable-omx --enable-openal --enable-opencl --enable-opengl --enable-sdl2 --enable-mmal --enable-neon --enable-rpi --enable-v4l2-request --enable-libudev --enable-epoxy --enable-pocketsphinx --enable-libdc1394 --enable-libdrm --enable-vout-drm --enable-libiec61883 --enable-chromaprint --enable-frei0r --enable-libx264 --enable-shared --libdir=/usr/lib/arm-linux-gnueabihf --cpu=arm1176jzf-s --arch=arm
  WARNING: library configuration mismatch
  avutil      configuration: --prefix=/usr --extra-version=0+deb11u1+rpt1 --toolchain=hardened --incdir=/usr/include/arm-linux-gnueabihf --enable-gpl --disable-stripping --enable-avresample --disable-filter=resample --enable-gnutls --enable-ladspa --enable-libaom --enable-libass --enable-libbluray --enable-libbs2b --enable-libcaca --enable-libcdio --enable-libcodec2 --enable-libdav1d --enable-libflite --enable-libfontconfig --enable-libfreetype --enable-libfribidi --enable-libgme --enable-libgsm --enable-libjack --enable-libmp3lame --enable-libmysofa --enable-libopenjpeg --enable-libopenmpt --enable-libopus --enable-libpulse --enable-librabbitmq --enable-librsvg --enable-librubberband --enable-libshine --enable-libsnappy --enable-libsoxr --enable-libspeex --enable-libsrt --enable-libssh --enable-libtheora --enable-libtwolame --enable-libvidstab --enable-libvorbis --enable-libvpx --enable-libwavpack --enable-libwebp --enable-libx265 --enable-libxml2 --enable-libxvid --enable-libzmq --enable-libzvbi --enable-lv2 --enable-omx --enable-openal --enable-opencl --enable-opengl --enable-sdl2 --enable-mmal --enable-neon --enable-rpi --enable-v4l2-request --enable-libudev --enable-epoxy --enable-pocketsphinx --enable-libdc1394 --enable-libdrm --enable-vout-drm --enable-libiec61883 --enable-chromaprint --enable-frei0r --enable-libx264 --libdir=/usr/lib/arm-linux-gnueabihf/neon/vfp --cpu=cortex-a7 --arch=armv6t2 --disable-thumb --enable-shared --disable-doc --disable-programs
  avcodec     configuration: --prefix=/usr --extra-version=0+deb11u1+rpt1 --toolchain=hardened --incdir=/usr/include/arm-linux-gnueabihf --enable-gpl --disable-stripping --enable-avresample --disable-filter=resample --enable-gnutls --enable-ladspa --enable-libaom --enable-libass --enable-libbluray --enable-libbs2b --enable-libcaca --enable-libcdio --enable-libcodec2 --enable-libdav1d --enable-libflite --enable-libfontconfig --enable-libfreetype --enable-libfribidi --enable-libgme --enable-libgsm --enable-libjack --enable-libmp3lame --enable-libmysofa --enable-libopenjpeg --enable-libopenmpt --enable-libopus --enable-libpulse --enable-librabbitmq --enable-librsvg --enable-librubberband --enable-libshine --enable-libsnappy --enable-libsoxr --enable-libspeex --enable-libsrt --enable-libssh --enable-libtheora --enable-libtwolame --enable-libvidstab --enable-libvorbis --enable-libvpx --enable-libwavpack --enable-libwebp --enable-libx265 --enable-libxml2 --enable-libxvid --enable-libzmq --enable-libzvbi --enable-lv2 --enable-omx --enable-openal --enable-opencl --enable-opengl --enable-sdl2 --enable-mmal --enable-neon --enable-rpi --enable-v4l2-request --enable-libudev --enable-epoxy --enable-pocketsphinx --enable-libdc1394 --enable-libdrm --enable-vout-drm --enable-libiec61883 --enable-chromaprint --enable-frei0r --enable-libx264 --libdir=/usr/lib/arm-linux-gnueabihf/neon/vfp --cpu=cortex-a7 --arch=armv6t2 --disable-thumb --enable-shared --disable-doc --disable-programs
  avformat    configuration: --prefix=/usr --extra-version=0+deb11u1+rpt1 --toolchain=hardened --incdir=/usr/include/arm-linux-gnueabihf --enable-gpl --disable-stripping --enable-avresample --disable-filter=resample --enable-gnutls --enable-ladspa --enable-libaom --enable-libass --enable-libbluray --enable-libbs2b --enable-libcaca --enable-libcdio --enable-libcodec2 --enable-libdav1d --enable-libflite --enable-libfontconfig --enable-libfreetype --enable-libfribidi --enable-libgme --enable-libgsm --enable-libjack --enable-libmp3lame --enable-libmysofa --enable-libopenjpeg --enable-libopenmpt --enable-libopus --enable-libpulse --enable-librabbitmq --enable-librsvg --enable-librubberband --enable-libshine --enable-libsnappy --enable-libsoxr --enable-libspeex --enable-libsrt --enable-libssh --enable-libtheora --enable-libtwolame --enable-libvidstab --enable-libvorbis --enable-libvpx --enable-libwavpack --enable-libwebp --enable-libx265 --enable-libxml2 --enable-libxvid --enable-libzmq --enable-libzvbi --enable-lv2 --enable-omx --enable-openal --enable-opencl --enable-opengl --enable-sdl2 --enable-mmal --enable-neon --enable-rpi --enable-v4l2-request --enable-libudev --enable-epoxy --enable-pocketsphinx --enable-libdc1394 --enable-libdrm --enable-vout-drm --enable-libiec61883 --enable-chromaprint --enable-frei0r --enable-libx264 --libdir=/usr/lib/arm-linux-gnueabihf/neon/vfp --cpu=cortex-a7 --arch=armv6t2 --disable-thumb --enable-shared --disable-doc --disable-programs
  avdevice    configuration: --prefix=/usr --extra-version=0+deb11u1+rpt1 --toolchain=hardened --incdir=/usr/include/arm-linux-gnueabihf --enable-gpl --disable-stripping --enable-avresample --disable-filter=resample --enable-gnutls --enable-ladspa --enable-libaom --enable-libass --enable-libbluray --enable-libbs2b --enable-libcaca --enable-libcdio --enable-libcodec2 --enable-libdav1d --enable-libflite --enable-libfontconfig --enable-libfreetype --enable-libfribidi --enable-libgme --enable-libgsm --enable-libjack --enable-libmp3lame --enable-libmysofa --enable-libopenjpeg --enable-libopenmpt --enable-libopus --enable-libpulse --enable-librabbitmq --enable-librsvg --enable-librubberband --enable-libshine --enable-libsnappy --enable-libsoxr --enable-libspeex --enable-libsrt --enable-libssh --enable-libtheora --enable-libtwolame --enable-libvidstab --enable-libvorbis --enable-libvpx --enable-libwavpack --enable-libwebp --enable-libx265 --enable-libxml2 --enable-libxvid --enable-libzmq --enable-libzvbi --enable-lv2 --enable-omx --enable-openal --enable-opencl --enable-opengl --enable-sdl2 --enable-mmal --enable-neon --enable-rpi --enable-v4l2-request --enable-libudev --enable-epoxy --enable-pocketsphinx --enable-libdc1394 --enable-libdrm --enable-vout-drm --enable-libiec61883 --enable-chromaprint --enable-frei0r --enable-libx264 --libdir=/usr/lib/arm-linux-gnueabihf/neon/vfp --cpu=cortex-a7 --arch=armv6t2 --disable-thumb --enable-shared --disable-doc --disable-programs
  avfilter    configuration: --prefix=/usr --extra-version=0+deb11u1+rpt1 --toolchain=hardened --incdir=/usr/include/arm-linux-gnueabihf --enable-gpl --disable-stripping --enable-avresample --disable-filter=resample --enable-gnutls --enable-ladspa --enable-libaom --enable-libass --enable-libbluray --enable-libbs2b --enable-libcaca --enable-libcdio --enable-libcodec2 --enable-libdav1d --enable-libflite --enable-libfontconfig --enable-libfreetype --enable-libfribidi --enable-libgme --enable-libgsm --enable-libjack --enable-libmp3lame --enable-libmysofa --enable-libopenjpeg --enable-libopenmpt --enable-libopus --enable-libpulse --enable-librabbitmq --enable-librsvg --enable-librubberband --enable-libshine --enable-libsnappy --enable-libsoxr --enable-libspeex --enable-libsrt --enable-libssh --enable-libtheora --enable-libtwolame --enable-libvidstab --enable-libvorbis --enable-libvpx --enable-libwavpack --enable-libwebp --enable-libx265 --enable-libxml2 --enable-libxvid --enable-libzmq --enable-libzvbi --enable-lv2 --enable-omx --enable-openal --enable-opencl --enable-opengl --enable-sdl2 --enable-mmal --enable-neon --enable-rpi --enable-v4l2-request --enable-libudev --enable-epoxy --enable-pocketsphinx --enable-libdc1394 --enable-libdrm --enable-vout-drm --enable-libiec61883 --enable-chromaprint --enable-frei0r --enable-libx264 --libdir=/usr/lib/arm-linux-gnueabihf/neon/vfp --cpu=cortex-a7 --arch=armv6t2 --disable-thumb --enable-shared --disable-doc --disable-programs
  avresample  configuration: --prefix=/usr --extra-version=0+deb11u1+rpt1 --toolchain=hardened --incdir=/usr/include/arm-linux-gnueabihf --enable-gpl --disable-stripping --enable-avresample --disable-filter=resample --enable-gnutls --enable-ladspa --enable-libaom --enable-libass --enable-libbluray --enable-libbs2b --enable-libcaca --enable-libcdio --enable-libcodec2 --enable-libdav1d --enable-libflite --enable-libfontconfig --enable-libfreetype --enable-libfribidi --enable-libgme --enable-libgsm --enable-libjack --enable-libmp3lame --enable-libmysofa --enable-libopenjpeg --enable-libopenmpt --enable-libopus --enable-libpulse --enable-librabbitmq --enable-librsvg --enable-librubberband --enable-libshine --enable-libsnappy --enable-libsoxr --enable-libspeex --enable-libsrt --enable-libssh --enable-libtheora --enable-libtwolame --enable-libvidstab --enable-libvorbis --enable-libvpx --enable-libwavpack --enable-libwebp --enable-libx265 --enable-libxml2 --enable-libxvid --enable-libzmq --enable-libzvbi --enable-lv2 --enable-omx --enable-openal --enable-opencl --enable-opengl --enable-sdl2 --enable-mmal --enable-neon --enable-rpi --enable-v4l2-request --enable-libudev --enable-epoxy --enable-pocketsphinx --enable-libdc1394 --enable-libdrm --enable-vout-drm --enable-libiec61883 --enable-chromaprint --enable-frei0r --enable-libx264 --libdir=/usr/lib/arm-linux-gnueabihf/neon/vfp --cpu=cortex-a7 --arch=armv6t2 --disable-thumb --enable-shared --disable-doc --disable-programs
  swscale     configuration: --prefix=/usr --extra-version=0+deb11u1+rpt1 --toolchain=hardened --incdir=/usr/include/arm-linux-gnueabihf --enable-gpl --disable-stripping --enable-avresample --disable-filter=resample --enable-gnutls --enable-ladspa --enable-libaom --enable-libass --enable-libbluray --enable-libbs2b --enable-libcaca --enable-libcdio --enable-libcodec2 --enable-libdav1d --enable-libflite --enable-libfontconfig --enable-libfreetype --enable-libfribidi --enable-libgme --enable-libgsm --enable-libjack --enable-libmp3lame --enable-libmysofa --enable-libopenjpeg --enable-libopenmpt --enable-libopus --enable-libpulse --enable-librabbitmq --enable-librsvg --enable-librubberband --enable-libshine --enable-libsnappy --enable-libsoxr --enable-libspeex --enable-libsrt --enable-libssh --enable-libtheora --enable-libtwolame --enable-libvidstab --enable-libvorbis --enable-libvpx --enable-libwavpack --enable-libwebp --enable-libx265 --enable-libxml2 --enable-libxvid --enable-libzmq --enable-libzvbi --enable-lv2 --enable-omx --enable-openal --enable-opencl --enable-opengl --enable-sdl2 --enable-mmal --enable-neon --enable-rpi --enable-v4l2-request --enable-libudev --enable-epoxy --enable-pocketsphinx --enable-libdc1394 --enable-libdrm --enable-vout-drm --enable-libiec61883 --enable-chromaprint --enable-frei0r --enable-libx264 --libdir=/usr/lib/arm-linux-gnueabihf/neon/vfp --cpu=cortex-a7 --arch=armv6t2 --disable-thumb --enable-shared --disable-doc --disable-programs
  swresample  configuration: --prefix=/usr --extra-version=0+deb11u1+rpt1 --toolchain=hardened --incdir=/usr/include/arm-linux-gnueabihf --enable-gpl --disable-stripping --enable-avresample --disable-filter=resample --enable-gnutls --enable-ladspa --enable-libaom --enable-libass --enable-libbluray --enable-libbs2b --enable-libcaca --enable-libcdio --enable-libcodec2 --enable-libdav1d --enable-libflite --enable-libfontconfig --enable-libfreetype --enable-libfribidi --enable-libgme --enable-libgsm --enable-libjack --enable-libmp3lame --enable-libmysofa --enable-libopenjpeg --enable-libopenmpt --enable-libopus --enable-libpulse --enable-librabbitmq --enable-librsvg --enable-librubberband --enable-libshine --enable-libsnappy --enable-libsoxr --enable-libspeex --enable-libsrt --enable-libssh --enable-libtheora --enable-libtwolame --enable-libvidstab --enable-libvorbis --enable-libvpx --enable-libwavpack --enable-libwebp --enable-libx265 --enable-libxml2 --enable-libxvid --enable-libzmq --enable-libzvbi --enable-lv2 --enable-omx --enable-openal --enable-opencl --enable-opengl --enable-sdl2 --enable-mmal --enable-neon --enable-rpi --enable-v4l2-request --enable-libudev --enable-epoxy --enable-pocketsphinx --enable-libdc1394 --enable-libdrm --enable-vout-drm --enable-libiec61883 --enable-chromaprint --enable-frei0r --enable-libx264 --libdir=/usr/lib/arm-linux-gnueabihf/neon/vfp --cpu=cortex-a7 --arch=armv6t2 --disable-thumb --enable-shared --disable-doc --disable-programs
  postproc    configuration: --prefix=/usr --extra-version=0+deb11u1+rpt1 --toolchain=hardened --incdir=/usr/include/arm-linux-gnueabihf --enable-gpl --disable-stripping --enable-avresample --disable-filter=resample --enable-gnutls --enable-ladspa --enable-libaom --enable-libass --enable-libbluray --enable-libbs2b --enable-libcaca --enable-libcdio --enable-libcodec2 --enable-libdav1d --enable-libflite --enable-libfontconfig --enable-libfreetype --enable-libfribidi --enable-libgme --enable-libgsm --enable-libjack --enable-libmp3lame --enable-libmysofa --enable-libopenjpeg --enable-libopenmpt --enable-libopus --enable-libpulse --enable-librabbitmq --enable-librsvg --enable-librubberband --enable-libshine --enable-libsnappy --enable-libsoxr --enable-libspeex --enable-libsrt --enable-libssh --enable-libtheora --enable-libtwolame --enable-libvidstab --enable-libvorbis --enable-libvpx --enable-libwavpack --enable-libwebp --enable-libx265 --enable-libxml2 --enable-libxvid --enable-libzmq --enable-libzvbi --enable-lv2 --enable-omx --enable-openal --enable-opencl --enable-opengl --enable-sdl2 --enable-mmal --enable-neon --enable-rpi --enable-v4l2-request --enable-libudev --enable-epoxy --enable-pocketsphinx --enable-libdc1394 --enable-libdrm --enable-vout-drm --enable-libiec61883 --enable-chromaprint --enable-frei0r --enable-libx264 --libdir=/usr/lib/arm-linux-gnueabihf/neon/vfp --cpu=cortex-a7 --arch=armv6t2 --disable-thumb --enable-shared --disable-doc --disable-programs
  libavutil      56. 51.100 / 56. 51.100
  libavcodec     58. 91.100 / 58. 91.100
  libavformat    58. 45.100 / 58. 45.100
  libavdevice    58. 10.100 / 58. 10.100
  libavfilter     7. 85.100 /  7. 85.100
  libavresample   4.  0.  0 /  4.  0.  0
  libswscale      5.  7.100 /  5.  7.100
  libswresample   3.  7.100 /  3.  7.100
  libpostproc    55.  7.100 / 55.  7.100
Input #0, concat, from '/tmp/tmp.g7OpXieXFP':
  Duration: N/A, start: 0.000000, bitrate: N/A
    Stream #0:0: Video: mjpeg (Baseline), yuvj420p(pc, bt470bg/unknown/unknown), 640x480 [SAR 96:96 DAR 4:3], 25 tbr, 25 tbn, 25 tbc
Stream mapping:
  Stream #0:0 -> #0:0 (mjpeg (native) -> gif (native))
Press [q] to stop, [?] for help
[swscaler @ 0x223fb70] deprecated pixel format used, make sure you did set range correctly
[swscaler @ 0x223fb70] No accelerated colorspace conversion found from yuv420p to bgr8.
Output #0, gif, to '/tmp/tmp.39453zqzb4.gif':
  Metadata:
    encoder         : Lavf58.45.100
    Stream #0:0: Video: gif, bgr8, 640x480 [SAR 1:1 DAR 4:3], q=2-31, 200 kb/s, 6 fps, 100 tbn, 6 tbc
    Metadata:
      encoder         : Lavc58.91.100 gif
[swscaler @ 0x223fb70] deprecated pixel format used, make sure you did set range correctly
[swscaler @ 0x2223af0] deprecated pixel format used, make sure you did set range correctly
frame=    8 fps=0.0 q=-0.0 Lsize=     413kB time=00:00:01.34 bitrate=2525.2kbits/s speed=4.17x    
video:413kB audio:0kB subtitle:0kB other streams:0kB global headers:0kB muxing overhead: 0.004729%
[2026-07-22 12:00:04] Rebuilt timelapse.gif
[main dc6c6e2] Daily image: 2026-07-22 12:00:01
 3 files changed, 1 insertion(+)
 create mode 100644 images/2026-07-22.jpg
From github.com:UWIN-Dev/UWIN-Dev.github.io
 * branch            main       -> FETCH_HEAD
Current branch main is up to date.
To github.com:UWIN-Dev/UWIN-Dev.github.io.git
   2caec4f..dc6c6e2  main -> main
[2026-07-22 12:00:11] === Successfully pushed 2026-07-22.jpg (and timelapse.gif) to main ===
[2026-07-23 12:00:01] === Starting daily capture for 2026-07-23 ===
[1m--- Opening /dev/video0...
[0m[0mTrying source module v4l2...
[0m[0m/dev/video0 opened.
[0m[0mNo input was specified, using the first.
[0m[1m--- Capturing frame...
[0m[0mSkipping 5 frames...
[0m[0mCapturing 1 frames...
[0m[0mCaptured 6 frames in 0.16 seconds. (38 fps)
[0m[1m--- Processing captured image...
[0m[0mDisabling banner.
[0m[0mSetting output format to JPEG, quality 85
[0m[0mWriting JPEG image to '/home/csic/grow-beyond-earth/images/2026-07-23.jpg'.
[0m[2026-07-23 12:00:03] Captured 2026-07-23.jpg
[2026-07-23 12:00:03] Regenerated manifest.json (entries: 8)
ffmpeg version 4.3.9-0+deb11u1+rpt1 Copyright (c) 2000-2025 the FFmpeg developers
  built with gcc 10 (Raspbian 10.2.1-6+rpi1)
  configuration: --prefix=/usr --extra-version=0+deb11u1+rpt1 --toolchain=hardened --incdir=/usr/include/arm-linux-gnueabihf --enable-gpl --disable-stripping --enable-avresample --disable-filter=resample --enable-gnutls --enable-ladspa --enable-libaom --enable-libass --enable-libbluray --enable-libbs2b --enable-libcaca --enable-libcdio --enable-libcodec2 --enable-libdav1d --enable-libflite --enable-libfontconfig --enable-libfreetype --enable-libfribidi --enable-libgme --enable-libgsm --enable-libjack --enable-libmp3lame --enable-libmysofa --enable-libopenjpeg --enable-libopenmpt --enable-libopus --enable-libpulse --enable-librabbitmq --enable-librsvg --enable-librubberband --enable-libshine --enable-libsnappy --enable-libsoxr --enable-libspeex --enable-libsrt --enable-libssh --enable-libtheora --enable-libtwolame --enable-libvidstab --enable-libvorbis --enable-libvpx --enable-libwavpack --enable-libwebp --enable-libx265 --enable-libxml2 --enable-libxvid --enable-libzmq --enable-libzvbi --enable-lv2 --enable-omx --enable-openal --enable-opencl --enable-opengl --enable-sdl2 --enable-mmal --enable-neon --enable-rpi --enable-v4l2-request --enable-libudev --enable-epoxy --enable-pocketsphinx --enable-libdc1394 --enable-libdrm --enable-vout-drm --enable-libiec61883 --enable-chromaprint --enable-frei0r --enable-libx264 --enable-shared --libdir=/usr/lib/arm-linux-gnueabihf --cpu=arm1176jzf-s --arch=arm
  WARNING: library configuration mismatch
  avutil      configuration: --prefix=/usr --extra-version=0+deb11u1+rpt1 --toolchain=hardened --incdir=/usr/include/arm-linux-gnueabihf --enable-gpl --disable-stripping --enable-avresample --disable-filter=resample --enable-gnutls --enable-ladspa --enable-libaom --enable-libass --enable-libbluray --enable-libbs2b --enable-libcaca --enable-libcdio --enable-libcodec2 --enable-libdav1d --enable-libflite --enable-libfontconfig --enable-libfreetype --enable-libfribidi --enable-libgme --enable-libgsm --enable-libjack --enable-libmp3lame --enable-libmysofa --enable-libopenjpeg --enable-libopenmpt --enable-libopus --enable-libpulse --enable-librabbitmq --enable-librsvg --enable-librubberband --enable-libshine --enable-libsnappy --enable-libsoxr --enable-libspeex --enable-libsrt --enable-libssh --enable-libtheora --enable-libtwolame --enable-libvidstab --enable-libvorbis --enable-libvpx --enable-libwavpack --enable-libwebp --enable-libx265 --enable-libxml2 --enable-libxvid --enable-libzmq --enable-libzvbi --enable-lv2 --enable-omx --enable-openal --enable-opencl --enable-opengl --enable-sdl2 --enable-mmal --enable-neon --enable-rpi --enable-v4l2-request --enable-libudev --enable-epoxy --enable-pocketsphinx --enable-libdc1394 --enable-libdrm --enable-vout-drm --enable-libiec61883 --enable-chromaprint --enable-frei0r --enable-libx264 --libdir=/usr/lib/arm-linux-gnueabihf/neon/vfp --cpu=cortex-a7 --arch=armv6t2 --disable-thumb --enable-shared --disable-doc --disable-programs
  avcodec     configuration: --prefix=/usr --extra-version=0+deb11u1+rpt1 --toolchain=hardened --incdir=/usr/include/arm-linux-gnueabihf --enable-gpl --disable-stripping --enable-avresample --disable-filter=resample --enable-gnutls --enable-ladspa --enable-libaom --enable-libass --enable-libbluray --enable-libbs2b --enable-libcaca --enable-libcdio --enable-libcodec2 --enable-libdav1d --enable-libflite --enable-libfontconfig --enable-libfreetype --enable-libfribidi --enable-libgme --enable-libgsm --enable-libjack --enable-libmp3lame --enable-libmysofa --enable-libopenjpeg --enable-libopenmpt --enable-libopus --enable-libpulse --enable-librabbitmq --enable-librsvg --enable-librubberband --enable-libshine --enable-libsnappy --enable-libsoxr --enable-libspeex --enable-libsrt --enable-libssh --enable-libtheora --enable-libtwolame --enable-libvidstab --enable-libvorbis --enable-libvpx --enable-libwavpack --enable-libwebp --enable-libx265 --enable-libxml2 --enable-libxvid --enable-libzmq --enable-libzvbi --enable-lv2 --enable-omx --enable-openal --enable-opencl --enable-opengl --enable-sdl2 --enable-mmal --enable-neon --enable-rpi --enable-v4l2-request --enable-libudev --enable-epoxy --enable-pocketsphinx --enable-libdc1394 --enable-libdrm --enable-vout-drm --enable-libiec61883 --enable-chromaprint --enable-frei0r --enable-libx264 --libdir=/usr/lib/arm-linux-gnueabihf/neon/vfp --cpu=cortex-a7 --arch=armv6t2 --disable-thumb --enable-shared --disable-doc --disable-programs
  avformat    configuration: --prefix=/usr --extra-version=0+deb11u1+rpt1 --toolchain=hardened --incdir=/usr/include/arm-linux-gnueabihf --enable-gpl --disable-stripping --enable-avresample --disable-filter=resample --enable-gnutls --enable-ladspa --enable-libaom --enable-libass --enable-libbluray --enable-libbs2b --enable-libcaca --enable-libcdio --enable-libcodec2 --enable-libdav1d --enable-libflite --enable-libfontconfig --enable-libfreetype --enable-libfribidi --enable-libgme --enable-libgsm --enable-libjack --enable-libmp3lame --enable-libmysofa --enable-libopenjpeg --enable-libopenmpt --enable-libopus --enable-libpulse --enable-librabbitmq --enable-librsvg --enable-librubberband --enable-libshine --enable-libsnappy --enable-libsoxr --enable-libspeex --enable-libsrt --enable-libssh --enable-libtheora --enable-libtwolame --enable-libvidstab --enable-libvorbis --enable-libvpx --enable-libwavpack --enable-libwebp --enable-libx265 --enable-libxml2 --enable-libxvid --enable-libzmq --enable-libzvbi --enable-lv2 --enable-omx --enable-openal --enable-opencl --enable-opengl --enable-sdl2 --enable-mmal --enable-neon --enable-rpi --enable-v4l2-request --enable-libudev --enable-epoxy --enable-pocketsphinx --enable-libdc1394 --enable-libdrm --enable-vout-drm --enable-libiec61883 --enable-chromaprint --enable-frei0r --enable-libx264 --libdir=/usr/lib/arm-linux-gnueabihf/neon/vfp --cpu=cortex-a7 --arch=armv6t2 --disable-thumb --enable-shared --disable-doc --disable-programs
  avdevice    configuration: --prefix=/usr --extra-version=0+deb11u1+rpt1 --toolchain=hardened --incdir=/usr/include/arm-linux-gnueabihf --enable-gpl --disable-stripping --enable-avresample --disable-filter=resample --enable-gnutls --enable-ladspa --enable-libaom --enable-libass --enable-libbluray --enable-libbs2b --enable-libcaca --enable-libcdio --enable-libcodec2 --enable-libdav1d --enable-libflite --enable-libfontconfig --enable-libfreetype --enable-libfribidi --enable-libgme --enable-libgsm --enable-libjack --enable-libmp3lame --enable-libmysofa --enable-libopenjpeg --enable-libopenmpt --enable-libopus --enable-libpulse --enable-librabbitmq --enable-librsvg --enable-librubberband --enable-libshine --enable-libsnappy --enable-libsoxr --enable-libspeex --enable-libsrt --enable-libssh --enable-libtheora --enable-libtwolame --enable-libvidstab --enable-libvorbis --enable-libvpx --enable-libwavpack --enable-libwebp --enable-libx265 --enable-libxml2 --enable-libxvid --enable-libzmq --enable-libzvbi --enable-lv2 --enable-omx --enable-openal --enable-opencl --enable-opengl --enable-sdl2 --enable-mmal --enable-neon --enable-rpi --enable-v4l2-request --enable-libudev --enable-epoxy --enable-pocketsphinx --enable-libdc1394 --enable-libdrm --enable-vout-drm --enable-libiec61883 --enable-chromaprint --enable-frei0r --enable-libx264 --libdir=/usr/lib/arm-linux-gnueabihf/neon/vfp --cpu=cortex-a7 --arch=armv6t2 --disable-thumb --enable-shared --disable-doc --disable-programs
  avfilter    configuration: --prefix=/usr --extra-version=0+deb11u1+rpt1 --toolchain=hardened --incdir=/usr/include/arm-linux-gnueabihf --enable-gpl --disable-stripping --enable-avresample --disable-filter=resample --enable-gnutls --enable-ladspa --enable-libaom --enable-libass --enable-libbluray --enable-libbs2b --enable-libcaca --enable-libcdio --enable-libcodec2 --enable-libdav1d --enable-libflite --enable-libfontconfig --enable-libfreetype --enable-libfribidi --enable-libgme --enable-libgsm --enable-libjack --enable-libmp3lame --enable-libmysofa --enable-libopenjpeg --enable-libopenmpt --enable-libopus --enable-libpulse --enable-librabbitmq --enable-librsvg --enable-librubberband --enable-libshine --enable-libsnappy --enable-libsoxr --enable-libspeex --enable-libsrt --enable-libssh --enable-libtheora --enable-libtwolame --enable-libvidstab --enable-libvorbis --enable-libvpx --enable-libwavpack --enable-libwebp --enable-libx265 --enable-libxml2 --enable-libxvid --enable-libzmq --enable-libzvbi --enable-lv2 --enable-omx --enable-openal --enable-opencl --enable-opengl --enable-sdl2 --enable-mmal --enable-neon --enable-rpi --enable-v4l2-request --enable-libudev --enable-epoxy --enable-pocketsphinx --enable-libdc1394 --enable-libdrm --enable-vout-drm --enable-libiec61883 --enable-chromaprint --enable-frei0r --enable-libx264 --libdir=/usr/lib/arm-linux-gnueabihf/neon/vfp --cpu=cortex-a7 --arch=armv6t2 --disable-thumb --enable-shared --disable-doc --disable-programs
  avresample  configuration: --prefix=/usr --extra-version=0+deb11u1+rpt1 --toolchain=hardened --incdir=/usr/include/arm-linux-gnueabihf --enable-gpl --disable-stripping --enable-avresample --disable-filter=resample --enable-gnutls --enable-ladspa --enable-libaom --enable-libass --enable-libbluray --enable-libbs2b --enable-libcaca --enable-libcdio --enable-libcodec2 --enable-libdav1d --enable-libflite --enable-libfontconfig --enable-libfreetype --enable-libfribidi --enable-libgme --enable-libgsm --enable-libjack --enable-libmp3lame --enable-libmysofa --enable-libopenjpeg --enable-libopenmpt --enable-libopus --enable-libpulse --enable-librabbitmq --enable-librsvg --enable-librubberband --enable-libshine --enable-libsnappy --enable-libsoxr --enable-libspeex --enable-libsrt --enable-libssh --enable-libtheora --enable-libtwolame --enable-libvidstab --enable-libvorbis --enable-libvpx --enable-libwavpack --enable-libwebp --enable-libx265 --enable-libxml2 --enable-libxvid --enable-libzmq --enable-libzvbi --enable-lv2 --enable-omx --enable-openal --enable-opencl --enable-opengl --enable-sdl2 --enable-mmal --enable-neon --enable-rpi --enable-v4l2-request --enable-libudev --enable-epoxy --enable-pocketsphinx --enable-libdc1394 --enable-libdrm --enable-vout-drm --enable-libiec61883 --enable-chromaprint --enable-frei0r --enable-libx264 --libdir=/usr/lib/arm-linux-gnueabihf/neon/vfp --cpu=cortex-a7 --arch=armv6t2 --disable-thumb --enable-shared --disable-doc --disable-programs
  swscale     configuration: --prefix=/usr --extra-version=0+deb11u1+rpt1 --toolchain=hardened --incdir=/usr/include/arm-linux-gnueabihf --enable-gpl --disable-stripping --enable-avresample --disable-filter=resample --enable-gnutls --enable-ladspa --enable-libaom --enable-libass --enable-libbluray --enable-libbs2b --enable-libcaca --enable-libcdio --enable-libcodec2 --enable-libdav1d --enable-libflite --enable-libfontconfig --enable-libfreetype --enable-libfribidi --enable-libgme --enable-libgsm --enable-libjack --enable-libmp3lame --enable-libmysofa --enable-libopenjpeg --enable-libopenmpt --enable-libopus --enable-libpulse --enable-librabbitmq --enable-librsvg --enable-librubberband --enable-libshine --enable-libsnappy --enable-libsoxr --enable-libspeex --enable-libsrt --enable-libssh --enable-libtheora --enable-libtwolame --enable-libvidstab --enable-libvorbis --enable-libvpx --enable-libwavpack --enable-libwebp --enable-libx265 --enable-libxml2 --enable-libxvid --enable-libzmq --enable-libzvbi --enable-lv2 --enable-omx --enable-openal --enable-opencl --enable-opengl --enable-sdl2 --enable-mmal --enable-neon --enable-rpi --enable-v4l2-request --enable-libudev --enable-epoxy --enable-pocketsphinx --enable-libdc1394 --enable-libdrm --enable-vout-drm --enable-libiec61883 --enable-chromaprint --enable-frei0r --enable-libx264 --libdir=/usr/lib/arm-linux-gnueabihf/neon/vfp --cpu=cortex-a7 --arch=armv6t2 --disable-thumb --enable-shared --disable-doc --disable-programs
  swresample  configuration: --prefix=/usr --extra-version=0+deb11u1+rpt1 --toolchain=hardened --incdir=/usr/include/arm-linux-gnueabihf --enable-gpl --disable-stripping --enable-avresample --disable-filter=resample --enable-gnutls --enable-ladspa --enable-libaom --enable-libass --enable-libbluray --enable-libbs2b --enable-libcaca --enable-libcdio --enable-libcodec2 --enable-libdav1d --enable-libflite --enable-libfontconfig --enable-libfreetype --enable-libfribidi --enable-libgme --enable-libgsm --enable-libjack --enable-libmp3lame --enable-libmysofa --enable-libopenjpeg --enable-libopenmpt --enable-libopus --enable-libpulse --enable-librabbitmq --enable-librsvg --enable-librubberband --enable-libshine --enable-libsnappy --enable-libsoxr --enable-libspeex --enable-libsrt --enable-libssh --enable-libtheora --enable-libtwolame --enable-libvidstab --enable-libvorbis --enable-libvpx --enable-libwavpack --enable-libwebp --enable-libx265 --enable-libxml2 --enable-libxvid --enable-libzmq --enable-libzvbi --enable-lv2 --enable-omx --enable-openal --enable-opencl --enable-opengl --enable-sdl2 --enable-mmal --enable-neon --enable-rpi --enable-v4l2-request --enable-libudev --enable-epoxy --enable-pocketsphinx --enable-libdc1394 --enable-libdrm --enable-vout-drm --enable-libiec61883 --enable-chromaprint --enable-frei0r --enable-libx264 --libdir=/usr/lib/arm-linux-gnueabihf/neon/vfp --cpu=cortex-a7 --arch=armv6t2 --disable-thumb --enable-shared --disable-doc --disable-programs
  postproc    configuration: --prefix=/usr --extra-version=0+deb11u1+rpt1 --toolchain=hardened --incdir=/usr/include/arm-linux-gnueabihf --enable-gpl --disable-stripping --enable-avresample --disable-filter=resample --enable-gnutls --enable-ladspa --enable-libaom --enable-libass --enable-libbluray --enable-libbs2b --enable-libcaca --enable-libcdio --enable-libcodec2 --enable-libdav1d --enable-libflite --enable-libfontconfig --enable-libfreetype --enable-libfribidi --enable-libgme --enable-libgsm --enable-libjack --enable-libmp3lame --enable-libmysofa --enable-libopenjpeg --enable-libopenmpt --enable-libopus --enable-libpulse --enable-librabbitmq --enable-librsvg --enable-librubberband --enable-libshine --enable-libsnappy --enable-libsoxr --enable-libspeex --enable-libsrt --enable-libssh --enable-libtheora --enable-libtwolame --enable-libvidstab --enable-libvorbis --enable-libvpx --enable-libwavpack --enable-libwebp --enable-libx265 --enable-libxml2 --enable-libxvid --enable-libzmq --enable-libzvbi --enable-lv2 --enable-omx --enable-openal --enable-opencl --enable-opengl --enable-sdl2 --enable-mmal --enable-neon --enable-rpi --enable-v4l2-request --enable-libudev --enable-epoxy --enable-pocketsphinx --enable-libdc1394 --enable-libdrm --enable-vout-drm --enable-libiec61883 --enable-chromaprint --enable-frei0r --enable-libx264 --libdir=/usr/lib/arm-linux-gnueabihf/neon/vfp --cpu=cortex-a7 --arch=armv6t2 --disable-thumb --enable-shared --disable-doc --disable-programs
  libavutil      56. 51.100 / 56. 51.100
  libavcodec     58. 91.100 / 58. 91.100
  libavformat    58. 45.100 / 58. 45.100
  libavdevice    58. 10.100 / 58. 10.100
  libavfilter     7. 85.100 /  7. 85.100
  libavresample   4.  0.  0 /  4.  0.  0
  libswscale      5.  7.100 /  5.  7.100
  libswresample   3.  7.100 /  3.  7.100
  libpostproc    55.  7.100 / 55.  7.100
Input #0, concat, from '/tmp/tmp.r9aMolC3fy':
  Duration: N/A, start: 0.000000, bitrate: N/A
    Stream #0:0: Video: mjpeg (Baseline), yuvj420p(pc, bt470bg/unknown/unknown), 640x480 [SAR 96:96 DAR 4:3], 25 tbr, 25 tbn, 25 tbc
Stream mapping:
  Stream #0:0 -> #0:0 (mjpeg (native) -> gif (native))
Press [q] to stop, [?] for help
[swscaler @ 0x1ad98f0] deprecated pixel format used, make sure you did set range correctly
[swscaler @ 0x1ad98f0] No accelerated colorspace conversion found from yuv420p to bgr8.
Output #0, gif, to '/tmp/tmp.dwyFUQHTux.gif':
  Metadata:
    encoder         : Lavf58.45.100
    Stream #0:0: Video: gif, bgr8, 640x480 [SAR 1:1 DAR 4:3], q=2-31, 200 kb/s, 6 fps, 100 tbn, 6 tbc
    Metadata:
      encoder         : Lavc58.91.100 gif
[swscaler @ 0x1ad98f0] deprecated pixel format used, make sure you did set range correctly
[swscaler @ 0x1abd690] deprecated pixel format used, make sure you did set range correctly
frame=    9 fps=0.0 q=-0.0 Lsize=     454kB time=00:00:01.51 bitrate=2461.0kbits/s speed=4.09x    
video:454kB audio:0kB subtitle:0kB other streams:0kB global headers:0kB muxing overhead: 0.004306%
[2026-07-23 12:00:04] Rebuilt timelapse.gif
[main 5da353b] Daily image: 2026-07-23 12:00:01
 3 files changed, 1 insertion(+)
 create mode 100644 images/2026-07-23.jpg
From github.com:UWIN-Dev/UWIN-Dev.github.io
 * branch            main       -> FETCH_HEAD
Current branch main is up to date.
To github.com:UWIN-Dev/UWIN-Dev.github.io.git
   dc6c6e2..5da353b  main -> main
[2026-07-23 12:00:06] === Successfully pushed 2026-07-23.jpg (and timelapse.gif) to main ===
[2026-07-24 12:00:01] === Starting daily capture for 2026-07-24 ===
[1m--- Opening /dev/video0...
[0m[0mTrying source module v4l2...
[0m[0m/dev/video0 opened.
[0m[0mNo input was specified, using the first.
[0m[1m--- Capturing frame...
[0m[0mSkipping 5 frames...
[0m[0mCapturing 1 frames...
[0m[0mCaptured 6 frames in 0.16 seconds. (38 fps)
[0m[1m--- Processing captured image...
[0m[0mDisabling banner.
[0m[0mSetting output format to JPEG, quality 85
[0m[0mWriting JPEG image to '/home/csic/grow-beyond-earth/images/2026-07-24.jpg'.
[0m[2026-07-24 12:00:03] Captured 2026-07-24.jpg
[2026-07-24 12:00:03] Regenerated manifest.json (entries: 9)
ffmpeg version 4.3.9-0+deb11u1+rpt1 Copyright (c) 2000-2025 the FFmpeg developers
  built with gcc 10 (Raspbian 10.2.1-6+rpi1)
  configuration: --prefix=/usr --extra-version=0+deb11u1+rpt1 --toolchain=hardened --incdir=/usr/include/arm-linux-gnueabihf --enable-gpl --disable-stripping --enable-avresample --disable-filter=resample --enable-gnutls --enable-ladspa --enable-libaom --enable-libass --enable-libbluray --enable-libbs2b --enable-libcaca --enable-libcdio --enable-libcodec2 --enable-libdav1d --enable-libflite --enable-libfontconfig --enable-libfreetype --enable-libfribidi --enable-libgme --enable-libgsm --enable-libjack --enable-libmp3lame --enable-libmysofa --enable-libopenjpeg --enable-libopenmpt --enable-libopus --enable-libpulse --enable-librabbitmq --enable-librsvg --enable-librubberband --enable-libshine --enable-libsnappy --enable-libsoxr --enable-libspeex --enable-libsrt --enable-libssh --enable-libtheora --enable-libtwolame --enable-libvidstab --enable-libvorbis --enable-libvpx --enable-libwavpack --enable-libwebp --enable-libx265 --enable-libxml2 --enable-libxvid --enable-libzmq --enable-libzvbi --enable-lv2 --enable-omx --enable-openal --enable-opencl --enable-opengl --enable-sdl2 --enable-mmal --enable-neon --enable-rpi --enable-v4l2-request --enable-libudev --enable-epoxy --enable-pocketsphinx --enable-libdc1394 --enable-libdrm --enable-vout-drm --enable-libiec61883 --enable-chromaprint --enable-frei0r --enable-libx264 --enable-shared --libdir=/usr/lib/arm-linux-gnueabihf --cpu=arm1176jzf-s --arch=arm
  WARNING: library configuration mismatch
  avutil      configuration: --prefix=/usr --extra-version=0+deb11u1+rpt1 --toolchain=hardened --incdir=/usr/include/arm-linux-gnueabihf --enable-gpl --disable-stripping --enable-avresample --disable-filter=resample --enable-gnutls --enable-ladspa --enable-libaom --enable-libass --enable-libbluray --enable-libbs2b --enable-libcaca --enable-libcdio --enable-libcodec2 --enable-libdav1d --enable-libflite --enable-libfontconfig --enable-libfreetype --enable-libfribidi --enable-libgme --enable-libgsm --enable-libjack --enable-libmp3lame --enable-libmysofa --enable-libopenjpeg --enable-libopenmpt --enable-libopus --enable-libpulse --enable-librabbitmq --enable-librsvg --enable-librubberband --enable-libshine --enable-libsnappy --enable-libsoxr --enable-libspeex --enable-libsrt --enable-libssh --enable-libtheora --enable-libtwolame --enable-libvidstab --enable-libvorbis --enable-libvpx --enable-libwavpack --enable-libwebp --enable-libx265 --enable-libxml2 --enable-libxvid --enable-libzmq --enable-libzvbi --enable-lv2 --enable-omx --enable-openal --enable-opencl --enable-opengl --enable-sdl2 --enable-mmal --enable-neon --enable-rpi --enable-v4l2-request --enable-libudev --enable-epoxy --enable-pocketsphinx --enable-libdc1394 --enable-libdrm --enable-vout-drm --enable-libiec61883 --enable-chromaprint --enable-frei0r --enable-libx264 --libdir=/usr/lib/arm-linux-gnueabihf/neon/vfp --cpu=cortex-a7 --arch=armv6t2 --disable-thumb --enable-shared --disable-doc --disable-programs
  avcodec     configuration: --prefix=/usr --extra-version=0+deb11u1+rpt1 --toolchain=hardened --incdir=/usr/include/arm-linux-gnueabihf --enable-gpl --disable-stripping --enable-avresample --disable-filter=resample --enable-gnutls --enable-ladspa --enable-libaom --enable-libass --enable-libbluray --enable-libbs2b --enable-libcaca --enable-libcdio --enable-libcodec2 --enable-libdav1d --enable-libflite --enable-libfontconfig --enable-libfreetype --enable-libfribidi --enable-libgme --enable-libgsm --enable-libjack --enable-libmp3lame --enable-libmysofa --enable-libopenjpeg --enable-libopenmpt --enable-libopus --enable-libpulse --enable-librabbitmq --enable-librsvg --enable-librubberband --enable-libshine --enable-libsnappy --enable-libsoxr --enable-libspeex --enable-libsrt --enable-libssh --enable-libtheora --enable-libtwolame --enable-libvidstab --enable-libvorbis --enable-libvpx --enable-libwavpack --enable-libwebp --enable-libx265 --enable-libxml2 --enable-libxvid --enable-libzmq --enable-libzvbi --enable-lv2 --enable-omx --enable-openal --enable-opencl --enable-opengl --enable-sdl2 --enable-mmal --enable-neon --enable-rpi --enable-v4l2-request --enable-libudev --enable-epoxy --enable-pocketsphinx --enable-libdc1394 --enable-libdrm --enable-vout-drm --enable-libiec61883 --enable-chromaprint --enable-frei0r --enable-libx264 --libdir=/usr/lib/arm-linux-gnueabihf/neon/vfp --cpu=cortex-a7 --arch=armv6t2 --disable-thumb --enable-shared --disable-doc --disable-programs
  avformat    configuration: --prefix=/usr --extra-version=0+deb11u1+rpt1 --toolchain=hardened --incdir=/usr/include/arm-linux-gnueabihf --enable-gpl --disable-stripping --enable-avresample --disable-filter=resample --enable-gnutls --enable-ladspa --enable-libaom --enable-libass --enable-libbluray --enable-libbs2b --enable-libcaca --enable-libcdio --enable-libcodec2 --enable-libdav1d --enable-libflite --enable-libfontconfig --enable-libfreetype --enable-libfribidi --enable-libgme --enable-libgsm --enable-libjack --enable-libmp3lame --enable-libmysofa --enable-libopenjpeg --enable-libopenmpt --enable-libopus --enable-libpulse --enable-librabbitmq --enable-librsvg --enable-librubberband --enable-libshine --enable-libsnappy --enable-libsoxr --enable-libspeex --enable-libsrt --enable-libssh --enable-libtheora --enable-libtwolame --enable-libvidstab --enable-libvorbis --enable-libvpx --enable-libwavpack --enable-libwebp --enable-libx265 --enable-libxml2 --enable-libxvid --enable-libzmq --enable-libzvbi --enable-lv2 --enable-omx --enable-openal --enable-opencl --enable-opengl --enable-sdl2 --enable-mmal --enable-neon --enable-rpi --enable-v4l2-request --enable-libudev --enable-epoxy --enable-pocketsphinx --enable-libdc1394 --enable-libdrm --enable-vout-drm --enable-libiec61883 --enable-chromaprint --enable-frei0r --enable-libx264 --libdir=/usr/lib/arm-linux-gnueabihf/neon/vfp --cpu=cortex-a7 --arch=armv6t2 --disable-thumb --enable-shared --disable-doc --disable-programs
  avdevice    configuration: --prefix=/usr --extra-version=0+deb11u1+rpt1 --toolchain=hardened --incdir=/usr/include/arm-linux-gnueabihf --enable-gpl --disable-stripping --enable-avresample --disable-filter=resample --enable-gnutls --enable-ladspa --enable-libaom --enable-libass --enable-libbluray --enable-libbs2b --enable-libcaca --enable-libcdio --enable-libcodec2 --enable-libdav1d --enable-libflite --enable-libfontconfig --enable-libfreetype --enable-libfribidi --enable-libgme --enable-libgsm --enable-libjack --enable-libmp3lame --enable-libmysofa --enable-libopenjpeg --enable-libopenmpt --enable-libopus --enable-libpulse --enable-librabbitmq --enable-librsvg --enable-librubberband --enable-libshine --enable-libsnappy --enable-libsoxr --enable-libspeex --enable-libsrt --enable-libssh --enable-libtheora --enable-libtwolame --enable-libvidstab --enable-libvorbis --enable-libvpx --enable-libwavpack --enable-libwebp --enable-libx265 --enable-libxml2 --enable-libxvid --enable-libzmq --enable-libzvbi --enable-lv2 --enable-omx --enable-openal --enable-opencl --enable-opengl --enable-sdl2 --enable-mmal --enable-neon --enable-rpi --enable-v4l2-request --enable-libudev --enable-epoxy --enable-pocketsphinx --enable-libdc1394 --enable-libdrm --enable-vout-drm --enable-libiec61883 --enable-chromaprint --enable-frei0r --enable-libx264 --libdir=/usr/lib/arm-linux-gnueabihf/neon/vfp --cpu=cortex-a7 --arch=armv6t2 --disable-thumb --enable-shared --disable-doc --disable-programs
  avfilter    configuration: --prefix=/usr --extra-version=0+deb11u1+rpt1 --toolchain=hardened --incdir=/usr/include/arm-linux-gnueabihf --enable-gpl --disable-stripping --enable-avresample --disable-filter=resample --enable-gnutls --enable-ladspa --enable-libaom --enable-libass --enable-libbluray --enable-libbs2b --enable-libcaca --enable-libcdio --enable-libcodec2 --enable-libdav1d --enable-libflite --enable-libfontconfig --enable-libfreetype --enable-libfribidi --enable-libgme --enable-libgsm --enable-libjack --enable-libmp3lame --enable-libmysofa --enable-libopenjpeg --enable-libopenmpt --enable-libopus --enable-libpulse --enable-librabbitmq --enable-librsvg --enable-librubberband --enable-libshine --enable-libsnappy --enable-libsoxr --enable-libspeex --enable-libsrt --enable-libssh --enable-libtheora --enable-libtwolame --enable-libvidstab --enable-libvorbis --enable-libvpx --enable-libwavpack --enable-libwebp --enable-libx265 --enable-libxml2 --enable-libxvid --enable-libzmq --enable-libzvbi --enable-lv2 --enable-omx --enable-openal --enable-opencl --enable-opengl --enable-sdl2 --enable-mmal --enable-neon --enable-rpi --enable-v4l2-request --enable-libudev --enable-epoxy --enable-pocketsphinx --enable-libdc1394 --enable-libdrm --enable-vout-drm --enable-libiec61883 --enable-chromaprint --enable-frei0r --enable-libx264 --libdir=/usr/lib/arm-linux-gnueabihf/neon/vfp --cpu=cortex-a7 --arch=armv6t2 --disable-thumb --enable-shared --disable-doc --disable-programs
  avresample  configuration: --prefix=/usr --extra-version=0+deb11u1+rpt1 --toolchain=hardened --incdir=/usr/include/arm-linux-gnueabihf --enable-gpl --disable-stripping --enable-avresample --disable-filter=resample --enable-gnutls --enable-ladspa --enable-libaom --enable-libass --enable-libbluray --enable-libbs2b --enable-libcaca --enable-libcdio --enable-libcodec2 --enable-libdav1d --enable-libflite --enable-libfontconfig --enable-libfreetype --enable-libfribidi --enable-libgme --enable-libgsm --enable-libjack --enable-libmp3lame --enable-libmysofa --enable-libopenjpeg --enable-libopenmpt --enable-libopus --enable-libpulse --enable-librabbitmq --enable-librsvg --enable-librubberband --enable-libshine --enable-libsnappy --enable-libsoxr --enable-libspeex --enable-libsrt --enable-libssh --enable-libtheora --enable-libtwolame --enable-libvidstab --enable-libvorbis --enable-libvpx --enable-libwavpack --enable-libwebp --enable-libx265 --enable-libxml2 --enable-libxvid --enable-libzmq --enable-libzvbi --enable-lv2 --enable-omx --enable-openal --enable-opencl --enable-opengl --enable-sdl2 --enable-mmal --enable-neon --enable-rpi --enable-v4l2-request --enable-libudev --enable-epoxy --enable-pocketsphinx --enable-libdc1394 --enable-libdrm --enable-vout-drm --enable-libiec61883 --enable-chromaprint --enable-frei0r --enable-libx264 --libdir=/usr/lib/arm-linux-gnueabihf/neon/vfp --cpu=cortex-a7 --arch=armv6t2 --disable-thumb --enable-shared --disable-doc --disable-programs
  swscale     configuration: --prefix=/usr --extra-version=0+deb11u1+rpt1 --toolchain=hardened --incdir=/usr/include/arm-linux-gnueabihf --enable-gpl --disable-stripping --enable-avresample --disable-filter=resample --enable-gnutls --enable-ladspa --enable-libaom --enable-libass --enable-libbluray --enable-libbs2b --enable-libcaca --enable-libcdio --enable-libcodec2 --enable-libdav1d --enable-libflite --enable-libfontconfig --enable-libfreetype --enable-libfribidi --enable-libgme --enable-libgsm --enable-libjack --enable-libmp3lame --enable-libmysofa --enable-libopenjpeg --enable-libopenmpt --enable-libopus --enable-libpulse --enable-librabbitmq --enable-librsvg --enable-librubberband --enable-libshine --enable-libsnappy --enable-libsoxr --enable-libspeex --enable-libsrt --enable-libssh --enable-libtheora --enable-libtwolame --enable-libvidstab --enable-libvorbis --enable-libvpx --enable-libwavpack --enable-libwebp --enable-libx265 --enable-libxml2 --enable-libxvid --enable-libzmq --enable-libzvbi --enable-lv2 --enable-omx --enable-openal --enable-opencl --enable-opengl --enable-sdl2 --enable-mmal --enable-neon --enable-rpi --enable-v4l2-request --enable-libudev --enable-epoxy --enable-pocketsphinx --enable-libdc1394 --enable-libdrm --enable-vout-drm --enable-libiec61883 --enable-chromaprint --enable-frei0r --enable-libx264 --libdir=/usr/lib/arm-linux-gnueabihf/neon/vfp --cpu=cortex-a7 --arch=armv6t2 --disable-thumb --enable-shared --disable-doc --disable-programs
  swresample  configuration: --prefix=/usr --extra-version=0+deb11u1+rpt1 --toolchain=hardened --incdir=/usr/include/arm-linux-gnueabihf --enable-gpl --disable-stripping --enable-avresample --disable-filter=resample --enable-gnutls --enable-ladspa --enable-libaom --enable-libass --enable-libbluray --enable-libbs2b --enable-libcaca --enable-libcdio --enable-libcodec2 --enable-libdav1d --enable-libflite --enable-libfontconfig --enable-libfreetype --enable-libfribidi --enable-libgme --enable-libgsm --enable-libjack --enable-libmp3lame --enable-libmysofa --enable-libopenjpeg --enable-libopenmpt --enable-libopus --enable-libpulse --enable-librabbitmq --enable-librsvg --enable-librubberband --enable-libshine --enable-libsnappy --enable-libsoxr --enable-libspeex --enable-libsrt --enable-libssh --enable-libtheora --enable-libtwolame --enable-libvidstab --enable-libvorbis --enable-libvpx --enable-libwavpack --enable-libwebp --enable-libx265 --enable-libxml2 --enable-libxvid --enable-libzmq --enable-libzvbi --enable-lv2 --enable-omx --enable-openal --enable-opencl --enable-opengl --enable-sdl2 --enable-mmal --enable-neon --enable-rpi --enable-v4l2-request --enable-libudev --enable-epoxy --enable-pocketsphinx --enable-libdc1394 --enable-libdrm --enable-vout-drm --enable-libiec61883 --enable-chromaprint --enable-frei0r --enable-libx264 --libdir=/usr/lib/arm-linux-gnueabihf/neon/vfp --cpu=cortex-a7 --arch=armv6t2 --disable-thumb --enable-shared --disable-doc --disable-programs
  postproc    configuration: --prefix=/usr --extra-version=0+deb11u1+rpt1 --toolchain=hardened --incdir=/usr/include/arm-linux-gnueabihf --enable-gpl --disable-stripping --enable-avresample --disable-filter=resample --enable-gnutls --enable-ladspa --enable-libaom --enable-libass --enable-libbluray --enable-libbs2b --enable-libcaca --enable-libcdio --enable-libcodec2 --enable-libdav1d --enable-libflite --enable-libfontconfig --enable-libfreetype --enable-libfribidi --enable-libgme --enable-libgsm --enable-libjack --enable-libmp3lame --enable-libmysofa --enable-libopenjpeg --enable-libopenmpt --enable-libopus --enable-libpulse --enable-librabbitmq --enable-librsvg --enable-librubberband --enable-libshine --enable-libsnappy --enable-libsoxr --enable-libspeex --enable-libsrt --enable-libssh --enable-libtheora --enable-libtwolame --enable-libvidstab --enable-libvorbis --enable-libvpx --enable-libwavpack --enable-libwebp --enable-libx265 --enable-libxml2 --enable-libxvid --enable-libzmq --enable-libzvbi --enable-lv2 --enable-omx --enable-openal --enable-opencl --enable-opengl --enable-sdl2 --enable-mmal --enable-neon --enable-rpi --enable-v4l2-request --enable-libudev --enable-epoxy --enable-pocketsphinx --enable-libdc1394 --enable-libdrm --enable-vout-drm --enable-libiec61883 --enable-chromaprint --enable-frei0r --enable-libx264 --libdir=/usr/lib/arm-linux-gnueabihf/neon/vfp --cpu=cortex-a7 --arch=armv6t2 --disable-thumb --enable-shared --disable-doc --disable-programs
  libavutil      56. 51.100 / 56. 51.100
  libavcodec     58. 91.100 / 58. 91.100
  libavformat    58. 45.100 / 58. 45.100
  libavdevice    58. 10.100 / 58. 10.100
  libavfilter     7. 85.100 /  7. 85.100
  libavresample   4.  0.  0 /  4.  0.  0
  libswscale      5.  7.100 /  5.  7.100
  libswresample   3.  7.100 /  3.  7.100
  libpostproc    55.  7.100 / 55.  7.100
Input #0, concat, from '/tmp/tmp.JgdHn5S80N':
  Duration: N/A, start: 0.000000, bitrate: N/A
    Stream #0:0: Video: mjpeg (Baseline), yuvj420p(pc, bt470bg/unknown/unknown), 640x480 [SAR 96:96 DAR 4:3], 25 tbr, 25 tbn, 25 tbc
Stream mapping:
  Stream #0:0 -> #0:0 (mjpeg (native) -> gif (native))
Press [q] to stop, [?] for help
[swscaler @ 0x28c79d0] deprecated pixel format used, make sure you did set range correctly
[swscaler @ 0x28c79d0] No accelerated colorspace conversion found from yuv420p to bgr8.
Output #0, gif, to '/tmp/tmp.spGE3OkIiJ.gif':
  Metadata:
    encoder         : Lavf58.45.100
    Stream #0:0: Video: gif, bgr8, 640x480 [SAR 1:1 DAR 4:3], q=2-31, 200 kb/s, 6 fps, 100 tbn, 6 tbc
    Metadata:
      encoder         : Lavc58.91.100 gif
[swscaler @ 0x28c79d0] deprecated pixel format used, make sure you did set range correctly
[swscaler @ 0x28b5a60] deprecated pixel format used, make sure you did set range correctly
frame=   10 fps=0.0 q=-0.0 Lsize=     502kB time=00:00:01.68 bitrate=2447.5kbits/s speed= 4.2x    
video:502kB audio:0kB subtitle:0kB other streams:0kB global headers:0kB muxing overhead: 0.003891%
[2026-07-24 12:00:03] Rebuilt timelapse.gif
[main 5439409] Daily image: 2026-07-24 12:00:01
 3 files changed, 1 insertion(+)
 create mode 100644 images/2026-07-24.jpg
From github.com:UWIN-Dev/UWIN-Dev.github.io
 * branch            main       -> FETCH_HEAD
Current branch main is up to date.
To github.com:UWIN-Dev/UWIN-Dev.github.io.git
   5da353b..5439409  main -> main
[2026-07-24 12:00:11] === Successfully pushed 2026-07-24.jpg (and timelapse.gif) to main ===
[2026-07-25 12:00:01] === Starting daily capture for 2026-07-25 ===
[1m--- Opening /dev/video0...
[0m[0mTrying source module v4l2...
[0m[0m/dev/video0 opened.
[0m[0mNo input was specified, using the first.
[0m[1m--- Capturing frame...
[0m[0mSkipping 5 frames...
[0m[0mCapturing 1 frames...
[0m[0mCaptured 6 frames in 0.16 seconds. (38 fps)
[0m[1m--- Processing captured image...
[0m[0mDisabling banner.
[0m[0mSetting output format to JPEG, quality 85
[0m[0mWriting JPEG image to '/home/csic/grow-beyond-earth/images/2026-07-25.jpg'.
[0m[2026-07-25 12:00:03] Captured 2026-07-25.jpg
[2026-07-25 12:00:03] Regenerated manifest.json (entries: 10)
ffmpeg version 4.3.9-0+deb11u1+rpt1 Copyright (c) 2000-2025 the FFmpeg developers
  built with gcc 10 (Raspbian 10.2.1-6+rpi1)
  configuration: --prefix=/usr --extra-version=0+deb11u1+rpt1 --toolchain=hardened --incdir=/usr/include/arm-linux-gnueabihf --enable-gpl --disable-stripping --enable-avresample --disable-filter=resample --enable-gnutls --enable-ladspa --enable-libaom --enable-libass --enable-libbluray --enable-libbs2b --enable-libcaca --enable-libcdio --enable-libcodec2 --enable-libdav1d --enable-libflite --enable-libfontconfig --enable-libfreetype --enable-libfribidi --enable-libgme --enable-libgsm --enable-libjack --enable-libmp3lame --enable-libmysofa --enable-libopenjpeg --enable-libopenmpt --enable-libopus --enable-libpulse --enable-librabbitmq --enable-librsvg --enable-librubberband --enable-libshine --enable-libsnappy --enable-libsoxr --enable-libspeex --enable-libsrt --enable-libssh --enable-libtheora --enable-libtwolame --enable-libvidstab --enable-libvorbis --enable-libvpx --enable-libwavpack --enable-libwebp --enable-libx265 --enable-libxml2 --enable-libxvid --enable-libzmq --enable-libzvbi --enable-lv2 --enable-omx --enable-openal --enable-opencl --enable-opengl --enable-sdl2 --enable-mmal --enable-neon --enable-rpi --enable-v4l2-request --enable-libudev --enable-epoxy --enable-pocketsphinx --enable-libdc1394 --enable-libdrm --enable-vout-drm --enable-libiec61883 --enable-chromaprint --enable-frei0r --enable-libx264 --enable-shared --libdir=/usr/lib/arm-linux-gnueabihf --cpu=arm1176jzf-s --arch=arm
  WARNING: library configuration mismatch
  avutil      configuration: --prefix=/usr --extra-version=0+deb11u1+rpt1 --toolchain=hardened --incdir=/usr/include/arm-linux-gnueabihf --enable-gpl --disable-stripping --enable-avresample --disable-filter=resample --enable-gnutls --enable-ladspa --enable-libaom --enable-libass --enable-libbluray --enable-libbs2b --enable-libcaca --enable-libcdio --enable-libcodec2 --enable-libdav1d --enable-libflite --enable-libfontconfig --enable-libfreetype --enable-libfribidi --enable-libgme --enable-libgsm --enable-libjack --enable-libmp3lame --enable-libmysofa --enable-libopenjpeg --enable-libopenmpt --enable-libopus --enable-libpulse --enable-librabbitmq --enable-librsvg --enable-librubberband --enable-libshine --enable-libsnappy --enable-libsoxr --enable-libspeex --enable-libsrt --enable-libssh --enable-libtheora --enable-libtwolame --enable-libvidstab --enable-libvorbis --enable-libvpx --enable-libwavpack --enable-libwebp --enable-libx265 --enable-libxml2 --enable-libxvid --enable-libzmq --enable-libzvbi --enable-lv2 --enable-omx --enable-openal --enable-opencl --enable-opengl --enable-sdl2 --enable-mmal --enable-neon --enable-rpi --enable-v4l2-request --enable-libudev --enable-epoxy --enable-pocketsphinx --enable-libdc1394 --enable-libdrm --enable-vout-drm --enable-libiec61883 --enable-chromaprint --enable-frei0r --enable-libx264 --libdir=/usr/lib/arm-linux-gnueabihf/neon/vfp --cpu=cortex-a7 --arch=armv6t2 --disable-thumb --enable-shared --disable-doc --disable-programs
  avcodec     configuration: --prefix=/usr --extra-version=0+deb11u1+rpt1 --toolchain=hardened --incdir=/usr/include/arm-linux-gnueabihf --enable-gpl --disable-stripping --enable-avresample --disable-filter=resample --enable-gnutls --enable-ladspa --enable-libaom --enable-libass --enable-libbluray --enable-libbs2b --enable-libcaca --enable-libcdio --enable-libcodec2 --enable-libdav1d --enable-libflite --enable-libfontconfig --enable-libfreetype --enable-libfribidi --enable-libgme --enable-libgsm --enable-libjack --enable-libmp3lame --enable-libmysofa --enable-libopenjpeg --enable-libopenmpt --enable-libopus --enable-libpulse --enable-librabbitmq --enable-librsvg --enable-librubberband --enable-libshine --enable-libsnappy --enable-libsoxr --enable-libspeex --enable-libsrt --enable-libssh --enable-libtheora --enable-libtwolame --enable-libvidstab --enable-libvorbis --enable-libvpx --enable-libwavpack --enable-libwebp --enable-libx265 --enable-libxml2 --enable-libxvid --enable-libzmq --enable-libzvbi --enable-lv2 --enable-omx --enable-openal --enable-opencl --enable-opengl --enable-sdl2 --enable-mmal --enable-neon --enable-rpi --enable-v4l2-request --enable-libudev --enable-epoxy --enable-pocketsphinx --enable-libdc1394 --enable-libdrm --enable-vout-drm --enable-libiec61883 --enable-chromaprint --enable-frei0r --enable-libx264 --libdir=/usr/lib/arm-linux-gnueabihf/neon/vfp --cpu=cortex-a7 --arch=armv6t2 --disable-thumb --enable-shared --disable-doc --disable-programs
  avformat    configuration: --prefix=/usr --extra-version=0+deb11u1+rpt1 --toolchain=hardened --incdir=/usr/include/arm-linux-gnueabihf --enable-gpl --disable-stripping --enable-avresample --disable-filter=resample --enable-gnutls --enable-ladspa --enable-libaom --enable-libass --enable-libbluray --enable-libbs2b --enable-libcaca --enable-libcdio --enable-libcodec2 --enable-libdav1d --enable-libflite --enable-libfontconfig --enable-libfreetype --enable-libfribidi --enable-libgme --enable-libgsm --enable-libjack --enable-libmp3lame --enable-libmysofa --enable-libopenjpeg --enable-libopenmpt --enable-libopus --enable-libpulse --enable-librabbitmq --enable-librsvg --enable-librubberband --enable-libshine --enable-libsnappy --enable-libsoxr --enable-libspeex --enable-libsrt --enable-libssh --enable-libtheora --enable-libtwolame --enable-libvidstab --enable-libvorbis --enable-libvpx --enable-libwavpack --enable-libwebp --enable-libx265 --enable-libxml2 --enable-libxvid --enable-libzmq --enable-libzvbi --enable-lv2 --enable-omx --enable-openal --enable-opencl --enable-opengl --enable-sdl2 --enable-mmal --enable-neon --enable-rpi --enable-v4l2-request --enable-libudev --enable-epoxy --enable-pocketsphinx --enable-libdc1394 --enable-libdrm --enable-vout-drm --enable-libiec61883 --enable-chromaprint --enable-frei0r --enable-libx264 --libdir=/usr/lib/arm-linux-gnueabihf/neon/vfp --cpu=cortex-a7 --arch=armv6t2 --disable-thumb --enable-shared --disable-doc --disable-programs
  avdevice    configuration: --prefix=/usr --extra-version=0+deb11u1+rpt1 --toolchain=hardened --incdir=/usr/include/arm-linux-gnueabihf --enable-gpl --disable-stripping --enable-avresample --disable-filter=resample --enable-gnutls --enable-ladspa --enable-libaom --enable-libass --enable-libbluray --enable-libbs2b --enable-libcaca --enable-libcdio --enable-libcodec2 --enable-libdav1d --enable-libflite --enable-libfontconfig --enable-libfreetype --enable-libfribidi --enable-libgme --enable-libgsm --enable-libjack --enable-libmp3lame --enable-libmysofa --enable-libopenjpeg --enable-libopenmpt --enable-libopus --enable-libpulse --enable-librabbitmq --enable-librsvg --enable-librubberband --enable-libshine --enable-libsnappy --enable-libsoxr --enable-libspeex --enable-libsrt --enable-libssh --enable-libtheora --enable-libtwolame --enable-libvidstab --enable-libvorbis --enable-libvpx --enable-libwavpack --enable-libwebp --enable-libx265 --enable-libxml2 --enable-libxvid --enable-libzmq --enable-libzvbi --enable-lv2 --enable-omx --enable-openal --enable-opencl --enable-opengl --enable-sdl2 --enable-mmal --enable-neon --enable-rpi --enable-v4l2-request --enable-libudev --enable-epoxy --enable-pocketsphinx --enable-libdc1394 --enable-libdrm --enable-vout-drm --enable-libiec61883 --enable-chromaprint --enable-frei0r --enable-libx264 --libdir=/usr/lib/arm-linux-gnueabihf/neon/vfp --cpu=cortex-a7 --arch=armv6t2 --disable-thumb --enable-shared --disable-doc --disable-programs
  avfilter    configuration: --prefix=/usr --extra-version=0+deb11u1+rpt1 --toolchain=hardened --incdir=/usr/include/arm-linux-gnueabihf --enable-gpl --disable-stripping --enable-avresample --disable-filter=resample --enable-gnutls --enable-ladspa --enable-libaom --enable-libass --enable-libbluray --enable-libbs2b --enable-libcaca --enable-libcdio --enable-libcodec2 --enable-libdav1d --enable-libflite --enable-libfontconfig --enable-libfreetype --enable-libfribidi --enable-libgme --enable-libgsm --enable-libjack --enable-libmp3lame --enable-libmysofa --enable-libopenjpeg --enable-libopenmpt --enable-libopus --enable-libpulse --enable-librabbitmq --enable-librsvg --enable-librubberband --enable-libshine --enable-libsnappy --enable-libsoxr --enable-libspeex --enable-libsrt --enable-libssh --enable-libtheora --enable-libtwolame --enable-libvidstab --enable-libvorbis --enable-libvpx --enable-libwavpack --enable-libwebp --enable-libx265 --enable-libxml2 --enable-libxvid --enable-libzmq --enable-libzvbi --enable-lv2 --enable-omx --enable-openal --enable-opencl --enable-opengl --enable-sdl2 --enable-mmal --enable-neon --enable-rpi --enable-v4l2-request --enable-libudev --enable-epoxy --enable-pocketsphinx --enable-libdc1394 --enable-libdrm --enable-vout-drm --enable-libiec61883 --enable-chromaprint --enable-frei0r --enable-libx264 --libdir=/usr/lib/arm-linux-gnueabihf/neon/vfp --cpu=cortex-a7 --arch=armv6t2 --disable-thumb --enable-shared --disable-doc --disable-programs
  avresample  configuration: --prefix=/usr --extra-version=0+deb11u1+rpt1 --toolchain=hardened --incdir=/usr/include/arm-linux-gnueabihf --enable-gpl --disable-stripping --enable-avresample --disable-filter=resample --enable-gnutls --enable-ladspa --enable-libaom --enable-libass --enable-libbluray --enable-libbs2b --enable-libcaca --enable-libcdio --enable-libcodec2 --enable-libdav1d --enable-libflite --enable-libfontconfig --enable-libfreetype --enable-libfribidi --enable-libgme --enable-libgsm --enable-libjack --enable-libmp3lame --enable-libmysofa --enable-libopenjpeg --enable-libopenmpt --enable-libopus --enable-libpulse --enable-librabbitmq --enable-librsvg --enable-librubberband --enable-libshine --enable-libsnappy --enable-libsoxr --enable-libspeex --enable-libsrt --enable-libssh --enable-libtheora --enable-libtwolame --enable-libvidstab --enable-libvorbis --enable-libvpx --enable-libwavpack --enable-libwebp --enable-libx265 --enable-libxml2 --enable-libxvid --enable-libzmq --enable-libzvbi --enable-lv2 --enable-omx --enable-openal --enable-opencl --enable-opengl --enable-sdl2 --enable-mmal --enable-neon --enable-rpi --enable-v4l2-request --enable-libudev --enable-epoxy --enable-pocketsphinx --enable-libdc1394 --enable-libdrm --enable-vout-drm --enable-libiec61883 --enable-chromaprint --enable-frei0r --enable-libx264 --libdir=/usr/lib/arm-linux-gnueabihf/neon/vfp --cpu=cortex-a7 --arch=armv6t2 --disable-thumb --enable-shared --disable-doc --disable-programs
  swscale     configuration: --prefix=/usr --extra-version=0+deb11u1+rpt1 --toolchain=hardened --incdir=/usr/include/arm-linux-gnueabihf --enable-gpl --disable-stripping --enable-avresample --disable-filter=resample --enable-gnutls --enable-ladspa --enable-libaom --enable-libass --enable-libbluray --enable-libbs2b --enable-libcaca --enable-libcdio --enable-libcodec2 --enable-libdav1d --enable-libflite --enable-libfontconfig --enable-libfreetype --enable-libfribidi --enable-libgme --enable-libgsm --enable-libjack --enable-libmp3lame --enable-libmysofa --enable-libopenjpeg --enable-libopenmpt --enable-libopus --enable-libpulse --enable-librabbitmq --enable-librsvg --enable-librubberband --enable-libshine --enable-libsnappy --enable-libsoxr --enable-libspeex --enable-libsrt --enable-libssh --enable-libtheora --enable-libtwolame --enable-libvidstab --enable-libvorbis --enable-libvpx --enable-libwavpack --enable-libwebp --enable-libx265 --enable-libxml2 --enable-libxvid --enable-libzmq --enable-libzvbi --enable-lv2 --enable-omx --enable-openal --enable-opencl --enable-opengl --enable-sdl2 --enable-mmal --enable-neon --enable-rpi --enable-v4l2-request --enable-libudev --enable-epoxy --enable-pocketsphinx --enable-libdc1394 --enable-libdrm --enable-vout-drm --enable-libiec61883 --enable-chromaprint --enable-frei0r --enable-libx264 --libdir=/usr/lib/arm-linux-gnueabihf/neon/vfp --cpu=cortex-a7 --arch=armv6t2 --disable-thumb --enable-shared --disable-doc --disable-programs
  swresample  configuration: --prefix=/usr --extra-version=0+deb11u1+rpt1 --toolchain=hardened --incdir=/usr/include/arm-linux-gnueabihf --enable-gpl --disable-stripping --enable-avresample --disable-filter=resample --enable-gnutls --enable-ladspa --enable-libaom --enable-libass --enable-libbluray --enable-libbs2b --enable-libcaca --enable-libcdio --enable-libcodec2 --enable-libdav1d --enable-libflite --enable-libfontconfig --enable-libfreetype --enable-libfribidi --enable-libgme --enable-libgsm --enable-libjack --enable-libmp3lame --enable-libmysofa --enable-libopenjpeg --enable-libopenmpt --enable-libopus --enable-libpulse --enable-librabbitmq --enable-librsvg --enable-librubberband --enable-libshine --enable-libsnappy --enable-libsoxr --enable-libspeex --enable-libsrt --enable-libssh --enable-libtheora --enable-libtwolame --enable-libvidstab --enable-libvorbis --enable-libvpx --enable-libwavpack --enable-libwebp --enable-libx265 --enable-libxml2 --enable-libxvid --enable-libzmq --enable-libzvbi --enable-lv2 --enable-omx --enable-openal --enable-opencl --enable-opengl --enable-sdl2 --enable-mmal --enable-neon --enable-rpi --enable-v4l2-request --enable-libudev --enable-epoxy --enable-pocketsphinx --enable-libdc1394 --enable-libdrm --enable-vout-drm --enable-libiec61883 --enable-chromaprint --enable-frei0r --enable-libx264 --libdir=/usr/lib/arm-linux-gnueabihf/neon/vfp --cpu=cortex-a7 --arch=armv6t2 --disable-thumb --enable-shared --disable-doc --disable-programs
  postproc    configuration: --prefix=/usr --extra-version=0+deb11u1+rpt1 --toolchain=hardened --incdir=/usr/include/arm-linux-gnueabihf --enable-gpl --disable-stripping --enable-avresample --disable-filter=resample --enable-gnutls --enable-ladspa --enable-libaom --enable-libass --enable-libbluray --enable-libbs2b --enable-libcaca --enable-libcdio --enable-libcodec2 --enable-libdav1d --enable-libflite --enable-libfontconfig --enable-libfreetype --enable-libfribidi --enable-libgme --enable-libgsm --enable-libjack --enable-libmp3lame --enable-libmysofa --enable-libopenjpeg --enable-libopenmpt --enable-libopus --enable-libpulse --enable-librabbitmq --enable-librsvg --enable-librubberband --enable-libshine --enable-libsnappy --enable-libsoxr --enable-libspeex --enable-libsrt --enable-libssh --enable-libtheora --enable-libtwolame --enable-libvidstab --enable-libvorbis --enable-libvpx --enable-libwavpack --enable-libwebp --enable-libx265 --enable-libxml2 --enable-libxvid --enable-libzmq --enable-libzvbi --enable-lv2 --enable-omx --enable-openal --enable-opencl --enable-opengl --enable-sdl2 --enable-mmal --enable-neon --enable-rpi --enable-v4l2-request --enable-libudev --enable-epoxy --enable-pocketsphinx --enable-libdc1394 --enable-libdrm --enable-vout-drm --enable-libiec61883 --enable-chromaprint --enable-frei0r --enable-libx264 --libdir=/usr/lib/arm-linux-gnueabihf/neon/vfp --cpu=cortex-a7 --arch=armv6t2 --disable-thumb --enable-shared --disable-doc --disable-programs
  libavutil      56. 51.100 / 56. 51.100
  libavcodec     58. 91.100 / 58. 91.100
  libavformat    58. 45.100 / 58. 45.100
  libavdevice    58. 10.100 / 58. 10.100
  libavfilter     7. 85.100 /  7. 85.100
  libavresample   4.  0.  0 /  4.  0.  0
  libswscale      5.  7.100 /  5.  7.100
  libswresample   3.  7.100 /  3.  7.100
  libpostproc    55.  7.100 / 55.  7.100
Input #0, concat, from '/tmp/tmp.HRKgTkRNNK':
  Duration: N/A, start: 0.000000, bitrate: N/A
    Stream #0:0: Video: mjpeg (Baseline), yuvj420p(pc, bt470bg/unknown/unknown), 640x480 [SAR 96:96 DAR 4:3], 25 tbr, 25 tbn, 25 tbc
Stream mapping:
  Stream #0:0 -> #0:0 (mjpeg (native) -> gif (native))
Press [q] to stop, [?] for help
[swscaler @ 0x2607a50] deprecated pixel format used, make sure you did set range correctly
[swscaler @ 0x2607a50] No accelerated colorspace conversion found from yuv420p to bgr8.
Output #0, gif, to '/tmp/tmp.RZigHvCHJi.gif':
  Metadata:
    encoder         : Lavf58.45.100
    Stream #0:0: Video: gif, bgr8, 640x480 [SAR 1:1 DAR 4:3], q=2-31, 200 kb/s, 6 fps, 100 tbn, 6 tbc
    Metadata:
      encoder         : Lavc58.91.100 gif
[swscaler @ 0x2607a50] deprecated pixel format used, make sure you did set range correctly
[swscaler @ 0x25f5d10] deprecated pixel format used, make sure you did set range correctly
frame=   11 fps=0.0 q=-0.0 Lsize=     546kB time=00:00:01.84 bitrate=2431.4kbits/s speed=4.07x    
video:546kB audio:0kB subtitle:0kB other streams:0kB global headers:0kB muxing overhead: 0.003577%
[2026-07-25 12:00:04] Rebuilt timelapse.gif
[main 05767a1] Daily image: 2026-07-25 12:00:01
 3 files changed, 1 insertion(+)
 create mode 100644 images/2026-07-25.jpg
From github.com:UWIN-Dev/UWIN-Dev.github.io
 * branch            main       -> FETCH_HEAD
Current branch main is up to date.
To github.com:UWIN-Dev/UWIN-Dev.github.io.git
   5439409..05767a1  main -> main
[2026-07-25 12:00:06] === Successfully pushed 2026-07-25.jpg (and timelapse.gif) to main ===
[2026-07-26 12:00:01] === Starting daily capture for 2026-07-26 ===
[1m--- Opening /dev/video0...
[0m[0mTrying source module v4l2...
[0m[0m/dev/video0 opened.
[0m[0mNo input was specified, using the first.
[0m[1m--- Capturing frame...
[0m[0mSkipping 5 frames...
[0m[0mCapturing 1 frames...
[0m[0mCaptured 6 frames in 0.16 seconds. (38 fps)
[0m[1m--- Processing captured image...
[0m[0mDisabling banner.
[0m[0mSetting output format to JPEG, quality 85
[0m[0mWriting JPEG image to '/home/csic/grow-beyond-earth/images/2026-07-26.jpg'.
[0m[2026-07-26 12:00:03] Captured 2026-07-26.jpg
[2026-07-26 12:00:03] Regenerated manifest.json (entries: 11)
ffmpeg version 4.3.9-0+deb11u1+rpt1 Copyright (c) 2000-2025 the FFmpeg developers
  built with gcc 10 (Raspbian 10.2.1-6+rpi1)
  configuration: --prefix=/usr --extra-version=0+deb11u1+rpt1 --toolchain=hardened --incdir=/usr/include/arm-linux-gnueabihf --enable-gpl --disable-stripping --enable-avresample --disable-filter=resample --enable-gnutls --enable-ladspa --enable-libaom --enable-libass --enable-libbluray --enable-libbs2b --enable-libcaca --enable-libcdio --enable-libcodec2 --enable-libdav1d --enable-libflite --enable-libfontconfig --enable-libfreetype --enable-libfribidi --enable-libgme --enable-libgsm --enable-libjack --enable-libmp3lame --enable-libmysofa --enable-libopenjpeg --enable-libopenmpt --enable-libopus --enable-libpulse --enable-librabbitmq --enable-librsvg --enable-librubberband --enable-libshine --enable-libsnappy --enable-libsoxr --enable-libspeex --enable-libsrt --enable-libssh --enable-libtheora --enable-libtwolame --enable-libvidstab --enable-libvorbis --enable-libvpx --enable-libwavpack --enable-libwebp --enable-libx265 --enable-libxml2 --enable-libxvid --enable-libzmq --enable-libzvbi --enable-lv2 --enable-omx --enable-openal --enable-opencl --enable-opengl --enable-sdl2 --enable-mmal --enable-neon --enable-rpi --enable-v4l2-request --enable-libudev --enable-epoxy --enable-pocketsphinx --enable-libdc1394 --enable-libdrm --enable-vout-drm --enable-libiec61883 --enable-chromaprint --enable-frei0r --enable-libx264 --enable-shared --libdir=/usr/lib/arm-linux-gnueabihf --cpu=arm1176jzf-s --arch=arm
  WARNING: library configuration mismatch
  avutil      configuration: --prefix=/usr --extra-version=0+deb11u1+rpt1 --toolchain=hardened --incdir=/usr/include/arm-linux-gnueabihf --enable-gpl --disable-stripping --enable-avresample --disable-filter=resample --enable-gnutls --enable-ladspa --enable-libaom --enable-libass --enable-libbluray --enable-libbs2b --enable-libcaca --enable-libcdio --enable-libcodec2 --enable-libdav1d --enable-libflite --enable-libfontconfig --enable-libfreetype --enable-libfribidi --enable-libgme --enable-libgsm --enable-libjack --enable-libmp3lame --enable-libmysofa --enable-libopenjpeg --enable-libopenmpt --enable-libopus --enable-libpulse --enable-librabbitmq --enable-librsvg --enable-librubberband --enable-libshine --enable-libsnappy --enable-libsoxr --enable-libspeex --enable-libsrt --enable-libssh --enable-libtheora --enable-libtwolame --enable-libvidstab --enable-libvorbis --enable-libvpx --enable-libwavpack --enable-libwebp --enable-libx265 --enable-libxml2 --enable-libxvid --enable-libzmq --enable-libzvbi --enable-lv2 --enable-omx --enable-openal --enable-opencl --enable-opengl --enable-sdl2 --enable-mmal --enable-neon --enable-rpi --enable-v4l2-request --enable-libudev --enable-epoxy --enable-pocketsphinx --enable-libdc1394 --enable-libdrm --enable-vout-drm --enable-libiec61883 --enable-chromaprint --enable-frei0r --enable-libx264 --libdir=/usr/lib/arm-linux-gnueabihf/neon/vfp --cpu=cortex-a7 --arch=armv6t2 --disable-thumb --enable-shared --disable-doc --disable-programs
  avcodec     configuration: --prefix=/usr --extra-version=0+deb11u1+rpt1 --toolchain=hardened --incdir=/usr/include/arm-linux-gnueabihf --enable-gpl --disable-stripping --enable-avresample --disable-filter=resample --enable-gnutls --enable-ladspa --enable-libaom --enable-libass --enable-libbluray --enable-libbs2b --enable-libcaca --enable-libcdio --enable-libcodec2 --enable-libdav1d --enable-libflite --enable-libfontconfig --enable-libfreetype --enable-libfribidi --enable-libgme --enable-libgsm --enable-libjack --enable-libmp3lame --enable-libmysofa --enable-libopenjpeg --enable-libopenmpt --enable-libopus --enable-libpulse --enable-librabbitmq --enable-librsvg --enable-librubberband --enable-libshine --enable-libsnappy --enable-libsoxr --enable-libspeex --enable-libsrt --enable-libssh --enable-libtheora --enable-libtwolame --enable-libvidstab --enable-libvorbis --enable-libvpx --enable-libwavpack --enable-libwebp --enable-libx265 --enable-libxml2 --enable-libxvid --enable-libzmq --enable-libzvbi --enable-lv2 --enable-omx --enable-openal --enable-opencl --enable-opengl --enable-sdl2 --enable-mmal --enable-neon --enable-rpi --enable-v4l2-request --enable-libudev --enable-epoxy --enable-pocketsphinx --enable-libdc1394 --enable-libdrm --enable-vout-drm --enable-libiec61883 --enable-chromaprint --enable-frei0r --enable-libx264 --libdir=/usr/lib/arm-linux-gnueabihf/neon/vfp --cpu=cortex-a7 --arch=armv6t2 --disable-thumb --enable-shared --disable-doc --disable-programs
  avformat    configuration: --prefix=/usr --extra-version=0+deb11u1+rpt1 --toolchain=hardened --incdir=/usr/include/arm-linux-gnueabihf --enable-gpl --disable-stripping --enable-avresample --disable-filter=resample --enable-gnutls --enable-ladspa --enable-libaom --enable-libass --enable-libbluray --enable-libbs2b --enable-libcaca --enable-libcdio --enable-libcodec2 --enable-libdav1d --enable-libflite --enable-libfontconfig --enable-libfreetype --enable-libfribidi --enable-libgme --enable-libgsm --enable-libjack --enable-libmp3lame --enable-libmysofa --enable-libopenjpeg --enable-libopenmpt --enable-libopus --enable-libpulse --enable-librabbitmq --enable-librsvg --enable-librubberband --enable-libshine --enable-libsnappy --enable-libsoxr --enable-libspeex --enable-libsrt --enable-libssh --enable-libtheora --enable-libtwolame --enable-libvidstab --enable-libvorbis --enable-libvpx --enable-libwavpack --enable-libwebp --enable-libx265 --enable-libxml2 --enable-libxvid --enable-libzmq --enable-libzvbi --enable-lv2 --enable-omx --enable-openal --enable-opencl --enable-opengl --enable-sdl2 --enable-mmal --enable-neon --enable-rpi --enable-v4l2-request --enable-libudev --enable-epoxy --enable-pocketsphinx --enable-libdc1394 --enable-libdrm --enable-vout-drm --enable-libiec61883 --enable-chromaprint --enable-frei0r --enable-libx264 --libdir=/usr/lib/arm-linux-gnueabihf/neon/vfp --cpu=cortex-a7 --arch=armv6t2 --disable-thumb --enable-shared --disable-doc --disable-programs
  avdevice    configuration: --prefix=/usr --extra-version=0+deb11u1+rpt1 --toolchain=hardened --incdir=/usr/include/arm-linux-gnueabihf --enable-gpl --disable-stripping --enable-avresample --disable-filter=resample --enable-gnutls --enable-ladspa --enable-libaom --enable-libass --enable-libbluray --enable-libbs2b --enable-libcaca --enable-libcdio --enable-libcodec2 --enable-libdav1d --enable-libflite --enable-libfontconfig --enable-libfreetype --enable-libfribidi --enable-libgme --enable-libgsm --enable-libjack --enable-libmp3lame --enable-libmysofa --enable-libopenjpeg --enable-libopenmpt --enable-libopus --enable-libpulse --enable-librabbitmq --enable-librsvg --enable-librubberband --enable-libshine --enable-libsnappy --enable-libsoxr --enable-libspeex --enable-libsrt --enable-libssh --enable-libtheora --enable-libtwolame --enable-libvidstab --enable-libvorbis --enable-libvpx --enable-libwavpack --enable-libwebp --enable-libx265 --enable-libxml2 --enable-libxvid --enable-libzmq --enable-libzvbi --enable-lv2 --enable-omx --enable-openal --enable-opencl --enable-opengl --enable-sdl2 --enable-mmal --enable-neon --enable-rpi --enable-v4l2-request --enable-libudev --enable-epoxy --enable-pocketsphinx --enable-libdc1394 --enable-libdrm --enable-vout-drm --enable-libiec61883 --enable-chromaprint --enable-frei0r --enable-libx264 --libdir=/usr/lib/arm-linux-gnueabihf/neon/vfp --cpu=cortex-a7 --arch=armv6t2 --disable-thumb --enable-shared --disable-doc --disable-programs
  avfilter    configuration: --prefix=/usr --extra-version=0+deb11u1+rpt1 --toolchain=hardened --incdir=/usr/include/arm-linux-gnueabihf --enable-gpl --disable-stripping --enable-avresample --disable-filter=resample --enable-gnutls --enable-ladspa --enable-libaom --enable-libass --enable-libbluray --enable-libbs2b --enable-libcaca --enable-libcdio --enable-libcodec2 --enable-libdav1d --enable-libflite --enable-libfontconfig --enable-libfreetype --enable-libfribidi --enable-libgme --enable-libgsm --enable-libjack --enable-libmp3lame --enable-libmysofa --enable-libopenjpeg --enable-libopenmpt --enable-libopus --enable-libpulse --enable-librabbitmq --enable-librsvg --enable-librubberband --enable-libshine --enable-libsnappy --enable-libsoxr --enable-libspeex --enable-libsrt --enable-libssh --enable-libtheora --enable-libtwolame --enable-libvidstab --enable-libvorbis --enable-libvpx --enable-libwavpack --enable-libwebp --enable-libx265 --enable-libxml2 --enable-libxvid --enable-libzmq --enable-libzvbi --enable-lv2 --enable-omx --enable-openal --enable-opencl --enable-opengl --enable-sdl2 --enable-mmal --enable-neon --enable-rpi --enable-v4l2-request --enable-libudev --enable-epoxy --enable-pocketsphinx --enable-libdc1394 --enable-libdrm --enable-vout-drm --enable-libiec61883 --enable-chromaprint --enable-frei0r --enable-libx264 --libdir=/usr/lib/arm-linux-gnueabihf/neon/vfp --cpu=cortex-a7 --arch=armv6t2 --disable-thumb --enable-shared --disable-doc --disable-programs
  avresample  configuration: --prefix=/usr --extra-version=0+deb11u1+rpt1 --toolchain=hardened --incdir=/usr/include/arm-linux-gnueabihf --enable-gpl --disable-stripping --enable-avresample --disable-filter=resample --enable-gnutls --enable-ladspa --enable-libaom --enable-libass --enable-libbluray --enable-libbs2b --enable-libcaca --enable-libcdio --enable-libcodec2 --enable-libdav1d --enable-libflite --enable-libfontconfig --enable-libfreetype --enable-libfribidi --enable-libgme --enable-libgsm --enable-libjack --enable-libmp3lame --enable-libmysofa --enable-libopenjpeg --enable-libopenmpt --enable-libopus --enable-libpulse --enable-librabbitmq --enable-librsvg --enable-librubberband --enable-libshine --enable-libsnappy --enable-libsoxr --enable-libspeex --enable-libsrt --enable-libssh --enable-libtheora --enable-libtwolame --enable-libvidstab --enable-libvorbis --enable-libvpx --enable-libwavpack --enable-libwebp --enable-libx265 --enable-libxml2 --enable-libxvid --enable-libzmq --enable-libzvbi --enable-lv2 --enable-omx --enable-openal --enable-opencl --enable-opengl --enable-sdl2 --enable-mmal --enable-neon --enable-rpi --enable-v4l2-request --enable-libudev --enable-epoxy --enable-pocketsphinx --enable-libdc1394 --enable-libdrm --enable-vout-drm --enable-libiec61883 --enable-chromaprint --enable-frei0r --enable-libx264 --libdir=/usr/lib/arm-linux-gnueabihf/neon/vfp --cpu=cortex-a7 --arch=armv6t2 --disable-thumb --enable-shared --disable-doc --disable-programs
  swscale     configuration: --prefix=/usr --extra-version=0+deb11u1+rpt1 --toolchain=hardened --incdir=/usr/include/arm-linux-gnueabihf --enable-gpl --disable-stripping --enable-avresample --disable-filter=resample --enable-gnutls --enable-ladspa --enable-libaom --enable-libass --enable-libbluray --enable-libbs2b --enable-libcaca --enable-libcdio --enable-libcodec2 --enable-libdav1d --enable-libflite --enable-libfontconfig --enable-libfreetype --enable-libfribidi --enable-libgme --enable-libgsm --enable-libjack --enable-libmp3lame --enable-libmysofa --enable-libopenjpeg --enable-libopenmpt --enable-libopus --enable-libpulse --enable-librabbitmq --enable-librsvg --enable-librubberband --enable-libshine --enable-libsnappy --enable-libsoxr --enable-libspeex --enable-libsrt --enable-libssh --enable-libtheora --enable-libtwolame --enable-libvidstab --enable-libvorbis --enable-libvpx --enable-libwavpack --enable-libwebp --enable-libx265 --enable-libxml2 --enable-libxvid --enable-libzmq --enable-libzvbi --enable-lv2 --enable-omx --enable-openal --enable-opencl --enable-opengl --enable-sdl2 --enable-mmal --enable-neon --enable-rpi --enable-v4l2-request --enable-libudev --enable-epoxy --enable-pocketsphinx --enable-libdc1394 --enable-libdrm --enable-vout-drm --enable-libiec61883 --enable-chromaprint --enable-frei0r --enable-libx264 --libdir=/usr/lib/arm-linux-gnueabihf/neon/vfp --cpu=cortex-a7 --arch=armv6t2 --disable-thumb --enable-shared --disable-doc --disable-programs
  swresample  configuration: --prefix=/usr --extra-version=0+deb11u1+rpt1 --toolchain=hardened --incdir=/usr/include/arm-linux-gnueabihf --enable-gpl --disable-stripping --enable-avresample --disable-filter=resample --enable-gnutls --enable-ladspa --enable-libaom --enable-libass --enable-libbluray --enable-libbs2b --enable-libcaca --enable-libcdio --enable-libcodec2 --enable-libdav1d --enable-libflite --enable-libfontconfig --enable-libfreetype --enable-libfribidi --enable-libgme --enable-libgsm --enable-libjack --enable-libmp3lame --enable-libmysofa --enable-libopenjpeg --enable-libopenmpt --enable-libopus --enable-libpulse --enable-librabbitmq --enable-librsvg --enable-librubberband --enable-libshine --enable-libsnappy --enable-libsoxr --enable-libspeex --enable-libsrt --enable-libssh --enable-libtheora --enable-libtwolame --enable-libvidstab --enable-libvorbis --enable-libvpx --enable-libwavpack --enable-libwebp --enable-libx265 --enable-libxml2 --enable-libxvid --enable-libzmq --enable-libzvbi --enable-lv2 --enable-omx --enable-openal --enable-opencl --enable-opengl --enable-sdl2 --enable-mmal --enable-neon --enable-rpi --enable-v4l2-request --enable-libudev --enable-epoxy --enable-pocketsphinx --enable-libdc1394 --enable-libdrm --enable-vout-drm --enable-libiec61883 --enable-chromaprint --enable-frei0r --enable-libx264 --libdir=/usr/lib/arm-linux-gnueabihf/neon/vfp --cpu=cortex-a7 --arch=armv6t2 --disable-thumb --enable-shared --disable-doc --disable-programs
  postproc    configuration: --prefix=/usr --extra-version=0+deb11u1+rpt1 --toolchain=hardened --incdir=/usr/include/arm-linux-gnueabihf --enable-gpl --disable-stripping --enable-avresample --disable-filter=resample --enable-gnutls --enable-ladspa --enable-libaom --enable-libass --enable-libbluray --enable-libbs2b --enable-libcaca --enable-libcdio --enable-libcodec2 --enable-libdav1d --enable-libflite --enable-libfontconfig --enable-libfreetype --enable-libfribidi --enable-libgme --enable-libgsm --enable-libjack --enable-libmp3lame --enable-libmysofa --enable-libopenjpeg --enable-libopenmpt --enable-libopus --enable-libpulse --enable-librabbitmq --enable-librsvg --enable-librubberband --enable-libshine --enable-libsnappy --enable-libsoxr --enable-libspeex --enable-libsrt --enable-libssh --enable-libtheora --enable-libtwolame --enable-libvidstab --enable-libvorbis --enable-libvpx --enable-libwavpack --enable-libwebp --enable-libx265 --enable-libxml2 --enable-libxvid --enable-libzmq --enable-libzvbi --enable-lv2 --enable-omx --enable-openal --enable-opencl --enable-opengl --enable-sdl2 --enable-mmal --enable-neon --enable-rpi --enable-v4l2-request --enable-libudev --enable-epoxy --enable-pocketsphinx --enable-libdc1394 --enable-libdrm --enable-vout-drm --enable-libiec61883 --enable-chromaprint --enable-frei0r --enable-libx264 --libdir=/usr/lib/arm-linux-gnueabihf/neon/vfp --cpu=cortex-a7 --arch=armv6t2 --disable-thumb --enable-shared --disable-doc --disable-programs
  libavutil      56. 51.100 / 56. 51.100
  libavcodec     58. 91.100 / 58. 91.100
  libavformat    58. 45.100 / 58. 45.100
  libavdevice    58. 10.100 / 58. 10.100
  libavfilter     7. 85.100 /  7. 85.100
  libavresample   4.  0.  0 /  4.  0.  0
  libswscale      5.  7.100 /  5.  7.100
  libswresample   3.  7.100 /  3.  7.100
  libpostproc    55.  7.100 / 55.  7.100
Input #0, concat, from '/tmp/tmp.WbB4HRM6eJ':
  Duration: N/A, start: 0.000000, bitrate: N/A
    Stream #0:0: Video: mjpeg (Baseline), yuvj420p(pc, bt470bg/unknown/unknown), 640x480 [SAR 96:96 DAR 4:3], 25 tbr, 25 tbn, 25 tbc
Stream mapping:
  Stream #0:0 -> #0:0 (mjpeg (native) -> gif (native))
Press [q] to stop, [?] for help
[swscaler @ 0x10a3b30] deprecated pixel format used, make sure you did set range correctly
[swscaler @ 0x10a3b30] No accelerated colorspace conversion found from yuv420p to bgr8.
Output #0, gif, to '/tmp/tmp.Kd7OsoL6xj.gif':
  Metadata:
    encoder         : Lavf58.45.100
    Stream #0:0: Video: gif, bgr8, 640x480 [SAR 1:1 DAR 4:3], q=2-31, 200 kb/s, 6 fps, 100 tbn, 6 tbc
    Metadata:
      encoder         : Lavc58.91.100 gif
[swscaler @ 0x10a3b30] deprecated pixel format used, make sure you did set range correctly
[swscaler @ 0x1092310] deprecated pixel format used, make sure you did set range correctly
frame=   12 fps=0.0 q=-0.0 Lsize=     586kB time=00:00:02.01 bitrate=2388.1kbits/s speed=4.22x    
video:586kB audio:0kB subtitle:0kB other streams:0kB global headers:0kB muxing overhead: 0.003333%
[2026-07-26 12:00:04] Rebuilt timelapse.gif
[main 4afdeaf] Daily image: 2026-07-26 12:00:01
 3 files changed, 1 insertion(+)
 create mode 100644 images/2026-07-26.jpg
From github.com:UWIN-Dev/UWIN-Dev.github.io
 * branch            main       -> FETCH_HEAD
Current branch main is up to date.
To github.com:UWIN-Dev/UWIN-Dev.github.io.git
   05767a1..4afdeaf  main -> main
[2026-07-26 12:00:06] === Successfully pushed 2026-07-26.jpg (and timelapse.gif) to main ===
[2026-07-27 12:00:01] === Starting daily capture for 2026-07-27 ===
[1m--- Opening /dev/video0...
[0m[0mTrying source module v4l2...
[0m[0m/dev/video0 opened.
[0m[0mNo input was specified, using the first.
[0m[1m--- Capturing frame...
[0m[0mSkipping 5 frames...
[0m[0mCapturing 1 frames...
[0m[0mCaptured 6 frames in 0.16 seconds. (38 fps)
[0m[1m--- Processing captured image...
[0m[0mDisabling banner.
[0m[0mSetting output format to JPEG, quality 85
[0m[0mWriting JPEG image to '/home/csic/grow-beyond-earth/images/2026-07-27.jpg'.
[0m[2026-07-27 12:00:02] Captured 2026-07-27.jpg
[2026-07-27 12:00:03] Regenerated manifest.json (entries: 12)
ffmpeg version 4.3.9-0+deb11u1+rpt1 Copyright (c) 2000-2025 the FFmpeg developers
  built with gcc 10 (Raspbian 10.2.1-6+rpi1)
  configuration: --prefix=/usr --extra-version=0+deb11u1+rpt1 --toolchain=hardened --incdir=/usr/include/arm-linux-gnueabihf --enable-gpl --disable-stripping --enable-avresample --disable-filter=resample --enable-gnutls --enable-ladspa --enable-libaom --enable-libass --enable-libbluray --enable-libbs2b --enable-libcaca --enable-libcdio --enable-libcodec2 --enable-libdav1d --enable-libflite --enable-libfontconfig --enable-libfreetype --enable-libfribidi --enable-libgme --enable-libgsm --enable-libjack --enable-libmp3lame --enable-libmysofa --enable-libopenjpeg --enable-libopenmpt --enable-libopus --enable-libpulse --enable-librabbitmq --enable-librsvg --enable-librubberband --enable-libshine --enable-libsnappy --enable-libsoxr --enable-libspeex --enable-libsrt --enable-libssh --enable-libtheora --enable-libtwolame --enable-libvidstab --enable-libvorbis --enable-libvpx --enable-libwavpack --enable-libwebp --enable-libx265 --enable-libxml2 --enable-libxvid --enable-libzmq --enable-libzvbi --enable-lv2 --enable-omx --enable-openal --enable-opencl --enable-opengl --enable-sdl2 --enable-mmal --enable-neon --enable-rpi --enable-v4l2-request --enable-libudev --enable-epoxy --enable-pocketsphinx --enable-libdc1394 --enable-libdrm --enable-vout-drm --enable-libiec61883 --enable-chromaprint --enable-frei0r --enable-libx264 --enable-shared --libdir=/usr/lib/arm-linux-gnueabihf --cpu=arm1176jzf-s --arch=arm
  WARNING: library configuration mismatch
  avutil      configuration: --prefix=/usr --extra-version=0+deb11u1+rpt1 --toolchain=hardened --incdir=/usr/include/arm-linux-gnueabihf --enable-gpl --disable-stripping --enable-avresample --disable-filter=resample --enable-gnutls --enable-ladspa --enable-libaom --enable-libass --enable-libbluray --enable-libbs2b --enable-libcaca --enable-libcdio --enable-libcodec2 --enable-libdav1d --enable-libflite --enable-libfontconfig --enable-libfreetype --enable-libfribidi --enable-libgme --enable-libgsm --enable-libjack --enable-libmp3lame --enable-libmysofa --enable-libopenjpeg --enable-libopenmpt --enable-libopus --enable-libpulse --enable-librabbitmq --enable-librsvg --enable-librubberband --enable-libshine --enable-libsnappy --enable-libsoxr --enable-libspeex --enable-libsrt --enable-libssh --enable-libtheora --enable-libtwolame --enable-libvidstab --enable-libvorbis --enable-libvpx --enable-libwavpack --enable-libwebp --enable-libx265 --enable-libxml2 --enable-libxvid --enable-libzmq --enable-libzvbi --enable-lv2 --enable-omx --enable-openal --enable-opencl --enable-opengl --enable-sdl2 --enable-mmal --enable-neon --enable-rpi --enable-v4l2-request --enable-libudev --enable-epoxy --enable-pocketsphinx --enable-libdc1394 --enable-libdrm --enable-vout-drm --enable-libiec61883 --enable-chromaprint --enable-frei0r --enable-libx264 --libdir=/usr/lib/arm-linux-gnueabihf/neon/vfp --cpu=cortex-a7 --arch=armv6t2 --disable-thumb --enable-shared --disable-doc --disable-programs
  avcodec     configuration: --prefix=/usr --extra-version=0+deb11u1+rpt1 --toolchain=hardened --incdir=/usr/include/arm-linux-gnueabihf --enable-gpl --disable-stripping --enable-avresample --disable-filter=resample --enable-gnutls --enable-ladspa --enable-libaom --enable-libass --enable-libbluray --enable-libbs2b --enable-libcaca --enable-libcdio --enable-libcodec2 --enable-libdav1d --enable-libflite --enable-libfontconfig --enable-libfreetype --enable-libfribidi --enable-libgme --enable-libgsm --enable-libjack --enable-libmp3lame --enable-libmysofa --enable-libopenjpeg --enable-libopenmpt --enable-libopus --enable-libpulse --enable-librabbitmq --enable-librsvg --enable-librubberband --enable-libshine --enable-libsnappy --enable-libsoxr --enable-libspeex --enable-libsrt --enable-libssh --enable-libtheora --enable-libtwolame --enable-libvidstab --enable-libvorbis --enable-libvpx --enable-libwavpack --enable-libwebp --enable-libx265 --enable-libxml2 --enable-libxvid --enable-libzmq --enable-libzvbi --enable-lv2 --enable-omx --enable-openal --enable-opencl --enable-opengl --enable-sdl2 --enable-mmal --enable-neon --enable-rpi --enable-v4l2-request --enable-libudev --enable-epoxy --enable-pocketsphinx --enable-libdc1394 --enable-libdrm --enable-vout-drm --enable-libiec61883 --enable-chromaprint --enable-frei0r --enable-libx264 --libdir=/usr/lib/arm-linux-gnueabihf/neon/vfp --cpu=cortex-a7 --arch=armv6t2 --disable-thumb --enable-shared --disable-doc --disable-programs
  avformat    configuration: --prefix=/usr --extra-version=0+deb11u1+rpt1 --toolchain=hardened --incdir=/usr/include/arm-linux-gnueabihf --enable-gpl --disable-stripping --enable-avresample --disable-filter=resample --enable-gnutls --enable-ladspa --enable-libaom --enable-libass --enable-libbluray --enable-libbs2b --enable-libcaca --enable-libcdio --enable-libcodec2 --enable-libdav1d --enable-libflite --enable-libfontconfig --enable-libfreetype --enable-libfribidi --enable-libgme --enable-libgsm --enable-libjack --enable-libmp3lame --enable-libmysofa --enable-libopenjpeg --enable-libopenmpt --enable-libopus --enable-libpulse --enable-librabbitmq --enable-librsvg --enable-librubberband --enable-libshine --enable-libsnappy --enable-libsoxr --enable-libspeex --enable-libsrt --enable-libssh --enable-libtheora --enable-libtwolame --enable-libvidstab --enable-libvorbis --enable-libvpx --enable-libwavpack --enable-libwebp --enable-libx265 --enable-libxml2 --enable-libxvid --enable-libzmq --enable-libzvbi --enable-lv2 --enable-omx --enable-openal --enable-opencl --enable-opengl --enable-sdl2 --enable-mmal --enable-neon --enable-rpi --enable-v4l2-request --enable-libudev --enable-epoxy --enable-pocketsphinx --enable-libdc1394 --enable-libdrm --enable-vout-drm --enable-libiec61883 --enable-chromaprint --enable-frei0r --enable-libx264 --libdir=/usr/lib/arm-linux-gnueabihf/neon/vfp --cpu=cortex-a7 --arch=armv6t2 --disable-thumb --enable-shared --disable-doc --disable-programs
  avdevice    configuration: --prefix=/usr --extra-version=0+deb11u1+rpt1 --toolchain=hardened --incdir=/usr/include/arm-linux-gnueabihf --enable-gpl --disable-stripping --enable-avresample --disable-filter=resample --enable-gnutls --enable-ladspa --enable-libaom --enable-libass --enable-libbluray --enable-libbs2b --enable-libcaca --enable-libcdio --enable-libcodec2 --enable-libdav1d --enable-libflite --enable-libfontconfig --enable-libfreetype --enable-libfribidi --enable-libgme --enable-libgsm --enable-libjack --enable-libmp3lame --enable-libmysofa --enable-libopenjpeg --enable-libopenmpt --enable-libopus --enable-libpulse --enable-librabbitmq --enable-librsvg --enable-librubberband --enable-libshine --enable-libsnappy --enable-libsoxr --enable-libspeex --enable-libsrt --enable-libssh --enable-libtheora --enable-libtwolame --enable-libvidstab --enable-libvorbis --enable-libvpx --enable-libwavpack --enable-libwebp --enable-libx265 --enable-libxml2 --enable-libxvid --enable-libzmq --enable-libzvbi --enable-lv2 --enable-omx --enable-openal --enable-opencl --enable-opengl --enable-sdl2 --enable-mmal --enable-neon --enable-rpi --enable-v4l2-request --enable-libudev --enable-epoxy --enable-pocketsphinx --enable-libdc1394 --enable-libdrm --enable-vout-drm --enable-libiec61883 --enable-chromaprint --enable-frei0r --enable-libx264 --libdir=/usr/lib/arm-linux-gnueabihf/neon/vfp --cpu=cortex-a7 --arch=armv6t2 --disable-thumb --enable-shared --disable-doc --disable-programs
  avfilter    configuration: --prefix=/usr --extra-version=0+deb11u1+rpt1 --toolchain=hardened --incdir=/usr/include/arm-linux-gnueabihf --enable-gpl --disable-stripping --enable-avresample --disable-filter=resample --enable-gnutls --enable-ladspa --enable-libaom --enable-libass --enable-libbluray --enable-libbs2b --enable-libcaca --enable-libcdio --enable-libcodec2 --enable-libdav1d --enable-libflite --enable-libfontconfig --enable-libfreetype --enable-libfribidi --enable-libgme --enable-libgsm --enable-libjack --enable-libmp3lame --enable-libmysofa --enable-libopenjpeg --enable-libopenmpt --enable-libopus --enable-libpulse --enable-librabbitmq --enable-librsvg --enable-librubberband --enable-libshine --enable-libsnappy --enable-libsoxr --enable-libspeex --enable-libsrt --enable-libssh --enable-libtheora --enable-libtwolame --enable-libvidstab --enable-libvorbis --enable-libvpx --enable-libwavpack --enable-libwebp --enable-libx265 --enable-libxml2 --enable-libxvid --enable-libzmq --enable-libzvbi --enable-lv2 --enable-omx --enable-openal --enable-opencl --enable-opengl --enable-sdl2 --enable-mmal --enable-neon --enable-rpi --enable-v4l2-request --enable-libudev --enable-epoxy --enable-pocketsphinx --enable-libdc1394 --enable-libdrm --enable-vout-drm --enable-libiec61883 --enable-chromaprint --enable-frei0r --enable-libx264 --libdir=/usr/lib/arm-linux-gnueabihf/neon/vfp --cpu=cortex-a7 --arch=armv6t2 --disable-thumb --enable-shared --disable-doc --disable-programs
  avresample  configuration: --prefix=/usr --extra-version=0+deb11u1+rpt1 --toolchain=hardened --incdir=/usr/include/arm-linux-gnueabihf --enable-gpl --disable-stripping --enable-avresample --disable-filter=resample --enable-gnutls --enable-ladspa --enable-libaom --enable-libass --enable-libbluray --enable-libbs2b --enable-libcaca --enable-libcdio --enable-libcodec2 --enable-libdav1d --enable-libflite --enable-libfontconfig --enable-libfreetype --enable-libfribidi --enable-libgme --enable-libgsm --enable-libjack --enable-libmp3lame --enable-libmysofa --enable-libopenjpeg --enable-libopenmpt --enable-libopus --enable-libpulse --enable-librabbitmq --enable-librsvg --enable-librubberband --enable-libshine --enable-libsnappy --enable-libsoxr --enable-libspeex --enable-libsrt --enable-libssh --enable-libtheora --enable-libtwolame --enable-libvidstab --enable-libvorbis --enable-libvpx --enable-libwavpack --enable-libwebp --enable-libx265 --enable-libxml2 --enable-libxvid --enable-libzmq --enable-libzvbi --enable-lv2 --enable-omx --enable-openal --enable-opencl --enable-opengl --enable-sdl2 --enable-mmal --enable-neon --enable-rpi --enable-v4l2-request --enable-libudev --enable-epoxy --enable-pocketsphinx --enable-libdc1394 --enable-libdrm --enable-vout-drm --enable-libiec61883 --enable-chromaprint --enable-frei0r --enable-libx264 --libdir=/usr/lib/arm-linux-gnueabihf/neon/vfp --cpu=cortex-a7 --arch=armv6t2 --disable-thumb --enable-shared --disable-doc --disable-programs
  swscale     configuration: --prefix=/usr --extra-version=0+deb11u1+rpt1 --toolchain=hardened --incdir=/usr/include/arm-linux-gnueabihf --enable-gpl --disable-stripping --enable-avresample --disable-filter=resample --enable-gnutls --enable-ladspa --enable-libaom --enable-libass --enable-libbluray --enable-libbs2b --enable-libcaca --enable-libcdio --enable-libcodec2 --enable-libdav1d --enable-libflite --enable-libfontconfig --enable-libfreetype --enable-libfribidi --enable-libgme --enable-libgsm --enable-libjack --enable-libmp3lame --enable-libmysofa --enable-libopenjpeg --enable-libopenmpt --enable-libopus --enable-libpulse --enable-librabbitmq --enable-librsvg --enable-librubberband --enable-libshine --enable-libsnappy --enable-libsoxr --enable-libspeex --enable-libsrt --enable-libssh --enable-libtheora --enable-libtwolame --enable-libvidstab --enable-libvorbis --enable-libvpx --enable-libwavpack --enable-libwebp --enable-libx265 --enable-libxml2 --enable-libxvid --enable-libzmq --enable-libzvbi --enable-lv2 --enable-omx --enable-openal --enable-opencl --enable-opengl --enable-sdl2 --enable-mmal --enable-neon --enable-rpi --enable-v4l2-request --enable-libudev --enable-epoxy --enable-pocketsphinx --enable-libdc1394 --enable-libdrm --enable-vout-drm --enable-libiec61883 --enable-chromaprint --enable-frei0r --enable-libx264 --libdir=/usr/lib/arm-linux-gnueabihf/neon/vfp --cpu=cortex-a7 --arch=armv6t2 --disable-thumb --enable-shared --disable-doc --disable-programs
  swresample  configuration: --prefix=/usr --extra-version=0+deb11u1+rpt1 --toolchain=hardened --incdir=/usr/include/arm-linux-gnueabihf --enable-gpl --disable-stripping --enable-avresample --disable-filter=resample --enable-gnutls --enable-ladspa --enable-libaom --enable-libass --enable-libbluray --enable-libbs2b --enable-libcaca --enable-libcdio --enable-libcodec2 --enable-libdav1d --enable-libflite --enable-libfontconfig --enable-libfreetype --enable-libfribidi --enable-libgme --enable-libgsm --enable-libjack --enable-libmp3lame --enable-libmysofa --enable-libopenjpeg --enable-libopenmpt --enable-libopus --enable-libpulse --enable-librabbitmq --enable-librsvg --enable-librubberband --enable-libshine --enable-libsnappy --enable-libsoxr --enable-libspeex --enable-libsrt --enable-libssh --enable-libtheora --enable-libtwolame --enable-libvidstab --enable-libvorbis --enable-libvpx --enable-libwavpack --enable-libwebp --enable-libx265 --enable-libxml2 --enable-libxvid --enable-libzmq --enable-libzvbi --enable-lv2 --enable-omx --enable-openal --enable-opencl --enable-opengl --enable-sdl2 --enable-mmal --enable-neon --enable-rpi --enable-v4l2-request --enable-libudev --enable-epoxy --enable-pocketsphinx --enable-libdc1394 --enable-libdrm --enable-vout-drm --enable-libiec61883 --enable-chromaprint --enable-frei0r --enable-libx264 --libdir=/usr/lib/arm-linux-gnueabihf/neon/vfp --cpu=cortex-a7 --arch=armv6t2 --disable-thumb --enable-shared --disable-doc --disable-programs
  postproc    configuration: --prefix=/usr --extra-version=0+deb11u1+rpt1 --toolchain=hardened --incdir=/usr/include/arm-linux-gnueabihf --enable-gpl --disable-stripping --enable-avresample --disable-filter=resample --enable-gnutls --enable-ladspa --enable-libaom --enable-libass --enable-libbluray --enable-libbs2b --enable-libcaca --enable-libcdio --enable-libcodec2 --enable-libdav1d --enable-libflite --enable-libfontconfig --enable-libfreetype --enable-libfribidi --enable-libgme --enable-libgsm --enable-libjack --enable-libmp3lame --enable-libmysofa --enable-libopenjpeg --enable-libopenmpt --enable-libopus --enable-libpulse --enable-librabbitmq --enable-librsvg --enable-librubberband --enable-libshine --enable-libsnappy --enable-libsoxr --enable-libspeex --enable-libsrt --enable-libssh --enable-libtheora --enable-libtwolame --enable-libvidstab --enable-libvorbis --enable-libvpx --enable-libwavpack --enable-libwebp --enable-libx265 --enable-libxml2 --enable-libxvid --enable-libzmq --enable-libzvbi --enable-lv2 --enable-omx --enable-openal --enable-opencl --enable-opengl --enable-sdl2 --enable-mmal --enable-neon --enable-rpi --enable-v4l2-request --enable-libudev --enable-epoxy --enable-pocketsphinx --enable-libdc1394 --enable-libdrm --enable-vout-drm --enable-libiec61883 --enable-chromaprint --enable-frei0r --enable-libx264 --libdir=/usr/lib/arm-linux-gnueabihf/neon/vfp --cpu=cortex-a7 --arch=armv6t2 --disable-thumb --enable-shared --disable-doc --disable-programs
  libavutil      56. 51.100 / 56. 51.100
  libavcodec     58. 91.100 / 58. 91.100
  libavformat    58. 45.100 / 58. 45.100
  libavdevice    58. 10.100 / 58. 10.100
  libavfilter     7. 85.100 /  7. 85.100
  libavresample   4.  0.  0 /  4.  0.  0
  libswscale      5.  7.100 /  5.  7.100
  libswresample   3.  7.100 /  3.  7.100
  libpostproc    55.  7.100 / 55.  7.100
Input #0, concat, from '/tmp/tmp.k8R0sAbwNQ':
  Duration: N/A, start: 0.000000, bitrate: N/A
    Stream #0:0: Video: mjpeg (Baseline), yuvj420p(pc, bt470bg/unknown/unknown), 640x480 [SAR 96:96 DAR 4:3], 25 tbr, 25 tbn, 25 tbc
Stream mapping:
  Stream #0:0 -> #0:0 (mjpeg (native) -> gif (native))
Press [q] to stop, [?] for help
[swscaler @ 0x1f9eca0] deprecated pixel format used, make sure you did set range correctly
[swscaler @ 0x1f9eca0] No accelerated colorspace conversion found from yuv420p to bgr8.
Output #0, gif, to '/tmp/tmp.WdLsoM4dyY.gif':
  Metadata:
    encoder         : Lavf58.45.100
    Stream #0:0: Video: gif, bgr8, 640x480 [SAR 1:1 DAR 4:3], q=2-31, 200 kb/s, 6 fps, 100 tbn, 6 tbc
    Metadata:
      encoder         : Lavc58.91.100 gif
[swscaler @ 0x1f9eca0] deprecated pixel format used, make sure you did set range correctly
[swscaler @ 0x1f828d0] deprecated pixel format used, make sure you did set range correctly
frame=   13 fps=0.0 q=-0.0 size=     512kB time=00:00:02.18 bitrate=1924.0kbits/s speed=4.22x    frame=   14 fps=0.0 q=-0.0 Lsize=     629kB time=00:00:02.34 bitrate=2203.5kbits/s speed=4.35x    
video:629kB audio:0kB subtitle:0kB other streams:0kB global headers:0kB muxing overhead: 0.003103%
[2026-07-27 12:00:03] Rebuilt timelapse.gif
[main 8243ccd] Daily image: 2026-07-27 12:00:01
 3 files changed, 1 insertion(+)
 create mode 100644 images/2026-07-27.jpg
From github.com:UWIN-Dev/UWIN-Dev.github.io
 * branch            main       -> FETCH_HEAD
Current branch main is up to date.
To github.com:UWIN-Dev/UWIN-Dev.github.io.git
   4afdeaf..8243ccd  main -> main
[2026-07-27 12:00:06] === Successfully pushed 2026-07-27.jpg (and timelapse.gif) to main ===
[2026-07-28 12:00:01] === Starting daily capture for 2026-07-28 ===
[1m--- Opening /dev/video0...
[0m[0mTrying source module v4l2...
[0m[0m/dev/video0 opened.
[0m[0mNo input was specified, using the first.
[0m[1m--- Capturing frame...
[0m[0mSkipping 5 frames...
[0m[0mCapturing 1 frames...
[0m[0mCaptured 6 frames in 0.16 seconds. (38 fps)
[0m[1m--- Processing captured image...
[0m[0mDisabling banner.
[0m[0mSetting output format to JPEG, quality 85
[0m[0mWriting JPEG image to '/home/csic/grow-beyond-earth/images/2026-07-28.jpg'.
[0m[2026-07-28 12:00:03] Captured 2026-07-28.jpg
[2026-07-28 12:00:03] Regenerated manifest.json (entries: 13)
ffmpeg version 4.3.9-0+deb11u1+rpt1 Copyright (c) 2000-2025 the FFmpeg developers
  built with gcc 10 (Raspbian 10.2.1-6+rpi1)
  configuration: --prefix=/usr --extra-version=0+deb11u1+rpt1 --toolchain=hardened --incdir=/usr/include/arm-linux-gnueabihf --enable-gpl --disable-stripping --enable-avresample --disable-filter=resample --enable-gnutls --enable-ladspa --enable-libaom --enable-libass --enable-libbluray --enable-libbs2b --enable-libcaca --enable-libcdio --enable-libcodec2 --enable-libdav1d --enable-libflite --enable-libfontconfig --enable-libfreetype --enable-libfribidi --enable-libgme --enable-libgsm --enable-libjack --enable-libmp3lame --enable-libmysofa --enable-libopenjpeg --enable-libopenmpt --enable-libopus --enable-libpulse --enable-librabbitmq --enable-librsvg --enable-librubberband --enable-libshine --enable-libsnappy --enable-libsoxr --enable-libspeex --enable-libsrt --enable-libssh --enable-libtheora --enable-libtwolame --enable-libvidstab --enable-libvorbis --enable-libvpx --enable-libwavpack --enable-libwebp --enable-libx265 --enable-libxml2 --enable-libxvid --enable-libzmq --enable-libzvbi --enable-lv2 --enable-omx --enable-openal --enable-opencl --enable-opengl --enable-sdl2 --enable-mmal --enable-neon --enable-rpi --enable-v4l2-request --enable-libudev --enable-epoxy --enable-pocketsphinx --enable-libdc1394 --enable-libdrm --enable-vout-drm --enable-libiec61883 --enable-chromaprint --enable-frei0r --enable-libx264 --enable-shared --libdir=/usr/lib/arm-linux-gnueabihf --cpu=arm1176jzf-s --arch=arm
  WARNING: library configuration mismatch
  avutil      configuration: --prefix=/usr --extra-version=0+deb11u1+rpt1 --toolchain=hardened --incdir=/usr/include/arm-linux-gnueabihf --enable-gpl --disable-stripping --enable-avresample --disable-filter=resample --enable-gnutls --enable-ladspa --enable-libaom --enable-libass --enable-libbluray --enable-libbs2b --enable-libcaca --enable-libcdio --enable-libcodec2 --enable-libdav1d --enable-libflite --enable-libfontconfig --enable-libfreetype --enable-libfribidi --enable-libgme --enable-libgsm --enable-libjack --enable-libmp3lame --enable-libmysofa --enable-libopenjpeg --enable-libopenmpt --enable-libopus --enable-libpulse --enable-librabbitmq --enable-librsvg --enable-librubberband --enable-libshine --enable-libsnappy --enable-libsoxr --enable-libspeex --enable-libsrt --enable-libssh --enable-libtheora --enable-libtwolame --enable-libvidstab --enable-libvorbis --enable-libvpx --enable-libwavpack --enable-libwebp --enable-libx265 --enable-libxml2 --enable-libxvid --enable-libzmq --enable-libzvbi --enable-lv2 --enable-omx --enable-openal --enable-opencl --enable-opengl --enable-sdl2 --enable-mmal --enable-neon --enable-rpi --enable-v4l2-request --enable-libudev --enable-epoxy --enable-pocketsphinx --enable-libdc1394 --enable-libdrm --enable-vout-drm --enable-libiec61883 --enable-chromaprint --enable-frei0r --enable-libx264 --libdir=/usr/lib/arm-linux-gnueabihf/neon/vfp --cpu=cortex-a7 --arch=armv6t2 --disable-thumb --enable-shared --disable-doc --disable-programs
  avcodec     configuration: --prefix=/usr --extra-version=0+deb11u1+rpt1 --toolchain=hardened --incdir=/usr/include/arm-linux-gnueabihf --enable-gpl --disable-stripping --enable-avresample --disable-filter=resample --enable-gnutls --enable-ladspa --enable-libaom --enable-libass --enable-libbluray --enable-libbs2b --enable-libcaca --enable-libcdio --enable-libcodec2 --enable-libdav1d --enable-libflite --enable-libfontconfig --enable-libfreetype --enable-libfribidi --enable-libgme --enable-libgsm --enable-libjack --enable-libmp3lame --enable-libmysofa --enable-libopenjpeg --enable-libopenmpt --enable-libopus --enable-libpulse --enable-librabbitmq --enable-librsvg --enable-librubberband --enable-libshine --enable-libsnappy --enable-libsoxr --enable-libspeex --enable-libsrt --enable-libssh --enable-libtheora --enable-libtwolame --enable-libvidstab --enable-libvorbis --enable-libvpx --enable-libwavpack --enable-libwebp --enable-libx265 --enable-libxml2 --enable-libxvid --enable-libzmq --enable-libzvbi --enable-lv2 --enable-omx --enable-openal --enable-opencl --enable-opengl --enable-sdl2 --enable-mmal --enable-neon --enable-rpi --enable-v4l2-request --enable-libudev --enable-epoxy --enable-pocketsphinx --enable-libdc1394 --enable-libdrm --enable-vout-drm --enable-libiec61883 --enable-chromaprint --enable-frei0r --enable-libx264 --libdir=/usr/lib/arm-linux-gnueabihf/neon/vfp --cpu=cortex-a7 --arch=armv6t2 --disable-thumb --enable-shared --disable-doc --disable-programs
  avformat    configuration: --prefix=/usr --extra-version=0+deb11u1+rpt1 --toolchain=hardened --incdir=/usr/include/arm-linux-gnueabihf --enable-gpl --disable-stripping --enable-avresample --disable-filter=resample --enable-gnutls --enable-ladspa --enable-libaom --enable-libass --enable-libbluray --enable-libbs2b --enable-libcaca --enable-libcdio --enable-libcodec2 --enable-libdav1d --enable-libflite --enable-libfontconfig --enable-libfreetype --enable-libfribidi --enable-libgme --enable-libgsm --enable-libjack --enable-libmp3lame --enable-libmysofa --enable-libopenjpeg --enable-libopenmpt --enable-libopus --enable-libpulse --enable-librabbitmq --enable-librsvg --enable-librubberband --enable-libshine --enable-libsnappy --enable-libsoxr --enable-libspeex --enable-libsrt --enable-libssh --enable-libtheora --enable-libtwolame --enable-libvidstab --enable-libvorbis --enable-libvpx --enable-libwavpack --enable-libwebp --enable-libx265 --enable-libxml2 --enable-libxvid --enable-libzmq --enable-libzvbi --enable-lv2 --enable-omx --enable-openal --enable-opencl --enable-opengl --enable-sdl2 --enable-mmal --enable-neon --enable-rpi --enable-v4l2-request --enable-libudev --enable-epoxy --enable-pocketsphinx --enable-libdc1394 --enable-libdrm --enable-vout-drm --enable-libiec61883 --enable-chromaprint --enable-frei0r --enable-libx264 --libdir=/usr/lib/arm-linux-gnueabihf/neon/vfp --cpu=cortex-a7 --arch=armv6t2 --disable-thumb --enable-shared --disable-doc --disable-programs
  avdevice    configuration: --prefix=/usr --extra-version=0+deb11u1+rpt1 --toolchain=hardened --incdir=/usr/include/arm-linux-gnueabihf --enable-gpl --disable-stripping --enable-avresample --disable-filter=resample --enable-gnutls --enable-ladspa --enable-libaom --enable-libass --enable-libbluray --enable-libbs2b --enable-libcaca --enable-libcdio --enable-libcodec2 --enable-libdav1d --enable-libflite --enable-libfontconfig --enable-libfreetype --enable-libfribidi --enable-libgme --enable-libgsm --enable-libjack --enable-libmp3lame --enable-libmysofa --enable-libopenjpeg --enable-libopenmpt --enable-libopus --enable-libpulse --enable-librabbitmq --enable-librsvg --enable-librubberband --enable-libshine --enable-libsnappy --enable-libsoxr --enable-libspeex --enable-libsrt --enable-libssh --enable-libtheora --enable-libtwolame --enable-libvidstab --enable-libvorbis --enable-libvpx --enable-libwavpack --enable-libwebp --enable-libx265 --enable-libxml2 --enable-libxvid --enable-libzmq --enable-libzvbi --enable-lv2 --enable-omx --enable-openal --enable-opencl --enable-opengl --enable-sdl2 --enable-mmal --enable-neon --enable-rpi --enable-v4l2-request --enable-libudev --enable-epoxy --enable-pocketsphinx --enable-libdc1394 --enable-libdrm --enable-vout-drm --enable-libiec61883 --enable-chromaprint --enable-frei0r --enable-libx264 --libdir=/usr/lib/arm-linux-gnueabihf/neon/vfp --cpu=cortex-a7 --arch=armv6t2 --disable-thumb --enable-shared --disable-doc --disable-programs
  avfilter    configuration: --prefix=/usr --extra-version=0+deb11u1+rpt1 --toolchain=hardened --incdir=/usr/include/arm-linux-gnueabihf --enable-gpl --disable-stripping --enable-avresample --disable-filter=resample --enable-gnutls --enable-ladspa --enable-libaom --enable-libass --enable-libbluray --enable-libbs2b --enable-libcaca --enable-libcdio --enable-libcodec2 --enable-libdav1d --enable-libflite --enable-libfontconfig --enable-libfreetype --enable-libfribidi --enable-libgme --enable-libgsm --enable-libjack --enable-libmp3lame --enable-libmysofa --enable-libopenjpeg --enable-libopenmpt --enable-libopus --enable-libpulse --enable-librabbitmq --enable-librsvg --enable-librubberband --enable-libshine --enable-libsnappy --enable-libsoxr --enable-libspeex --enable-libsrt --enable-libssh --enable-libtheora --enable-libtwolame --enable-libvidstab --enable-libvorbis --enable-libvpx --enable-libwavpack --enable-libwebp --enable-libx265 --enable-libxml2 --enable-libxvid --enable-libzmq --enable-libzvbi --enable-lv2 --enable-omx --enable-openal --enable-opencl --enable-opengl --enable-sdl2 --enable-mmal --enable-neon --enable-rpi --enable-v4l2-request --enable-libudev --enable-epoxy --enable-pocketsphinx --enable-libdc1394 --enable-libdrm --enable-vout-drm --enable-libiec61883 --enable-chromaprint --enable-frei0r --enable-libx264 --libdir=/usr/lib/arm-linux-gnueabihf/neon/vfp --cpu=cortex-a7 --arch=armv6t2 --disable-thumb --enable-shared --disable-doc --disable-programs
  avresample  configuration: --prefix=/usr --extra-version=0+deb11u1+rpt1 --toolchain=hardened --incdir=/usr/include/arm-linux-gnueabihf --enable-gpl --disable-stripping --enable-avresample --disable-filter=resample --enable-gnutls --enable-ladspa --enable-libaom --enable-libass --enable-libbluray --enable-libbs2b --enable-libcaca --enable-libcdio --enable-libcodec2 --enable-libdav1d --enable-libflite --enable-libfontconfig --enable-libfreetype --enable-libfribidi --enable-libgme --enable-libgsm --enable-libjack --enable-libmp3lame --enable-libmysofa --enable-libopenjpeg --enable-libopenmpt --enable-libopus --enable-libpulse --enable-librabbitmq --enable-librsvg --enable-librubberband --enable-libshine --enable-libsnappy --enable-libsoxr --enable-libspeex --enable-libsrt --enable-libssh --enable-libtheora --enable-libtwolame --enable-libvidstab --enable-libvorbis --enable-libvpx --enable-libwavpack --enable-libwebp --enable-libx265 --enable-libxml2 --enable-libxvid --enable-libzmq --enable-libzvbi --enable-lv2 --enable-omx --enable-openal --enable-opencl --enable-opengl --enable-sdl2 --enable-mmal --enable-neon --enable-rpi --enable-v4l2-request --enable-libudev --enable-epoxy --enable-pocketsphinx --enable-libdc1394 --enable-libdrm --enable-vout-drm --enable-libiec61883 --enable-chromaprint --enable-frei0r --enable-libx264 --libdir=/usr/lib/arm-linux-gnueabihf/neon/vfp --cpu=cortex-a7 --arch=armv6t2 --disable-thumb --enable-shared --disable-doc --disable-programs
  swscale     configuration: --prefix=/usr --extra-version=0+deb11u1+rpt1 --toolchain=hardened --incdir=/usr/include/arm-linux-gnueabihf --enable-gpl --disable-stripping --enable-avresample --disable-filter=resample --enable-gnutls --enable-ladspa --enable-libaom --enable-libass --enable-libbluray --enable-libbs2b --enable-libcaca --enable-libcdio --enable-libcodec2 --enable-libdav1d --enable-libflite --enable-libfontconfig --enable-libfreetype --enable-libfribidi --enable-libgme --enable-libgsm --enable-libjack --enable-libmp3lame --enable-libmysofa --enable-libopenjpeg --enable-libopenmpt --enable-libopus --enable-libpulse --enable-librabbitmq --enable-librsvg --enable-librubberband --enable-libshine --enable-libsnappy --enable-libsoxr --enable-libspeex --enable-libsrt --enable-libssh --enable-libtheora --enable-libtwolame --enable-libvidstab --enable-libvorbis --enable-libvpx --enable-libwavpack --enable-libwebp --enable-libx265 --enable-libxml2 --enable-libxvid --enable-libzmq --enable-libzvbi --enable-lv2 --enable-omx --enable-openal --enable-opencl --enable-opengl --enable-sdl2 --enable-mmal --enable-neon --enable-rpi --enable-v4l2-request --enable-libudev --enable-epoxy --enable-pocketsphinx --enable-libdc1394 --enable-libdrm --enable-vout-drm --enable-libiec61883 --enable-chromaprint --enable-frei0r --enable-libx264 --libdir=/usr/lib/arm-linux-gnueabihf/neon/vfp --cpu=cortex-a7 --arch=armv6t2 --disable-thumb --enable-shared --disable-doc --disable-programs
  swresample  configuration: --prefix=/usr --extra-version=0+deb11u1+rpt1 --toolchain=hardened --incdir=/usr/include/arm-linux-gnueabihf --enable-gpl --disable-stripping --enable-avresample --disable-filter=resample --enable-gnutls --enable-ladspa --enable-libaom --enable-libass --enable-libbluray --enable-libbs2b --enable-libcaca --enable-libcdio --enable-libcodec2 --enable-libdav1d --enable-libflite --enable-libfontconfig --enable-libfreetype --enable-libfribidi --enable-libgme --enable-libgsm --enable-libjack --enable-libmp3lame --enable-libmysofa --enable-libopenjpeg --enable-libopenmpt --enable-libopus --enable-libpulse --enable-librabbitmq --enable-librsvg --enable-librubberband --enable-libshine --enable-libsnappy --enable-libsoxr --enable-libspeex --enable-libsrt --enable-libssh --enable-libtheora --enable-libtwolame --enable-libvidstab --enable-libvorbis --enable-libvpx --enable-libwavpack --enable-libwebp --enable-libx265 --enable-libxml2 --enable-libxvid --enable-libzmq --enable-libzvbi --enable-lv2 --enable-omx --enable-openal --enable-opencl --enable-opengl --enable-sdl2 --enable-mmal --enable-neon --enable-rpi --enable-v4l2-request --enable-libudev --enable-epoxy --enable-pocketsphinx --enable-libdc1394 --enable-libdrm --enable-vout-drm --enable-libiec61883 --enable-chromaprint --enable-frei0r --enable-libx264 --libdir=/usr/lib/arm-linux-gnueabihf/neon/vfp --cpu=cortex-a7 --arch=armv6t2 --disable-thumb --enable-shared --disable-doc --disable-programs
  postproc    configuration: --prefix=/usr --extra-version=0+deb11u1+rpt1 --toolchain=hardened --incdir=/usr/include/arm-linux-gnueabihf --enable-gpl --disable-stripping --enable-avresample --disable-filter=resample --enable-gnutls --enable-ladspa --enable-libaom --enable-libass --enable-libbluray --enable-libbs2b --enable-libcaca --enable-libcdio --enable-libcodec2 --enable-libdav1d --enable-libflite --enable-libfontconfig --enable-libfreetype --enable-libfribidi --enable-libgme --enable-libgsm --enable-libjack --enable-libmp3lame --enable-libmysofa --enable-libopenjpeg --enable-libopenmpt --enable-libopus --enable-libpulse --enable-librabbitmq --enable-librsvg --enable-librubberband --enable-libshine --enable-libsnappy --enable-libsoxr --enable-libspeex --enable-libsrt --enable-libssh --enable-libtheora --enable-libtwolame --enable-libvidstab --enable-libvorbis --enable-libvpx --enable-libwavpack --enable-libwebp --enable-libx265 --enable-libxml2 --enable-libxvid --enable-libzmq --enable-libzvbi --enable-lv2 --enable-omx --enable-openal --enable-opencl --enable-opengl --enable-sdl2 --enable-mmal --enable-neon --enable-rpi --enable-v4l2-request --enable-libudev --enable-epoxy --enable-pocketsphinx --enable-libdc1394 --enable-libdrm --enable-vout-drm --enable-libiec61883 --enable-chromaprint --enable-frei0r --enable-libx264 --libdir=/usr/lib/arm-linux-gnueabihf/neon/vfp --cpu=cortex-a7 --arch=armv6t2 --disable-thumb --enable-shared --disable-doc --disable-programs
  libavutil      56. 51.100 / 56. 51.100
  libavcodec     58. 91.100 / 58. 91.100
  libavformat    58. 45.100 / 58. 45.100
  libavdevice    58. 10.100 / 58. 10.100
  libavfilter     7. 85.100 /  7. 85.100
  libavresample   4.  0.  0 /  4.  0.  0
  libswscale      5.  7.100 /  5.  7.100
  libswresample   3.  7.100 /  3.  7.100
  libpostproc    55.  7.100 / 55.  7.100
Input #0, concat, from '/tmp/tmp.1fxiIPdQlt':
  Duration: N/A, start: 0.000000, bitrate: N/A
    Stream #0:0: Video: mjpeg (Baseline), yuvj420p(pc, bt470bg/unknown/unknown), 640x480 [SAR 96:96 DAR 4:3], 25 tbr, 25 tbn, 25 tbc
Stream mapping:
  Stream #0:0 -> #0:0 (mjpeg (native) -> gif (native))
Press [q] to stop, [?] for help
[swscaler @ 0x2a65d70] deprecated pixel format used, make sure you did set range correctly
[swscaler @ 0x2a65d70] No accelerated colorspace conversion found from yuv420p to bgr8.
Output #0, gif, to '/tmp/tmp.RXPQvRKesW.gif':
  Metadata:
    encoder         : Lavf58.45.100
    Stream #0:0: Video: gif, bgr8, 640x480 [SAR 1:1 DAR 4:3], q=2-31, 200 kb/s, 6 fps, 100 tbn, 6 tbc
    Metadata:
      encoder         : Lavc58.91.100 gif
[swscaler @ 0x2a65d70] deprecated pixel format used, make sure you did set range correctly
[swscaler @ 0x2a4a160] deprecated pixel format used, make sure you did set range correctly
frame=   15 fps=0.0 q=-0.0 size=     512kB time=00:00:02.51 bitrate=1671.0kbits/s speed=4.85x    frame=   15 fps=0.0 q=-0.0 Lsize=     670kB time=00:00:02.51 bitrate=2188.2kbits/s speed=4.35x    
video:670kB audio:0kB subtitle:0kB other streams:0kB global headers:0kB muxing overhead: 0.002913%
[2026-07-28 12:00:04] Rebuilt timelapse.gif
[main 67eed33] Daily image: 2026-07-28 12:00:01
 3 files changed, 1 insertion(+)
 create mode 100644 images/2026-07-28.jpg
From github.com:UWIN-Dev/UWIN-Dev.github.io
 * branch            main       -> FETCH_HEAD
Current branch main is up to date.
To github.com:UWIN-Dev/UWIN-Dev.github.io.git
   8243ccd..67eed33  main -> main
[2026-07-28 12:00:07] === Successfully pushed 2026-07-28.jpg (and timelapse.gif) to main ===
[2026-07-29 12:00:01] === Starting daily capture for 2026-07-29 ===
[1m--- Opening /dev/video0...
[0m[0mTrying source module v4l2...
[0m[0m/dev/video0 opened.
[0m[0mNo input was specified, using the first.
[0m[1m--- Capturing frame...
[0m[0mSkipping 5 frames...
[0m[0mCapturing 1 frames...
[0m[0mCaptured 6 frames in 0.16 seconds. (38 fps)
[0m[1m--- Processing captured image...
[0m[0mDisabling banner.
[0m[0mSetting output format to JPEG, quality 85
[0m[0mWriting JPEG image to '/home/csic/grow-beyond-earth/images/2026-07-29.jpg'.
[0m[2026-07-29 12:00:02] Captured 2026-07-29.jpg
[2026-07-29 12:00:02] Regenerated manifest.json (entries: 14)
ffmpeg version 4.3.9-0+deb11u1+rpt1 Copyright (c) 2000-2025 the FFmpeg developers
  built with gcc 10 (Raspbian 10.2.1-6+rpi1)
  configuration: --prefix=/usr --extra-version=0+deb11u1+rpt1 --toolchain=hardened --incdir=/usr/include/arm-linux-gnueabihf --enable-gpl --disable-stripping --enable-avresample --disable-filter=resample --enable-gnutls --enable-ladspa --enable-libaom --enable-libass --enable-libbluray --enable-libbs2b --enable-libcaca --enable-libcdio --enable-libcodec2 --enable-libdav1d --enable-libflite --enable-libfontconfig --enable-libfreetype --enable-libfribidi --enable-libgme --enable-libgsm --enable-libjack --enable-libmp3lame --enable-libmysofa --enable-libopenjpeg --enable-libopenmpt --enable-libopus --enable-libpulse --enable-librabbitmq --enable-librsvg --enable-librubberband --enable-libshine --enable-libsnappy --enable-libsoxr --enable-libspeex --enable-libsrt --enable-libssh --enable-libtheora --enable-libtwolame --enable-libvidstab --enable-libvorbis --enable-libvpx --enable-libwavpack --enable-libwebp --enable-libx265 --enable-libxml2 --enable-libxvid --enable-libzmq --enable-libzvbi --enable-lv2 --enable-omx --enable-openal --enable-opencl --enable-opengl --enable-sdl2 --enable-mmal --enable-neon --enable-rpi --enable-v4l2-request --enable-libudev --enable-epoxy --enable-pocketsphinx --enable-libdc1394 --enable-libdrm --enable-vout-drm --enable-libiec61883 --enable-chromaprint --enable-frei0r --enable-libx264 --enable-shared --libdir=/usr/lib/arm-linux-gnueabihf --cpu=arm1176jzf-s --arch=arm
  WARNING: library configuration mismatch
  avutil      configuration: --prefix=/usr --extra-version=0+deb11u1+rpt1 --toolchain=hardened --incdir=/usr/include/arm-linux-gnueabihf --enable-gpl --disable-stripping --enable-avresample --disable-filter=resample --enable-gnutls --enable-ladspa --enable-libaom --enable-libass --enable-libbluray --enable-libbs2b --enable-libcaca --enable-libcdio --enable-libcodec2 --enable-libdav1d --enable-libflite --enable-libfontconfig --enable-libfreetype --enable-libfribidi --enable-libgme --enable-libgsm --enable-libjack --enable-libmp3lame --enable-libmysofa --enable-libopenjpeg --enable-libopenmpt --enable-libopus --enable-libpulse --enable-librabbitmq --enable-librsvg --enable-librubberband --enable-libshine --enable-libsnappy --enable-libsoxr --enable-libspeex --enable-libsrt --enable-libssh --enable-libtheora --enable-libtwolame --enable-libvidstab --enable-libvorbis --enable-libvpx --enable-libwavpack --enable-libwebp --enable-libx265 --enable-libxml2 --enable-libxvid --enable-libzmq --enable-libzvbi --enable-lv2 --enable-omx --enable-openal --enable-opencl --enable-opengl --enable-sdl2 --enable-mmal --enable-neon --enable-rpi --enable-v4l2-request --enable-libudev --enable-epoxy --enable-pocketsphinx --enable-libdc1394 --enable-libdrm --enable-vout-drm --enable-libiec61883 --enable-chromaprint --enable-frei0r --enable-libx264 --libdir=/usr/lib/arm-linux-gnueabihf/neon/vfp --cpu=cortex-a7 --arch=armv6t2 --disable-thumb --enable-shared --disable-doc --disable-programs
  avcodec     configuration: --prefix=/usr --extra-version=0+deb11u1+rpt1 --toolchain=hardened --incdir=/usr/include/arm-linux-gnueabihf --enable-gpl --disable-stripping --enable-avresample --disable-filter=resample --enable-gnutls --enable-ladspa --enable-libaom --enable-libass --enable-libbluray --enable-libbs2b --enable-libcaca --enable-libcdio --enable-libcodec2 --enable-libdav1d --enable-libflite --enable-libfontconfig --enable-libfreetype --enable-libfribidi --enable-libgme --enable-libgsm --enable-libjack --enable-libmp3lame --enable-libmysofa --enable-libopenjpeg --enable-libopenmpt --enable-libopus --enable-libpulse --enable-librabbitmq --enable-librsvg --enable-librubberband --enable-libshine --enable-libsnappy --enable-libsoxr --enable-libspeex --enable-libsrt --enable-libssh --enable-libtheora --enable-libtwolame --enable-libvidstab --enable-libvorbis --enable-libvpx --enable-libwavpack --enable-libwebp --enable-libx265 --enable-libxml2 --enable-libxvid --enable-libzmq --enable-libzvbi --enable-lv2 --enable-omx --enable-openal --enable-opencl --enable-opengl --enable-sdl2 --enable-mmal --enable-neon --enable-rpi --enable-v4l2-request --enable-libudev --enable-epoxy --enable-pocketsphinx --enable-libdc1394 --enable-libdrm --enable-vout-drm --enable-libiec61883 --enable-chromaprint --enable-frei0r --enable-libx264 --libdir=/usr/lib/arm-linux-gnueabihf/neon/vfp --cpu=cortex-a7 --arch=armv6t2 --disable-thumb --enable-shared --disable-doc --disable-programs
  avformat    configuration: --prefix=/usr --extra-version=0+deb11u1+rpt1 --toolchain=hardened --incdir=/usr/include/arm-linux-gnueabihf --enable-gpl --disable-stripping --enable-avresample --disable-filter=resample --enable-gnutls --enable-ladspa --enable-libaom --enable-libass --enable-libbluray --enable-libbs2b --enable-libcaca --enable-libcdio --enable-libcodec2 --enable-libdav1d --enable-libflite --enable-libfontconfig --enable-libfreetype --enable-libfribidi --enable-libgme --enable-libgsm --enable-libjack --enable-libmp3lame --enable-libmysofa --enable-libopenjpeg --enable-libopenmpt --enable-libopus --enable-libpulse --enable-librabbitmq --enable-librsvg --enable-librubberband --enable-libshine --enable-libsnappy --enable-libsoxr --enable-libspeex --enable-libsrt --enable-libssh --enable-libtheora --enable-libtwolame --enable-libvidstab --enable-libvorbis --enable-libvpx --enable-libwavpack --enable-libwebp --enable-libx265 --enable-libxml2 --enable-libxvid --enable-libzmq --enable-libzvbi --enable-lv2 --enable-omx --enable-openal --enable-opencl --enable-opengl --enable-sdl2 --enable-mmal --enable-neon --enable-rpi --enable-v4l2-request --enable-libudev --enable-epoxy --enable-pocketsphinx --enable-libdc1394 --enable-libdrm --enable-vout-drm --enable-libiec61883 --enable-chromaprint --enable-frei0r --enable-libx264 --libdir=/usr/lib/arm-linux-gnueabihf/neon/vfp --cpu=cortex-a7 --arch=armv6t2 --disable-thumb --enable-shared --disable-doc --disable-programs
  avdevice    configuration: --prefix=/usr --extra-version=0+deb11u1+rpt1 --toolchain=hardened --incdir=/usr/include/arm-linux-gnueabihf --enable-gpl --disable-stripping --enable-avresample --disable-filter=resample --enable-gnutls --enable-ladspa --enable-libaom --enable-libass --enable-libbluray --enable-libbs2b --enable-libcaca --enable-libcdio --enable-libcodec2 --enable-libdav1d --enable-libflite --enable-libfontconfig --enable-libfreetype --enable-libfribidi --enable-libgme --enable-libgsm --enable-libjack --enable-libmp3lame --enable-libmysofa --enable-libopenjpeg --enable-libopenmpt --enable-libopus --enable-libpulse --enable-librabbitmq --enable-librsvg --enable-librubberband --enable-libshine --enable-libsnappy --enable-libsoxr --enable-libspeex --enable-libsrt --enable-libssh --enable-libtheora --enable-libtwolame --enable-libvidstab --enable-libvorbis --enable-libvpx --enable-libwavpack --enable-libwebp --enable-libx265 --enable-libxml2 --enable-libxvid --enable-libzmq --enable-libzvbi --enable-lv2 --enable-omx --enable-openal --enable-opencl --enable-opengl --enable-sdl2 --enable-mmal --enable-neon --enable-rpi --enable-v4l2-request --enable-libudev --enable-epoxy --enable-pocketsphinx --enable-libdc1394 --enable-libdrm --enable-vout-drm --enable-libiec61883 --enable-chromaprint --enable-frei0r --enable-libx264 --libdir=/usr/lib/arm-linux-gnueabihf/neon/vfp --cpu=cortex-a7 --arch=armv6t2 --disable-thumb --enable-shared --disable-doc --disable-programs
  avfilter    configuration: --prefix=/usr --extra-version=0+deb11u1+rpt1 --toolchain=hardened --incdir=/usr/include/arm-linux-gnueabihf --enable-gpl --disable-stripping --enable-avresample --disable-filter=resample --enable-gnutls --enable-ladspa --enable-libaom --enable-libass --enable-libbluray --enable-libbs2b --enable-libcaca --enable-libcdio --enable-libcodec2 --enable-libdav1d --enable-libflite --enable-libfontconfig --enable-libfreetype --enable-libfribidi --enable-libgme --enable-libgsm --enable-libjack --enable-libmp3lame --enable-libmysofa --enable-libopenjpeg --enable-libopenmpt --enable-libopus --enable-libpulse --enable-librabbitmq --enable-librsvg --enable-librubberband --enable-libshine --enable-libsnappy --enable-libsoxr --enable-libspeex --enable-libsrt --enable-libssh --enable-libtheora --enable-libtwolame --enable-libvidstab --enable-libvorbis --enable-libvpx --enable-libwavpack --enable-libwebp --enable-libx265 --enable-libxml2 --enable-libxvid --enable-libzmq --enable-libzvbi --enable-lv2 --enable-omx --enable-openal --enable-opencl --enable-opengl --enable-sdl2 --enable-mmal --enable-neon --enable-rpi --enable-v4l2-request --enable-libudev --enable-epoxy --enable-pocketsphinx --enable-libdc1394 --enable-libdrm --enable-vout-drm --enable-libiec61883 --enable-chromaprint --enable-frei0r --enable-libx264 --libdir=/usr/lib/arm-linux-gnueabihf/neon/vfp --cpu=cortex-a7 --arch=armv6t2 --disable-thumb --enable-shared --disable-doc --disable-programs
  avresample  configuration: --prefix=/usr --extra-version=0+deb11u1+rpt1 --toolchain=hardened --incdir=/usr/include/arm-linux-gnueabihf --enable-gpl --disable-stripping --enable-avresample --disable-filter=resample --enable-gnutls --enable-ladspa --enable-libaom --enable-libass --enable-libbluray --enable-libbs2b --enable-libcaca --enable-libcdio --enable-libcodec2 --enable-libdav1d --enable-libflite --enable-libfontconfig --enable-libfreetype --enable-libfribidi --enable-libgme --enable-libgsm --enable-libjack --enable-libmp3lame --enable-libmysofa --enable-libopenjpeg --enable-libopenmpt --enable-libopus --enable-libpulse --enable-librabbitmq --enable-librsvg --enable-librubberband --enable-libshine --enable-libsnappy --enable-libsoxr --enable-libspeex --enable-libsrt --enable-libssh --enable-libtheora --enable-libtwolame --enable-libvidstab --enable-libvorbis --enable-libvpx --enable-libwavpack --enable-libwebp --enable-libx265 --enable-libxml2 --enable-libxvid --enable-libzmq --enable-libzvbi --enable-lv2 --enable-omx --enable-openal --enable-opencl --enable-opengl --enable-sdl2 --enable-mmal --enable-neon --enable-rpi --enable-v4l2-request --enable-libudev --enable-epoxy --enable-pocketsphinx --enable-libdc1394 --enable-libdrm --enable-vout-drm --enable-libiec61883 --enable-chromaprint --enable-frei0r --enable-libx264 --libdir=/usr/lib/arm-linux-gnueabihf/neon/vfp --cpu=cortex-a7 --arch=armv6t2 --disable-thumb --enable-shared --disable-doc --disable-programs
  swscale     configuration: --prefix=/usr --extra-version=0+deb11u1+rpt1 --toolchain=hardened --incdir=/usr/include/arm-linux-gnueabihf --enable-gpl --disable-stripping --enable-avresample --disable-filter=resample --enable-gnutls --enable-ladspa --enable-libaom --enable-libass --enable-libbluray --enable-libbs2b --enable-libcaca --enable-libcdio --enable-libcodec2 --enable-libdav1d --enable-libflite --enable-libfontconfig --enable-libfreetype --enable-libfribidi --enable-libgme --enable-libgsm --enable-libjack --enable-libmp3lame --enable-libmysofa --enable-libopenjpeg --enable-libopenmpt --enable-libopus --enable-libpulse --enable-librabbitmq --enable-librsvg --enable-librubberband --enable-libshine --enable-libsnappy --enable-libsoxr --enable-libspeex --enable-libsrt --enable-libssh --enable-libtheora --enable-libtwolame --enable-libvidstab --enable-libvorbis --enable-libvpx --enable-libwavpack --enable-libwebp --enable-libx265 --enable-libxml2 --enable-libxvid --enable-libzmq --enable-libzvbi --enable-lv2 --enable-omx --enable-openal --enable-opencl --enable-opengl --enable-sdl2 --enable-mmal --enable-neon --enable-rpi --enable-v4l2-request --enable-libudev --enable-epoxy --enable-pocketsphinx --enable-libdc1394 --enable-libdrm --enable-vout-drm --enable-libiec61883 --enable-chromaprint --enable-frei0r --enable-libx264 --libdir=/usr/lib/arm-linux-gnueabihf/neon/vfp --cpu=cortex-a7 --arch=armv6t2 --disable-thumb --enable-shared --disable-doc --disable-programs
  swresample  configuration: --prefix=/usr --extra-version=0+deb11u1+rpt1 --toolchain=hardened --incdir=/usr/include/arm-linux-gnueabihf --enable-gpl --disable-stripping --enable-avresample --disable-filter=resample --enable-gnutls --enable-ladspa --enable-libaom --enable-libass --enable-libbluray --enable-libbs2b --enable-libcaca --enable-libcdio --enable-libcodec2 --enable-libdav1d --enable-libflite --enable-libfontconfig --enable-libfreetype --enable-libfribidi --enable-libgme --enable-libgsm --enable-libjack --enable-libmp3lame --enable-libmysofa --enable-libopenjpeg --enable-libopenmpt --enable-libopus --enable-libpulse --enable-librabbitmq --enable-librsvg --enable-librubberband --enable-libshine --enable-libsnappy --enable-libsoxr --enable-libspeex --enable-libsrt --enable-libssh --enable-libtheora --enable-libtwolame --enable-libvidstab --enable-libvorbis --enable-libvpx --enable-libwavpack --enable-libwebp --enable-libx265 --enable-libxml2 --enable-libxvid --enable-libzmq --enable-libzvbi --enable-lv2 --enable-omx --enable-openal --enable-opencl --enable-opengl --enable-sdl2 --enable-mmal --enable-neon --enable-rpi --enable-v4l2-request --enable-libudev --enable-epoxy --enable-pocketsphinx --enable-libdc1394 --enable-libdrm --enable-vout-drm --enable-libiec61883 --enable-chromaprint --enable-frei0r --enable-libx264 --libdir=/usr/lib/arm-linux-gnueabihf/neon/vfp --cpu=cortex-a7 --arch=armv6t2 --disable-thumb --enable-shared --disable-doc --disable-programs
  postproc    configuration: --prefix=/usr --extra-version=0+deb11u1+rpt1 --toolchain=hardened --incdir=/usr/include/arm-linux-gnueabihf --enable-gpl --disable-stripping --enable-avresample --disable-filter=resample --enable-gnutls --enable-ladspa --enable-libaom --enable-libass --enable-libbluray --enable-libbs2b --enable-libcaca --enable-libcdio --enable-libcodec2 --enable-libdav1d --enable-libflite --enable-libfontconfig --enable-libfreetype --enable-libfribidi --enable-libgme --enable-libgsm --enable-libjack --enable-libmp3lame --enable-libmysofa --enable-libopenjpeg --enable-libopenmpt --enable-libopus --enable-libpulse --enable-librabbitmq --enable-librsvg --enable-librubberband --enable-libshine --enable-libsnappy --enable-libsoxr --enable-libspeex --enable-libsrt --enable-libssh --enable-libtheora --enable-libtwolame --enable-libvidstab --enable-libvorbis --enable-libvpx --enable-libwavpack --enable-libwebp --enable-libx265 --enable-libxml2 --enable-libxvid --enable-libzmq --enable-libzvbi --enable-lv2 --enable-omx --enable-openal --enable-opencl --enable-opengl --enable-sdl2 --enable-mmal --enable-neon --enable-rpi --enable-v4l2-request --enable-libudev --enable-epoxy --enable-pocketsphinx --enable-libdc1394 --enable-libdrm --enable-vout-drm --enable-libiec61883 --enable-chromaprint --enable-frei0r --enable-libx264 --libdir=/usr/lib/arm-linux-gnueabihf/neon/vfp --cpu=cortex-a7 --arch=armv6t2 --disable-thumb --enable-shared --disable-doc --disable-programs
  libavutil      56. 51.100 / 56. 51.100
  libavcodec     58. 91.100 / 58. 91.100
  libavformat    58. 45.100 / 58. 45.100
  libavdevice    58. 10.100 / 58. 10.100
  libavfilter     7. 85.100 /  7. 85.100
  libavresample   4.  0.  0 /  4.  0.  0
  libswscale      5.  7.100 /  5.  7.100
  libswresample   3.  7.100 /  3.  7.100
  libpostproc    55.  7.100 / 55.  7.100
Input #0, concat, from '/tmp/tmp.jXRYChaAhZ':
  Duration: N/A, start: 0.000000, bitrate: N/A
    Stream #0:0: Video: mjpeg (Baseline), yuvj420p(pc, bt470bg/unknown/unknown), 640x480 [SAR 96:96 DAR 4:3], 25 tbr, 25 tbn, 25 tbc
Stream mapping:
  Stream #0:0 -> #0:0 (mjpeg (native) -> gif (native))
Press [q] to stop, [?] for help
[swscaler @ 0x17ad080] deprecated pixel format used, make sure you did set range correctly
[swscaler @ 0x17ad080] No accelerated colorspace conversion found from yuv420p to bgr8.
Output #0, gif, to '/tmp/tmp.L5PReMxvg4.gif':
  Metadata:
    encoder         : Lavf58.45.100
    Stream #0:0: Video: gif, bgr8, 640x480 [SAR 1:1 DAR 4:3], q=2-31, 200 kb/s, 6 fps, 100 tbn, 6 tbc
    Metadata:
      encoder         : Lavc58.91.100 gif
[swscaler @ 0x17ad080] deprecated pixel format used, make sure you did set range correctly
[swscaler @ 0x1791570] deprecated pixel format used, make sure you did set range correctly
frame=   15 fps=0.0 q=-0.0 size=     512kB time=00:00:02.51 bitrate=1671.0kbits/s speed=4.83x    frame=   16 fps=0.0 q=-0.0 Lsize=     719kB time=00:00:02.68 bitrate=2197.8kbits/s speed=4.33x    
video:719kB audio:0kB subtitle:0kB other streams:0kB global headers:0kB muxing overhead: 0.002716%
[2026-07-29 12:00:03] Rebuilt timelapse.gif
[main 4874b00] Daily image: 2026-07-29 12:00:01
 3 files changed, 1 insertion(+)
 create mode 100644 images/2026-07-29.jpg
From github.com:UWIN-Dev/UWIN-Dev.github.io
 * branch            main       -> FETCH_HEAD
Current branch main is up to date.
To github.com:UWIN-Dev/UWIN-Dev.github.io.git
   67eed33..4874b00  main -> main
[2026-07-29 12:00:06] === Successfully pushed 2026-07-29.jpg (and timelapse.gif) to main ===
[2026-07-30 12:00:01] === Starting daily capture for 2026-07-30 ===
[1m--- Opening /dev/video0...
[0m[0mTrying source module v4l2...
[0m[0m/dev/video0 opened.
[0m[0mNo input was specified, using the first.
[0m[1m--- Capturing frame...
[0m[0mSkipping 5 frames...
[0m[0mCapturing 1 frames...
[0m[0mCaptured 6 frames in 0.16 seconds. (38 fps)
[0m[1m--- Processing captured image...
[0m[0mDisabling banner.
[0m[0mSetting output format to JPEG, quality 85
[0m[0mWriting JPEG image to '/home/csic/grow-beyond-earth/images/2026-07-30.jpg'.
[0m[2026-07-30 12:00:02] Captured 2026-07-30.jpg
[2026-07-30 12:00:02] Regenerated manifest.json (entries: 15)
ffmpeg version 4.3.9-0+deb11u1+rpt1 Copyright (c) 2000-2025 the FFmpeg developers
  built with gcc 10 (Raspbian 10.2.1-6+rpi1)
  configuration: --prefix=/usr --extra-version=0+deb11u1+rpt1 --toolchain=hardened --incdir=/usr/include/arm-linux-gnueabihf --enable-gpl --disable-stripping --enable-avresample --disable-filter=resample --enable-gnutls --enable-ladspa --enable-libaom --enable-libass --enable-libbluray --enable-libbs2b --enable-libcaca --enable-libcdio --enable-libcodec2 --enable-libdav1d --enable-libflite --enable-libfontconfig --enable-libfreetype --enable-libfribidi --enable-libgme --enable-libgsm --enable-libjack --enable-libmp3lame --enable-libmysofa --enable-libopenjpeg --enable-libopenmpt --enable-libopus --enable-libpulse --enable-librabbitmq --enable-librsvg --enable-librubberband --enable-libshine --enable-libsnappy --enable-libsoxr --enable-libspeex --enable-libsrt --enable-libssh --enable-libtheora --enable-libtwolame --enable-libvidstab --enable-libvorbis --enable-libvpx --enable-libwavpack --enable-libwebp --enable-libx265 --enable-libxml2 --enable-libxvid --enable-libzmq --enable-libzvbi --enable-lv2 --enable-omx --enable-openal --enable-opencl --enable-opengl --enable-sdl2 --enable-mmal --enable-neon --enable-rpi --enable-v4l2-request --enable-libudev --enable-epoxy --enable-pocketsphinx --enable-libdc1394 --enable-libdrm --enable-vout-drm --enable-libiec61883 --enable-chromaprint --enable-frei0r --enable-libx264 --enable-shared --libdir=/usr/lib/arm-linux-gnueabihf --cpu=arm1176jzf-s --arch=arm
  WARNING: library configuration mismatch
  avutil      configuration: --prefix=/usr --extra-version=0+deb11u1+rpt1 --toolchain=hardened --incdir=/usr/include/arm-linux-gnueabihf --enable-gpl --disable-stripping --enable-avresample --disable-filter=resample --enable-gnutls --enable-ladspa --enable-libaom --enable-libass --enable-libbluray --enable-libbs2b --enable-libcaca --enable-libcdio --enable-libcodec2 --enable-libdav1d --enable-libflite --enable-libfontconfig --enable-libfreetype --enable-libfribidi --enable-libgme --enable-libgsm --enable-libjack --enable-libmp3lame --enable-libmysofa --enable-libopenjpeg --enable-libopenmpt --enable-libopus --enable-libpulse --enable-librabbitmq --enable-librsvg --enable-librubberband --enable-libshine --enable-libsnappy --enable-libsoxr --enable-libspeex --enable-libsrt --enable-libssh --enable-libtheora --enable-libtwolame --enable-libvidstab --enable-libvorbis --enable-libvpx --enable-libwavpack --enable-libwebp --enable-libx265 --enable-libxml2 --enable-libxvid --enable-libzmq --enable-libzvbi --enable-lv2 --enable-omx --enable-openal --enable-opencl --enable-opengl --enable-sdl2 --enable-mmal --enable-neon --enable-rpi --enable-v4l2-request --enable-libudev --enable-epoxy --enable-pocketsphinx --enable-libdc1394 --enable-libdrm --enable-vout-drm --enable-libiec61883 --enable-chromaprint --enable-frei0r --enable-libx264 --libdir=/usr/lib/arm-linux-gnueabihf/neon/vfp --cpu=cortex-a7 --arch=armv6t2 --disable-thumb --enable-shared --disable-doc --disable-programs
  avcodec     configuration: --prefix=/usr --extra-version=0+deb11u1+rpt1 --toolchain=hardened --incdir=/usr/include/arm-linux-gnueabihf --enable-gpl --disable-stripping --enable-avresample --disable-filter=resample --enable-gnutls --enable-ladspa --enable-libaom --enable-libass --enable-libbluray --enable-libbs2b --enable-libcaca --enable-libcdio --enable-libcodec2 --enable-libdav1d --enable-libflite --enable-libfontconfig --enable-libfreetype --enable-libfribidi --enable-libgme --enable-libgsm --enable-libjack --enable-libmp3lame --enable-libmysofa --enable-libopenjpeg --enable-libopenmpt --enable-libopus --enable-libpulse --enable-librabbitmq --enable-librsvg --enable-librubberband --enable-libshine --enable-libsnappy --enable-libsoxr --enable-libspeex --enable-libsrt --enable-libssh --enable-libtheora --enable-libtwolame --enable-libvidstab --enable-libvorbis --enable-libvpx --enable-libwavpack --enable-libwebp --enable-libx265 --enable-libxml2 --enable-libxvid --enable-libzmq --enable-libzvbi --enable-lv2 --enable-omx --enable-openal --enable-opencl --enable-opengl --enable-sdl2 --enable-mmal --enable-neon --enable-rpi --enable-v4l2-request --enable-libudev --enable-epoxy --enable-pocketsphinx --enable-libdc1394 --enable-libdrm --enable-vout-drm --enable-libiec61883 --enable-chromaprint --enable-frei0r --enable-libx264 --libdir=/usr/lib/arm-linux-gnueabihf/neon/vfp --cpu=cortex-a7 --arch=armv6t2 --disable-thumb --enable-shared --disable-doc --disable-programs
  avformat    configuration: --prefix=/usr --extra-version=0+deb11u1+rpt1 --toolchain=hardened --incdir=/usr/include/arm-linux-gnueabihf --enable-gpl --disable-stripping --enable-avresample --disable-filter=resample --enable-gnutls --enable-ladspa --enable-libaom --enable-libass --enable-libbluray --enable-libbs2b --enable-libcaca --enable-libcdio --enable-libcodec2 --enable-libdav1d --enable-libflite --enable-libfontconfig --enable-libfreetype --enable-libfribidi --enable-libgme --enable-libgsm --enable-libjack --enable-libmp3lame --enable-libmysofa --enable-libopenjpeg --enable-libopenmpt --enable-libopus --enable-libpulse --enable-librabbitmq --enable-librsvg --enable-librubberband --enable-libshine --enable-libsnappy --enable-libsoxr --enable-libspeex --enable-libsrt --enable-libssh --enable-libtheora --enable-libtwolame --enable-libvidstab --enable-libvorbis --enable-libvpx --enable-libwavpack --enable-libwebp --enable-libx265 --enable-libxml2 --enable-libxvid --enable-libzmq --enable-libzvbi --enable-lv2 --enable-omx --enable-openal --enable-opencl --enable-opengl --enable-sdl2 --enable-mmal --enable-neon --enable-rpi --enable-v4l2-request --enable-libudev --enable-epoxy --enable-pocketsphinx --enable-libdc1394 --enable-libdrm --enable-vout-drm --enable-libiec61883 --enable-chromaprint --enable-frei0r --enable-libx264 --libdir=/usr/lib/arm-linux-gnueabihf/neon/vfp --cpu=cortex-a7 --arch=armv6t2 --disable-thumb --enable-shared --disable-doc --disable-programs
  avdevice    configuration: --prefix=/usr --extra-version=0+deb11u1+rpt1 --toolchain=hardened --incdir=/usr/include/arm-linux-gnueabihf --enable-gpl --disable-stripping --enable-avresample --disable-filter=resample --enable-gnutls --enable-ladspa --enable-libaom --enable-libass --enable-libbluray --enable-libbs2b --enable-libcaca --enable-libcdio --enable-libcodec2 --enable-libdav1d --enable-libflite --enable-libfontconfig --enable-libfreetype --enable-libfribidi --enable-libgme --enable-libgsm --enable-libjack --enable-libmp3lame --enable-libmysofa --enable-libopenjpeg --enable-libopenmpt --enable-libopus --enable-libpulse --enable-librabbitmq --enable-librsvg --enable-librubberband --enable-libshine --enable-libsnappy --enable-libsoxr --enable-libspeex --enable-libsrt --enable-libssh --enable-libtheora --enable-libtwolame --enable-libvidstab --enable-libvorbis --enable-libvpx --enable-libwavpack --enable-libwebp --enable-libx265 --enable-libxml2 --enable-libxvid --enable-libzmq --enable-libzvbi --enable-lv2 --enable-omx --enable-openal --enable-opencl --enable-opengl --enable-sdl2 --enable-mmal --enable-neon --enable-rpi --enable-v4l2-request --enable-libudev --enable-epoxy --enable-pocketsphinx --enable-libdc1394 --enable-libdrm --enable-vout-drm --enable-libiec61883 --enable-chromaprint --enable-frei0r --enable-libx264 --libdir=/usr/lib/arm-linux-gnueabihf/neon/vfp --cpu=cortex-a7 --arch=armv6t2 --disable-thumb --enable-shared --disable-doc --disable-programs
  avfilter    configuration: --prefix=/usr --extra-version=0+deb11u1+rpt1 --toolchain=hardened --incdir=/usr/include/arm-linux-gnueabihf --enable-gpl --disable-stripping --enable-avresample --disable-filter=resample --enable-gnutls --enable-ladspa --enable-libaom --enable-libass --enable-libbluray --enable-libbs2b --enable-libcaca --enable-libcdio --enable-libcodec2 --enable-libdav1d --enable-libflite --enable-libfontconfig --enable-libfreetype --enable-libfribidi --enable-libgme --enable-libgsm --enable-libjack --enable-libmp3lame --enable-libmysofa --enable-libopenjpeg --enable-libopenmpt --enable-libopus --enable-libpulse --enable-librabbitmq --enable-librsvg --enable-librubberband --enable-libshine --enable-libsnappy --enable-libsoxr --enable-libspeex --enable-libsrt --enable-libssh --enable-libtheora --enable-libtwolame --enable-libvidstab --enable-libvorbis --enable-libvpx --enable-libwavpack --enable-libwebp --enable-libx265 --enable-libxml2 --enable-libxvid --enable-libzmq --enable-libzvbi --enable-lv2 --enable-omx --enable-openal --enable-opencl --enable-opengl --enable-sdl2 --enable-mmal --enable-neon --enable-rpi --enable-v4l2-request --enable-libudev --enable-epoxy --enable-pocketsphinx --enable-libdc1394 --enable-libdrm --enable-vout-drm --enable-libiec61883 --enable-chromaprint --enable-frei0r --enable-libx264 --libdir=/usr/lib/arm-linux-gnueabihf/neon/vfp --cpu=cortex-a7 --arch=armv6t2 --disable-thumb --enable-shared --disable-doc --disable-programs
  avresample  configuration: --prefix=/usr --extra-version=0+deb11u1+rpt1 --toolchain=hardened --incdir=/usr/include/arm-linux-gnueabihf --enable-gpl --disable-stripping --enable-avresample --disable-filter=resample --enable-gnutls --enable-ladspa --enable-libaom --enable-libass --enable-libbluray --enable-libbs2b --enable-libcaca --enable-libcdio --enable-libcodec2 --enable-libdav1d --enable-libflite --enable-libfontconfig --enable-libfreetype --enable-libfribidi --enable-libgme --enable-libgsm --enable-libjack --enable-libmp3lame --enable-libmysofa --enable-libopenjpeg --enable-libopenmpt --enable-libopus --enable-libpulse --enable-librabbitmq --enable-librsvg --enable-librubberband --enable-libshine --enable-libsnappy --enable-libsoxr --enable-libspeex --enable-libsrt --enable-libssh --enable-libtheora --enable-libtwolame --enable-libvidstab --enable-libvorbis --enable-libvpx --enable-libwavpack --enable-libwebp --enable-libx265 --enable-libxml2 --enable-libxvid --enable-libzmq --enable-libzvbi --enable-lv2 --enable-omx --enable-openal --enable-opencl --enable-opengl --enable-sdl2 --enable-mmal --enable-neon --enable-rpi --enable-v4l2-request --enable-libudev --enable-epoxy --enable-pocketsphinx --enable-libdc1394 --enable-libdrm --enable-vout-drm --enable-libiec61883 --enable-chromaprint --enable-frei0r --enable-libx264 --libdir=/usr/lib/arm-linux-gnueabihf/neon/vfp --cpu=cortex-a7 --arch=armv6t2 --disable-thumb --enable-shared --disable-doc --disable-programs
  swscale     configuration: --prefix=/usr --extra-version=0+deb11u1+rpt1 --toolchain=hardened --incdir=/usr/include/arm-linux-gnueabihf --enable-gpl --disable-stripping --enable-avresample --disable-filter=resample --enable-gnutls --enable-ladspa --enable-libaom --enable-libass --enable-libbluray --enable-libbs2b --enable-libcaca --enable-libcdio --enable-libcodec2 --enable-libdav1d --enable-libflite --enable-libfontconfig --enable-libfreetype --enable-libfribidi --enable-libgme --enable-libgsm --enable-libjack --enable-libmp3lame --enable-libmysofa --enable-libopenjpeg --enable-libopenmpt --enable-libopus --enable-libpulse --enable-librabbitmq --enable-librsvg --enable-librubberband --enable-libshine --enable-libsnappy --enable-libsoxr --enable-libspeex --enable-libsrt --enable-libssh --enable-libtheora --enable-libtwolame --enable-libvidstab --enable-libvorbis --enable-libvpx --enable-libwavpack --enable-libwebp --enable-libx265 --enable-libxml2 --enable-libxvid --enable-libzmq --enable-libzvbi --enable-lv2 --enable-omx --enable-openal --enable-opencl --enable-opengl --enable-sdl2 --enable-mmal --enable-neon --enable-rpi --enable-v4l2-request --enable-libudev --enable-epoxy --enable-pocketsphinx --enable-libdc1394 --enable-libdrm --enable-vout-drm --enable-libiec61883 --enable-chromaprint --enable-frei0r --enable-libx264 --libdir=/usr/lib/arm-linux-gnueabihf/neon/vfp --cpu=cortex-a7 --arch=armv6t2 --disable-thumb --enable-shared --disable-doc --disable-programs
  swresample  configuration: --prefix=/usr --extra-version=0+deb11u1+rpt1 --toolchain=hardened --incdir=/usr/include/arm-linux-gnueabihf --enable-gpl --disable-stripping --enable-avresample --disable-filter=resample --enable-gnutls --enable-ladspa --enable-libaom --enable-libass --enable-libbluray --enable-libbs2b --enable-libcaca --enable-libcdio --enable-libcodec2 --enable-libdav1d --enable-libflite --enable-libfontconfig --enable-libfreetype --enable-libfribidi --enable-libgme --enable-libgsm --enable-libjack --enable-libmp3lame --enable-libmysofa --enable-libopenjpeg --enable-libopenmpt --enable-libopus --enable-libpulse --enable-librabbitmq --enable-librsvg --enable-librubberband --enable-libshine --enable-libsnappy --enable-libsoxr --enable-libspeex --enable-libsrt --enable-libssh --enable-libtheora --enable-libtwolame --enable-libvidstab --enable-libvorbis --enable-libvpx --enable-libwavpack --enable-libwebp --enable-libx265 --enable-libxml2 --enable-libxvid --enable-libzmq --enable-libzvbi --enable-lv2 --enable-omx --enable-openal --enable-opencl --enable-opengl --enable-sdl2 --enable-mmal --enable-neon --enable-rpi --enable-v4l2-request --enable-libudev --enable-epoxy --enable-pocketsphinx --enable-libdc1394 --enable-libdrm --enable-vout-drm --enable-libiec61883 --enable-chromaprint --enable-frei0r --enable-libx264 --libdir=/usr/lib/arm-linux-gnueabihf/neon/vfp --cpu=cortex-a7 --arch=armv6t2 --disable-thumb --enable-shared --disable-doc --disable-programs
  postproc    configuration: --prefix=/usr --extra-version=0+deb11u1+rpt1 --toolchain=hardened --incdir=/usr/include/arm-linux-gnueabihf --enable-gpl --disable-stripping --enable-avresample --disable-filter=resample --enable-gnutls --enable-ladspa --enable-libaom --enable-libass --enable-libbluray --enable-libbs2b --enable-libcaca --enable-libcdio --enable-libcodec2 --enable-libdav1d --enable-libflite --enable-libfontconfig --enable-libfreetype --enable-libfribidi --enable-libgme --enable-libgsm --enable-libjack --enable-libmp3lame --enable-libmysofa --enable-libopenjpeg --enable-libopenmpt --enable-libopus --enable-libpulse --enable-librabbitmq --enable-librsvg --enable-librubberband --enable-libshine --enable-libsnappy --enable-libsoxr --enable-libspeex --enable-libsrt --enable-libssh --enable-libtheora --enable-libtwolame --enable-libvidstab --enable-libvorbis --enable-libvpx --enable-libwavpack --enable-libwebp --enable-libx265 --enable-libxml2 --enable-libxvid --enable-libzmq --enable-libzvbi --enable-lv2 --enable-omx --enable-openal --enable-opencl --enable-opengl --enable-sdl2 --enable-mmal --enable-neon --enable-rpi --enable-v4l2-request --enable-libudev --enable-epoxy --enable-pocketsphinx --enable-libdc1394 --enable-libdrm --enable-vout-drm --enable-libiec61883 --enable-chromaprint --enable-frei0r --enable-libx264 --libdir=/usr/lib/arm-linux-gnueabihf/neon/vfp --cpu=cortex-a7 --arch=armv6t2 --disable-thumb --enable-shared --disable-doc --disable-programs
  libavutil      56. 51.100 / 56. 51.100
  libavcodec     58. 91.100 / 58. 91.100
  libavformat    58. 45.100 / 58. 45.100
  libavdevice    58. 10.100 / 58. 10.100
  libavfilter     7. 85.100 /  7. 85.100
  libavresample   4.  0.  0 /  4.  0.  0
  libswscale      5.  7.100 /  5.  7.100
  libswresample   3.  7.100 /  3.  7.100
  libpostproc    55.  7.100 / 55.  7.100
Input #0, concat, from '/tmp/tmp.I4ocWCCB6Q':
  Duration: N/A, start: 0.000000, bitrate: N/A
    Stream #0:0: Video: mjpeg (Baseline), yuvj420p(pc, bt470bg/unknown/unknown), 640x480 [SAR 96:96 DAR 4:3], 25 tbr, 25 tbn, 25 tbc
Stream mapping:
  Stream #0:0 -> #0:0 (mjpeg (native) -> gif (native))
Press [q] to stop, [?] for help
[swscaler @ 0x20f5fd0] deprecated pixel format used, make sure you did set range correctly
[swscaler @ 0x20f5fd0] No accelerated colorspace conversion found from yuv420p to bgr8.
Output #0, gif, to '/tmp/tmp.rY0KkFjShn.gif':
  Metadata:
    encoder         : Lavf58.45.100
    Stream #0:0: Video: gif, bgr8, 640x480 [SAR 1:1 DAR 4:3], q=2-31, 200 kb/s, 6 fps, 100 tbn, 6 tbc
    Metadata:
      encoder         : Lavc58.91.100 gif
[swscaler @ 0x20f5fd0] deprecated pixel format used, make sure you did set range correctly
[swscaler @ 0x20d96a0] deprecated pixel format used, make sure you did set range correctly
frame=   15 fps=0.0 q=-0.0 size=     512kB time=00:00:02.51 bitrate=1671.0kbits/s speed=4.77x    frame=   17 fps=0.0 q=-0.0 Lsize=     770kB time=00:00:02.84 bitrate=2221.1kbits/s speed=4.26x    
video:770kB audio:0kB subtitle:0kB other streams:0kB global headers:0kB muxing overhead: 0.002537%
[2026-07-30 12:00:03] Rebuilt timelapse.gif
[main ce1fb2e] Daily image: 2026-07-30 12:00:01
 3 files changed, 1 insertion(+)
 create mode 100644 images/2026-07-30.jpg
From github.com:UWIN-Dev/UWIN-Dev.github.io
 * branch            main       -> FETCH_HEAD
Current branch main is up to date.
To github.com:UWIN-Dev/UWIN-Dev.github.io.git
   4874b00..ce1fb2e  main -> main
[2026-07-30 12:00:07] === Successfully pushed 2026-07-30.jpg (and timelapse.gif) to main ===
[2026-07-31 12:00:01] === Starting daily capture for 2026-07-31 ===
[1m--- Opening /dev/video0...
[0m[0mTrying source module v4l2...
[0m[0m/dev/video0 opened.
[0m[0mNo input was specified, using the first.
[0m[1m--- Capturing frame...
[0m[0mSkipping 5 frames...
[0m[0mCapturing 1 frames...
[0m[0mCaptured 6 frames in 0.16 seconds. (38 fps)
[0m[1m--- Processing captured image...
[0m[0mDisabling banner.
[0m[0mSetting output format to JPEG, quality 85
[0m[0mWriting JPEG image to '/home/csic/grow-beyond-earth/images/2026-07-31.jpg'.
[0m[2026-07-31 12:00:03] Captured 2026-07-31.jpg
[2026-07-31 12:00:03] Regenerated manifest.json (entries: 16)
ffmpeg version 4.3.9-0+deb11u1+rpt1 Copyright (c) 2000-2025 the FFmpeg developers
  built with gcc 10 (Raspbian 10.2.1-6+rpi1)
  configuration: --prefix=/usr --extra-version=0+deb11u1+rpt1 --toolchain=hardened --incdir=/usr/include/arm-linux-gnueabihf --enable-gpl --disable-stripping --enable-avresample --disable-filter=resample --enable-gnutls --enable-ladspa --enable-libaom --enable-libass --enable-libbluray --enable-libbs2b --enable-libcaca --enable-libcdio --enable-libcodec2 --enable-libdav1d --enable-libflite --enable-libfontconfig --enable-libfreetype --enable-libfribidi --enable-libgme --enable-libgsm --enable-libjack --enable-libmp3lame --enable-libmysofa --enable-libopenjpeg --enable-libopenmpt --enable-libopus --enable-libpulse --enable-librabbitmq --enable-librsvg --enable-librubberband --enable-libshine --enable-libsnappy --enable-libsoxr --enable-libspeex --enable-libsrt --enable-libssh --enable-libtheora --enable-libtwolame --enable-libvidstab --enable-libvorbis --enable-libvpx --enable-libwavpack --enable-libwebp --enable-libx265 --enable-libxml2 --enable-libxvid --enable-libzmq --enable-libzvbi --enable-lv2 --enable-omx --enable-openal --enable-opencl --enable-opengl --enable-sdl2 --enable-mmal --enable-neon --enable-rpi --enable-v4l2-request --enable-libudev --enable-epoxy --enable-pocketsphinx --enable-libdc1394 --enable-libdrm --enable-vout-drm --enable-libiec61883 --enable-chromaprint --enable-frei0r --enable-libx264 --enable-shared --libdir=/usr/lib/arm-linux-gnueabihf --cpu=arm1176jzf-s --arch=arm
  WARNING: library configuration mismatch
  avutil      configuration: --prefix=/usr --extra-version=0+deb11u1+rpt1 --toolchain=hardened --incdir=/usr/include/arm-linux-gnueabihf --enable-gpl --disable-stripping --enable-avresample --disable-filter=resample --enable-gnutls --enable-ladspa --enable-libaom --enable-libass --enable-libbluray --enable-libbs2b --enable-libcaca --enable-libcdio --enable-libcodec2 --enable-libdav1d --enable-libflite --enable-libfontconfig --enable-libfreetype --enable-libfribidi --enable-libgme --enable-libgsm --enable-libjack --enable-libmp3lame --enable-libmysofa --enable-libopenjpeg --enable-libopenmpt --enable-libopus --enable-libpulse --enable-librabbitmq --enable-librsvg --enable-librubberband --enable-libshine --enable-libsnappy --enable-libsoxr --enable-libspeex --enable-libsrt --enable-libssh --enable-libtheora --enable-libtwolame --enable-libvidstab --enable-libvorbis --enable-libvpx --enable-libwavpack --enable-libwebp --enable-libx265 --enable-libxml2 --enable-libxvid --enable-libzmq --enable-libzvbi --enable-lv2 --enable-omx --enable-openal --enable-opencl --enable-opengl --enable-sdl2 --enable-mmal --enable-neon --enable-rpi --enable-v4l2-request --enable-libudev --enable-epoxy --enable-pocketsphinx --enable-libdc1394 --enable-libdrm --enable-vout-drm --enable-libiec61883 --enable-chromaprint --enable-frei0r --enable-libx264 --libdir=/usr/lib/arm-linux-gnueabihf/neon/vfp --cpu=cortex-a7 --arch=armv6t2 --disable-thumb --enable-shared --disable-doc --disable-programs
  avcodec     configuration: --prefix=/usr --extra-version=0+deb11u1+rpt1 --toolchain=hardened --incdir=/usr/include/arm-linux-gnueabihf --enable-gpl --disable-stripping --enable-avresample --disable-filter=resample --enable-gnutls --enable-ladspa --enable-libaom --enable-libass --enable-libbluray --enable-libbs2b --enable-libcaca --enable-libcdio --enable-libcodec2 --enable-libdav1d --enable-libflite --enable-libfontconfig --enable-libfreetype --enable-libfribidi --enable-libgme --enable-libgsm --enable-libjack --enable-libmp3lame --enable-libmysofa --enable-libopenjpeg --enable-libopenmpt --enable-libopus --enable-libpulse --enable-librabbitmq --enable-librsvg --enable-librubberband --enable-libshine --enable-libsnappy --enable-libsoxr --enable-libspeex --enable-libsrt --enable-libssh --enable-libtheora --enable-libtwolame --enable-libvidstab --enable-libvorbis --enable-libvpx --enable-libwavpack --enable-libwebp --enable-libx265 --enable-libxml2 --enable-libxvid --enable-libzmq --enable-libzvbi --enable-lv2 --enable-omx --enable-openal --enable-opencl --enable-opengl --enable-sdl2 --enable-mmal --enable-neon --enable-rpi --enable-v4l2-request --enable-libudev --enable-epoxy --enable-pocketsphinx --enable-libdc1394 --enable-libdrm --enable-vout-drm --enable-libiec61883 --enable-chromaprint --enable-frei0r --enable-libx264 --libdir=/usr/lib/arm-linux-gnueabihf/neon/vfp --cpu=cortex-a7 --arch=armv6t2 --disable-thumb --enable-shared --disable-doc --disable-programs
  avformat    configuration: --prefix=/usr --extra-version=0+deb11u1+rpt1 --toolchain=hardened --incdir=/usr/include/arm-linux-gnueabihf --enable-gpl --disable-stripping --enable-avresample --disable-filter=resample --enable-gnutls --enable-ladspa --enable-libaom --enable-libass --enable-libbluray --enable-libbs2b --enable-libcaca --enable-libcdio --enable-libcodec2 --enable-libdav1d --enable-libflite --enable-libfontconfig --enable-libfreetype --enable-libfribidi --enable-libgme --enable-libgsm --enable-libjack --enable-libmp3lame --enable-libmysofa --enable-libopenjpeg --enable-libopenmpt --enable-libopus --enable-libpulse --enable-librabbitmq --enable-librsvg --enable-librubberband --enable-libshine --enable-libsnappy --enable-libsoxr --enable-libspeex --enable-libsrt --enable-libssh --enable-libtheora --enable-libtwolame --enable-libvidstab --enable-libvorbis --enable-libvpx --enable-libwavpack --enable-libwebp --enable-libx265 --enable-libxml2 --enable-libxvid --enable-libzmq --enable-libzvbi --enable-lv2 --enable-omx --enable-openal --enable-opencl --enable-opengl --enable-sdl2 --enable-mmal --enable-neon --enable-rpi --enable-v4l2-request --enable-libudev --enable-epoxy --enable-pocketsphinx --enable-libdc1394 --enable-libdrm --enable-vout-drm --enable-libiec61883 --enable-chromaprint --enable-frei0r --enable-libx264 --libdir=/usr/lib/arm-linux-gnueabihf/neon/vfp --cpu=cortex-a7 --arch=armv6t2 --disable-thumb --enable-shared --disable-doc --disable-programs
  avdevice    configuration: --prefix=/usr --extra-version=0+deb11u1+rpt1 --toolchain=hardened --incdir=/usr/include/arm-linux-gnueabihf --enable-gpl --disable-stripping --enable-avresample --disable-filter=resample --enable-gnutls --enable-ladspa --enable-libaom --enable-libass --enable-libbluray --enable-libbs2b --enable-libcaca --enable-libcdio --enable-libcodec2 --enable-libdav1d --enable-libflite --enable-libfontconfig --enable-libfreetype --enable-libfribidi --enable-libgme --enable-libgsm --enable-libjack --enable-libmp3lame --enable-libmysofa --enable-libopenjpeg --enable-libopenmpt --enable-libopus --enable-libpulse --enable-librabbitmq --enable-librsvg --enable-librubberband --enable-libshine --enable-libsnappy --enable-libsoxr --enable-libspeex --enable-libsrt --enable-libssh --enable-libtheora --enable-libtwolame --enable-libvidstab --enable-libvorbis --enable-libvpx --enable-libwavpack --enable-libwebp --enable-libx265 --enable-libxml2 --enable-libxvid --enable-libzmq --enable-libzvbi --enable-lv2 --enable-omx --enable-openal --enable-opencl --enable-opengl --enable-sdl2 --enable-mmal --enable-neon --enable-rpi --enable-v4l2-request --enable-libudev --enable-epoxy --enable-pocketsphinx --enable-libdc1394 --enable-libdrm --enable-vout-drm --enable-libiec61883 --enable-chromaprint --enable-frei0r --enable-libx264 --libdir=/usr/lib/arm-linux-gnueabihf/neon/vfp --cpu=cortex-a7 --arch=armv6t2 --disable-thumb --enable-shared --disable-doc --disable-programs
  avfilter    configuration: --prefix=/usr --extra-version=0+deb11u1+rpt1 --toolchain=hardened --incdir=/usr/include/arm-linux-gnueabihf --enable-gpl --disable-stripping --enable-avresample --disable-filter=resample --enable-gnutls --enable-ladspa --enable-libaom --enable-libass --enable-libbluray --enable-libbs2b --enable-libcaca --enable-libcdio --enable-libcodec2 --enable-libdav1d --enable-libflite --enable-libfontconfig --enable-libfreetype --enable-libfribidi --enable-libgme --enable-libgsm --enable-libjack --enable-libmp3lame --enable-libmysofa --enable-libopenjpeg --enable-libopenmpt --enable-libopus --enable-libpulse --enable-librabbitmq --enable-librsvg --enable-librubberband --enable-libshine --enable-libsnappy --enable-libsoxr --enable-libspeex --enable-libsrt --enable-libssh --enable-libtheora --enable-libtwolame --enable-libvidstab --enable-libvorbis --enable-libvpx --enable-libwavpack --enable-libwebp --enable-libx265 --enable-libxml2 --enable-libxvid --enable-libzmq --enable-libzvbi --enable-lv2 --enable-omx --enable-openal --enable-opencl --enable-opengl --enable-sdl2 --enable-mmal --enable-neon --enable-rpi --enable-v4l2-request --enable-libudev --enable-epoxy --enable-pocketsphinx --enable-libdc1394 --enable-libdrm --enable-vout-drm --enable-libiec61883 --enable-chromaprint --enable-frei0r --enable-libx264 --libdir=/usr/lib/arm-linux-gnueabihf/neon/vfp --cpu=cortex-a7 --arch=armv6t2 --disable-thumb --enable-shared --disable-doc --disable-programs
  avresample  configuration: --prefix=/usr --extra-version=0+deb11u1+rpt1 --toolchain=hardened --incdir=/usr/include/arm-linux-gnueabihf --enable-gpl --disable-stripping --enable-avresample --disable-filter=resample --enable-gnutls --enable-ladspa --enable-libaom --enable-libass --enable-libbluray --enable-libbs2b --enable-libcaca --enable-libcdio --enable-libcodec2 --enable-libdav1d --enable-libflite --enable-libfontconfig --enable-libfreetype --enable-libfribidi --enable-libgme --enable-libgsm --enable-libjack --enable-libmp3lame --enable-libmysofa --enable-libopenjpeg --enable-libopenmpt --enable-libopus --enable-libpulse --enable-librabbitmq --enable-librsvg --enable-librubberband --enable-libshine --enable-libsnappy --enable-libsoxr --enable-libspeex --enable-libsrt --enable-libssh --enable-libtheora --enable-libtwolame --enable-libvidstab --enable-libvorbis --enable-libvpx --enable-libwavpack --enable-libwebp --enable-libx265 --enable-libxml2 --enable-libxvid --enable-libzmq --enable-libzvbi --enable-lv2 --enable-omx --enable-openal --enable-opencl --enable-opengl --enable-sdl2 --enable-mmal --enable-neon --enable-rpi --enable-v4l2-request --enable-libudev --enable-epoxy --enable-pocketsphinx --enable-libdc1394 --enable-libdrm --enable-vout-drm --enable-libiec61883 --enable-chromaprint --enable-frei0r --enable-libx264 --libdir=/usr/lib/arm-linux-gnueabihf/neon/vfp --cpu=cortex-a7 --arch=armv6t2 --disable-thumb --enable-shared --disable-doc --disable-programs
  swscale     configuration: --prefix=/usr --extra-version=0+deb11u1+rpt1 --toolchain=hardened --incdir=/usr/include/arm-linux-gnueabihf --enable-gpl --disable-stripping --enable-avresample --disable-filter=resample --enable-gnutls --enable-ladspa --enable-libaom --enable-libass --enable-libbluray --enable-libbs2b --enable-libcaca --enable-libcdio --enable-libcodec2 --enable-libdav1d --enable-libflite --enable-libfontconfig --enable-libfreetype --enable-libfribidi --enable-libgme --enable-libgsm --enable-libjack --enable-libmp3lame --enable-libmysofa --enable-libopenjpeg --enable-libopenmpt --enable-libopus --enable-libpulse --enable-librabbitmq --enable-librsvg --enable-librubberband --enable-libshine --enable-libsnappy --enable-libsoxr --enable-libspeex --enable-libsrt --enable-libssh --enable-libtheora --enable-libtwolame --enable-libvidstab --enable-libvorbis --enable-libvpx --enable-libwavpack --enable-libwebp --enable-libx265 --enable-libxml2 --enable-libxvid --enable-libzmq --enable-libzvbi --enable-lv2 --enable-omx --enable-openal --enable-opencl --enable-opengl --enable-sdl2 --enable-mmal --enable-neon --enable-rpi --enable-v4l2-request --enable-libudev --enable-epoxy --enable-pocketsphinx --enable-libdc1394 --enable-libdrm --enable-vout-drm --enable-libiec61883 --enable-chromaprint --enable-frei0r --enable-libx264 --libdir=/usr/lib/arm-linux-gnueabihf/neon/vfp --cpu=cortex-a7 --arch=armv6t2 --disable-thumb --enable-shared --disable-doc --disable-programs
  swresample  configuration: --prefix=/usr --extra-version=0+deb11u1+rpt1 --toolchain=hardened --incdir=/usr/include/arm-linux-gnueabihf --enable-gpl --disable-stripping --enable-avresample --disable-filter=resample --enable-gnutls --enable-ladspa --enable-libaom --enable-libass --enable-libbluray --enable-libbs2b --enable-libcaca --enable-libcdio --enable-libcodec2 --enable-libdav1d --enable-libflite --enable-libfontconfig --enable-libfreetype --enable-libfribidi --enable-libgme --enable-libgsm --enable-libjack --enable-libmp3lame --enable-libmysofa --enable-libopenjpeg --enable-libopenmpt --enable-libopus --enable-libpulse --enable-librabbitmq --enable-librsvg --enable-librubberband --enable-libshine --enable-libsnappy --enable-libsoxr --enable-libspeex --enable-libsrt --enable-libssh --enable-libtheora --enable-libtwolame --enable-libvidstab --enable-libvorbis --enable-libvpx --enable-libwavpack --enable-libwebp --enable-libx265 --enable-libxml2 --enable-libxvid --enable-libzmq --enable-libzvbi --enable-lv2 --enable-omx --enable-openal --enable-opencl --enable-opengl --enable-sdl2 --enable-mmal --enable-neon --enable-rpi --enable-v4l2-request --enable-libudev --enable-epoxy --enable-pocketsphinx --enable-libdc1394 --enable-libdrm --enable-vout-drm --enable-libiec61883 --enable-chromaprint --enable-frei0r --enable-libx264 --libdir=/usr/lib/arm-linux-gnueabihf/neon/vfp --cpu=cortex-a7 --arch=armv6t2 --disable-thumb --enable-shared --disable-doc --disable-programs
  postproc    configuration: --prefix=/usr --extra-version=0+deb11u1+rpt1 --toolchain=hardened --incdir=/usr/include/arm-linux-gnueabihf --enable-gpl --disable-stripping --enable-avresample --disable-filter=resample --enable-gnutls --enable-ladspa --enable-libaom --enable-libass --enable-libbluray --enable-libbs2b --enable-libcaca --enable-libcdio --enable-libcodec2 --enable-libdav1d --enable-libflite --enable-libfontconfig --enable-libfreetype --enable-libfribidi --enable-libgme --enable-libgsm --enable-libjack --enable-libmp3lame --enable-libmysofa --enable-libopenjpeg --enable-libopenmpt --enable-libopus --enable-libpulse --enable-librabbitmq --enable-librsvg --enable-librubberband --enable-libshine --enable-libsnappy --enable-libsoxr --enable-libspeex --enable-libsrt --enable-libssh --enable-libtheora --enable-libtwolame --enable-libvidstab --enable-libvorbis --enable-libvpx --enable-libwavpack --enable-libwebp --enable-libx265 --enable-libxml2 --enable-libxvid --enable-libzmq --enable-libzvbi --enable-lv2 --enable-omx --enable-openal --enable-opencl --enable-opengl --enable-sdl2 --enable-mmal --enable-neon --enable-rpi --enable-v4l2-request --enable-libudev --enable-epoxy --enable-pocketsphinx --enable-libdc1394 --enable-libdrm --enable-vout-drm --enable-libiec61883 --enable-chromaprint --enable-frei0r --enable-libx264 --libdir=/usr/lib/arm-linux-gnueabihf/neon/vfp --cpu=cortex-a7 --arch=armv6t2 --disable-thumb --enable-shared --disable-doc --disable-programs
  libavutil      56. 51.100 / 56. 51.100
  libavcodec     58. 91.100 / 58. 91.100
  libavformat    58. 45.100 / 58. 45.100
  libavdevice    58. 10.100 / 58. 10.100
  libavfilter     7. 85.100 /  7. 85.100
  libavresample   4.  0.  0 /  4.  0.  0
  libswscale      5.  7.100 /  5.  7.100
  libswresample   3.  7.100 /  3.  7.100
  libpostproc    55.  7.100 / 55.  7.100
Input #0, concat, from '/tmp/tmp.OqR2detT4d':
  Duration: N/A, start: 0.000000, bitrate: N/A
    Stream #0:0: Video: mjpeg (Baseline), yuvj420p(pc, bt470bg/unknown/unknown), 640x480 [SAR 96:96 DAR 4:3], 25 tbr, 25 tbn, 25 tbc
Stream mapping:
  Stream #0:0 -> #0:0 (mjpeg (native) -> gif (native))
Press [q] to stop, [?] for help
[swscaler @ 0xf65490] deprecated pixel format used, make sure you did set range correctly
[swscaler @ 0xf65490] No accelerated colorspace conversion found from yuv420p to bgr8.
Output #0, gif, to '/tmp/tmp.I8Qh91zXHJ.gif':
  Metadata:
    encoder         : Lavf58.45.100
    Stream #0:0: Video: gif, bgr8, 640x480 [SAR 1:1 DAR 4:3], q=2-31, 200 kb/s, 6 fps, 100 tbn, 6 tbc
    Metadata:
      encoder         : Lavc58.91.100 gif
[swscaler @ 0xf65490] deprecated pixel format used, make sure you did set range correctly
[swscaler @ 0xf49060] deprecated pixel format used, make sure you did set range correctly
frame=   15 fps=0.0 q=-0.0 size=     512kB time=00:00:02.51 bitrate=1671.0kbits/s speed=4.81x    frame=   18 fps=0.0 q=-0.0 Lsize=     817kB time=00:00:03.01 bitrate=2224.5kbits/s speed=4.29x    
video:817kB audio:0kB subtitle:0kB other streams:0kB global headers:0kB muxing overhead: 0.002390%
[2026-07-31 12:00:04] Rebuilt timelapse.gif
[main 5e0482c] Daily image: 2026-07-31 12:00:01
 3 files changed, 1 insertion(+)
 create mode 100644 images/2026-07-31.jpg
From github.com:UWIN-Dev/UWIN-Dev.github.io
 * branch            main       -> FETCH_HEAD
Current branch main is up to date.
To github.com:UWIN-Dev/UWIN-Dev.github.io.git
   ce1fb2e..5e0482c  main -> main
[2026-07-31 12:00:08] === Successfully pushed 2026-07-31.jpg (and timelapse.gif) to main ===
[2026-08-01 12:00:01] === Starting daily capture for 2026-08-01 ===
[1m--- Opening /dev/video0...
[0m[0mTrying source module v4l2...
[0m[0m/dev/video0 opened.
[0m[0mNo input was specified, using the first.
[0m[1m--- Capturing frame...
[0m[0mSkipping 5 frames...
[0m[0mCapturing 1 frames...
[0m[0mCaptured 6 frames in 0.16 seconds. (38 fps)
[0m[1m--- Processing captured image...
[0m[0mDisabling banner.
[0m[0mSetting output format to JPEG, quality 85
[0m[0mWriting JPEG image to '/home/csic/grow-beyond-earth/images/2026-08-01.jpg'.
[0m[2026-08-01 12:00:02] Captured 2026-08-01.jpg
[2026-08-01 12:00:02] Regenerated manifest.json (entries: 17)
ffmpeg version 4.3.9-0+deb11u1+rpt1 Copyright (c) 2000-2025 the FFmpeg developers
  built with gcc 10 (Raspbian 10.2.1-6+rpi1)
  configuration: --prefix=/usr --extra-version=0+deb11u1+rpt1 --toolchain=hardened --incdir=/usr/include/arm-linux-gnueabihf --enable-gpl --disable-stripping --enable-avresample --disable-filter=resample --enable-gnutls --enable-ladspa --enable-libaom --enable-libass --enable-libbluray --enable-libbs2b --enable-libcaca --enable-libcdio --enable-libcodec2 --enable-libdav1d --enable-libflite --enable-libfontconfig --enable-libfreetype --enable-libfribidi --enable-libgme --enable-libgsm --enable-libjack --enable-libmp3lame --enable-libmysofa --enable-libopenjpeg --enable-libopenmpt --enable-libopus --enable-libpulse --enable-librabbitmq --enable-librsvg --enable-librubberband --enable-libshine --enable-libsnappy --enable-libsoxr --enable-libspeex --enable-libsrt --enable-libssh --enable-libtheora --enable-libtwolame --enable-libvidstab --enable-libvorbis --enable-libvpx --enable-libwavpack --enable-libwebp --enable-libx265 --enable-libxml2 --enable-libxvid --enable-libzmq --enable-libzvbi --enable-lv2 --enable-omx --enable-openal --enable-opencl --enable-opengl --enable-sdl2 --enable-mmal --enable-neon --enable-rpi --enable-v4l2-request --enable-libudev --enable-epoxy --enable-pocketsphinx --enable-libdc1394 --enable-libdrm --enable-vout-drm --enable-libiec61883 --enable-chromaprint --enable-frei0r --enable-libx264 --enable-shared --libdir=/usr/lib/arm-linux-gnueabihf --cpu=arm1176jzf-s --arch=arm
  WARNING: library configuration mismatch
  avutil      configuration: --prefix=/usr --extra-version=0+deb11u1+rpt1 --toolchain=hardened --incdir=/usr/include/arm-linux-gnueabihf --enable-gpl --disable-stripping --enable-avresample --disable-filter=resample --enable-gnutls --enable-ladspa --enable-libaom --enable-libass --enable-libbluray --enable-libbs2b --enable-libcaca --enable-libcdio --enable-libcodec2 --enable-libdav1d --enable-libflite --enable-libfontconfig --enable-libfreetype --enable-libfribidi --enable-libgme --enable-libgsm --enable-libjack --enable-libmp3lame --enable-libmysofa --enable-libopenjpeg --enable-libopenmpt --enable-libopus --enable-libpulse --enable-librabbitmq --enable-librsvg --enable-librubberband --enable-libshine --enable-libsnappy --enable-libsoxr --enable-libspeex --enable-libsrt --enable-libssh --enable-libtheora --enable-libtwolame --enable-libvidstab --enable-libvorbis --enable-libvpx --enable-libwavpack --enable-libwebp --enable-libx265 --enable-libxml2 --enable-libxvid --enable-libzmq --enable-libzvbi --enable-lv2 --enable-omx --enable-openal --enable-opencl --enable-opengl --enable-sdl2 --enable-mmal --enable-neon --enable-rpi --enable-v4l2-request --enable-libudev --enable-epoxy --enable-pocketsphinx --enable-libdc1394 --enable-libdrm --enable-vout-drm --enable-libiec61883 --enable-chromaprint --enable-frei0r --enable-libx264 --libdir=/usr/lib/arm-linux-gnueabihf/neon/vfp --cpu=cortex-a7 --arch=armv6t2 --disable-thumb --enable-shared --disable-doc --disable-programs
  avcodec     configuration: --prefix=/usr --extra-version=0+deb11u1+rpt1 --toolchain=hardened --incdir=/usr/include/arm-linux-gnueabihf --enable-gpl --disable-stripping --enable-avresample --disable-filter=resample --enable-gnutls --enable-ladspa --enable-libaom --enable-libass --enable-libbluray --enable-libbs2b --enable-libcaca --enable-libcdio --enable-libcodec2 --enable-libdav1d --enable-libflite --enable-libfontconfig --enable-libfreetype --enable-libfribidi --enable-libgme --enable-libgsm --enable-libjack --enable-libmp3lame --enable-libmysofa --enable-libopenjpeg --enable-libopenmpt --enable-libopus --enable-libpulse --enable-librabbitmq --enable-librsvg --enable-librubberband --enable-libshine --enable-libsnappy --enable-libsoxr --enable-libspeex --enable-libsrt --enable-libssh --enable-libtheora --enable-libtwolame --enable-libvidstab --enable-libvorbis --enable-libvpx --enable-libwavpack --enable-libwebp --enable-libx265 --enable-libxml2 --enable-libxvid --enable-libzmq --enable-libzvbi --enable-lv2 --enable-omx --enable-openal --enable-opencl --enable-opengl --enable-sdl2 --enable-mmal --enable-neon --enable-rpi --enable-v4l2-request --enable-libudev --enable-epoxy --enable-pocketsphinx --enable-libdc1394 --enable-libdrm --enable-vout-drm --enable-libiec61883 --enable-chromaprint --enable-frei0r --enable-libx264 --libdir=/usr/lib/arm-linux-gnueabihf/neon/vfp --cpu=cortex-a7 --arch=armv6t2 --disable-thumb --enable-shared --disable-doc --disable-programs
  avformat    configuration: --prefix=/usr --extra-version=0+deb11u1+rpt1 --toolchain=hardened --incdir=/usr/include/arm-linux-gnueabihf --enable-gpl --disable-stripping --enable-avresample --disable-filter=resample --enable-gnutls --enable-ladspa --enable-libaom --enable-libass --enable-libbluray --enable-libbs2b --enable-libcaca --enable-libcdio --enable-libcodec2 --enable-libdav1d --enable-libflite --enable-libfontconfig --enable-libfreetype --enable-libfribidi --enable-libgme --enable-libgsm --enable-libjack --enable-libmp3lame --enable-libmysofa --enable-libopenjpeg --enable-libopenmpt --enable-libopus --enable-libpulse --enable-librabbitmq --enable-librsvg --enable-librubberband --enable-libshine --enable-libsnappy --enable-libsoxr --enable-libspeex --enable-libsrt --enable-libssh --enable-libtheora --enable-libtwolame --enable-libvidstab --enable-libvorbis --enable-libvpx --enable-libwavpack --enable-libwebp --enable-libx265 --enable-libxml2 --enable-libxvid --enable-libzmq --enable-libzvbi --enable-lv2 --enable-omx --enable-openal --enable-opencl --enable-opengl --enable-sdl2 --enable-mmal --enable-neon --enable-rpi --enable-v4l2-request --enable-libudev --enable-epoxy --enable-pocketsphinx --enable-libdc1394 --enable-libdrm --enable-vout-drm --enable-libiec61883 --enable-chromaprint --enable-frei0r --enable-libx264 --libdir=/usr/lib/arm-linux-gnueabihf/neon/vfp --cpu=cortex-a7 --arch=armv6t2 --disable-thumb --enable-shared --disable-doc --disable-programs
  avdevice    configuration: --prefix=/usr --extra-version=0+deb11u1+rpt1 --toolchain=hardened --incdir=/usr/include/arm-linux-gnueabihf --enable-gpl --disable-stripping --enable-avresample --disable-filter=resample --enable-gnutls --enable-ladspa --enable-libaom --enable-libass --enable-libbluray --enable-libbs2b --enable-libcaca --enable-libcdio --enable-libcodec2 --enable-libdav1d --enable-libflite --enable-libfontconfig --enable-libfreetype --enable-libfribidi --enable-libgme --enable-libgsm --enable-libjack --enable-libmp3lame --enable-libmysofa --enable-libopenjpeg --enable-libopenmpt --enable-libopus --enable-libpulse --enable-librabbitmq --enable-librsvg --enable-librubberband --enable-libshine --enable-libsnappy --enable-libsoxr --enable-libspeex --enable-libsrt --enable-libssh --enable-libtheora --enable-libtwolame --enable-libvidstab --enable-libvorbis --enable-libvpx --enable-libwavpack --enable-libwebp --enable-libx265 --enable-libxml2 --enable-libxvid --enable-libzmq --enable-libzvbi --enable-lv2 --enable-omx --enable-openal --enable-opencl --enable-opengl --enable-sdl2 --enable-mmal --enable-neon --enable-rpi --enable-v4l2-request --enable-libudev --enable-epoxy --enable-pocketsphinx --enable-libdc1394 --enable-libdrm --enable-vout-drm --enable-libiec61883 --enable-chromaprint --enable-frei0r --enable-libx264 --libdir=/usr/lib/arm-linux-gnueabihf/neon/vfp --cpu=cortex-a7 --arch=armv6t2 --disable-thumb --enable-shared --disable-doc --disable-programs
  avfilter    configuration: --prefix=/usr --extra-version=0+deb11u1+rpt1 --toolchain=hardened --incdir=/usr/include/arm-linux-gnueabihf --enable-gpl --disable-stripping --enable-avresample --disable-filter=resample --enable-gnutls --enable-ladspa --enable-libaom --enable-libass --enable-libbluray --enable-libbs2b --enable-libcaca --enable-libcdio --enable-libcodec2 --enable-libdav1d --enable-libflite --enable-libfontconfig --enable-libfreetype --enable-libfribidi --enable-libgme --enable-libgsm --enable-libjack --enable-libmp3lame --enable-libmysofa --enable-libopenjpeg --enable-libopenmpt --enable-libopus --enable-libpulse --enable-librabbitmq --enable-librsvg --enable-librubberband --enable-libshine --enable-libsnappy --enable-libsoxr --enable-libspeex --enable-libsrt --enable-libssh --enable-libtheora --enable-libtwolame --enable-libvidstab --enable-libvorbis --enable-libvpx --enable-libwavpack --enable-libwebp --enable-libx265 --enable-libxml2 --enable-libxvid --enable-libzmq --enable-libzvbi --enable-lv2 --enable-omx --enable-openal --enable-opencl --enable-opengl --enable-sdl2 --enable-mmal --enable-neon --enable-rpi --enable-v4l2-request --enable-libudev --enable-epoxy --enable-pocketsphinx --enable-libdc1394 --enable-libdrm --enable-vout-drm --enable-libiec61883 --enable-chromaprint --enable-frei0r --enable-libx264 --libdir=/usr/lib/arm-linux-gnueabihf/neon/vfp --cpu=cortex-a7 --arch=armv6t2 --disable-thumb --enable-shared --disable-doc --disable-programs
  avresample  configuration: --prefix=/usr --extra-version=0+deb11u1+rpt1 --toolchain=hardened --incdir=/usr/include/arm-linux-gnueabihf --enable-gpl --disable-stripping --enable-avresample --disable-filter=resample --enable-gnutls --enable-ladspa --enable-libaom --enable-libass --enable-libbluray --enable-libbs2b --enable-libcaca --enable-libcdio --enable-libcodec2 --enable-libdav1d --enable-libflite --enable-libfontconfig --enable-libfreetype --enable-libfribidi --enable-libgme --enable-libgsm --enable-libjack --enable-libmp3lame --enable-libmysofa --enable-libopenjpeg --enable-libopenmpt --enable-libopus --enable-libpulse --enable-librabbitmq --enable-librsvg --enable-librubberband --enable-libshine --enable-libsnappy --enable-libsoxr --enable-libspeex --enable-libsrt --enable-libssh --enable-libtheora --enable-libtwolame --enable-libvidstab --enable-libvorbis --enable-libvpx --enable-libwavpack --enable-libwebp --enable-libx265 --enable-libxml2 --enable-libxvid --enable-libzmq --enable-libzvbi --enable-lv2 --enable-omx --enable-openal --enable-opencl --enable-opengl --enable-sdl2 --enable-mmal --enable-neon --enable-rpi --enable-v4l2-request --enable-libudev --enable-epoxy --enable-pocketsphinx --enable-libdc1394 --enable-libdrm --enable-vout-drm --enable-libiec61883 --enable-chromaprint --enable-frei0r --enable-libx264 --libdir=/usr/lib/arm-linux-gnueabihf/neon/vfp --cpu=cortex-a7 --arch=armv6t2 --disable-thumb --enable-shared --disable-doc --disable-programs
  swscale     configuration: --prefix=/usr --extra-version=0+deb11u1+rpt1 --toolchain=hardened --incdir=/usr/include/arm-linux-gnueabihf --enable-gpl --disable-stripping --enable-avresample --disable-filter=resample --enable-gnutls --enable-ladspa --enable-libaom --enable-libass --enable-libbluray --enable-libbs2b --enable-libcaca --enable-libcdio --enable-libcodec2 --enable-libdav1d --enable-libflite --enable-libfontconfig --enable-libfreetype --enable-libfribidi --enable-libgme --enable-libgsm --enable-libjack --enable-libmp3lame --enable-libmysofa --enable-libopenjpeg --enable-libopenmpt --enable-libopus --enable-libpulse --enable-librabbitmq --enable-librsvg --enable-librubberband --enable-libshine --enable-libsnappy --enable-libsoxr --enable-libspeex --enable-libsrt --enable-libssh --enable-libtheora --enable-libtwolame --enable-libvidstab --enable-libvorbis --enable-libvpx --enable-libwavpack --enable-libwebp --enable-libx265 --enable-libxml2 --enable-libxvid --enable-libzmq --enable-libzvbi --enable-lv2 --enable-omx --enable-openal --enable-opencl --enable-opengl --enable-sdl2 --enable-mmal --enable-neon --enable-rpi --enable-v4l2-request --enable-libudev --enable-epoxy --enable-pocketsphinx --enable-libdc1394 --enable-libdrm --enable-vout-drm --enable-libiec61883 --enable-chromaprint --enable-frei0r --enable-libx264 --libdir=/usr/lib/arm-linux-gnueabihf/neon/vfp --cpu=cortex-a7 --arch=armv6t2 --disable-thumb --enable-shared --disable-doc --disable-programs
  swresample  configuration: --prefix=/usr --extra-version=0+deb11u1+rpt1 --toolchain=hardened --incdir=/usr/include/arm-linux-gnueabihf --enable-gpl --disable-stripping --enable-avresample --disable-filter=resample --enable-gnutls --enable-ladspa --enable-libaom --enable-libass --enable-libbluray --enable-libbs2b --enable-libcaca --enable-libcdio --enable-libcodec2 --enable-libdav1d --enable-libflite --enable-libfontconfig --enable-libfreetype --enable-libfribidi --enable-libgme --enable-libgsm --enable-libjack --enable-libmp3lame --enable-libmysofa --enable-libopenjpeg --enable-libopenmpt --enable-libopus --enable-libpulse --enable-librabbitmq --enable-librsvg --enable-librubberband --enable-libshine --enable-libsnappy --enable-libsoxr --enable-libspeex --enable-libsrt --enable-libssh --enable-libtheora --enable-libtwolame --enable-libvidstab --enable-libvorbis --enable-libvpx --enable-libwavpack --enable-libwebp --enable-libx265 --enable-libxml2 --enable-libxvid --enable-libzmq --enable-libzvbi --enable-lv2 --enable-omx --enable-openal --enable-opencl --enable-opengl --enable-sdl2 --enable-mmal --enable-neon --enable-rpi --enable-v4l2-request --enable-libudev --enable-epoxy --enable-pocketsphinx --enable-libdc1394 --enable-libdrm --enable-vout-drm --enable-libiec61883 --enable-chromaprint --enable-frei0r --enable-libx264 --libdir=/usr/lib/arm-linux-gnueabihf/neon/vfp --cpu=cortex-a7 --arch=armv6t2 --disable-thumb --enable-shared --disable-doc --disable-programs
  postproc    configuration: --prefix=/usr --extra-version=0+deb11u1+rpt1 --toolchain=hardened --incdir=/usr/include/arm-linux-gnueabihf --enable-gpl --disable-stripping --enable-avresample --disable-filter=resample --enable-gnutls --enable-ladspa --enable-libaom --enable-libass --enable-libbluray --enable-libbs2b --enable-libcaca --enable-libcdio --enable-libcodec2 --enable-libdav1d --enable-libflite --enable-libfontconfig --enable-libfreetype --enable-libfribidi --enable-libgme --enable-libgsm --enable-libjack --enable-libmp3lame --enable-libmysofa --enable-libopenjpeg --enable-libopenmpt --enable-libopus --enable-libpulse --enable-librabbitmq --enable-librsvg --enable-librubberband --enable-libshine --enable-libsnappy --enable-libsoxr --enable-libspeex --enable-libsrt --enable-libssh --enable-libtheora --enable-libtwolame --enable-libvidstab --enable-libvorbis --enable-libvpx --enable-libwavpack --enable-libwebp --enable-libx265 --enable-libxml2 --enable-libxvid --enable-libzmq --enable-libzvbi --enable-lv2 --enable-omx --enable-openal --enable-opencl --enable-opengl --enable-sdl2 --enable-mmal --enable-neon --enable-rpi --enable-v4l2-request --enable-libudev --enable-epoxy --enable-pocketsphinx --enable-libdc1394 --enable-libdrm --enable-vout-drm --enable-libiec61883 --enable-chromaprint --enable-frei0r --enable-libx264 --libdir=/usr/lib/arm-linux-gnueabihf/neon/vfp --cpu=cortex-a7 --arch=armv6t2 --disable-thumb --enable-shared --disable-doc --disable-programs
  libavutil      56. 51.100 / 56. 51.100
  libavcodec     58. 91.100 / 58. 91.100
  libavformat    58. 45.100 / 58. 45.100
  libavdevice    58. 10.100 / 58. 10.100
  libavfilter     7. 85.100 /  7. 85.100
  libavresample   4.  0.  0 /  4.  0.  0
  libswscale      5.  7.100 /  5.  7.100
  libswresample   3.  7.100 /  3.  7.100
  libpostproc    55.  7.100 / 55.  7.100
Input #0, concat, from '/tmp/tmp.qTn7ORBgst':
  Duration: N/A, start: 0.000000, bitrate: N/A
    Stream #0:0: Video: mjpeg (Baseline), yuvj420p(pc, bt470bg/unknown/unknown), 640x480 [SAR 96:96 DAR 4:3], 25 tbr, 25 tbn, 25 tbc
Stream mapping:
  Stream #0:0 -> #0:0 (mjpeg (native) -> gif (native))
Press [q] to stop, [?] for help
[swscaler @ 0x21be530] deprecated pixel format used, make sure you did set range correctly
[swscaler @ 0x21be530] No accelerated colorspace conversion found from yuv420p to bgr8.
Output #0, gif, to '/tmp/tmp.14mCecHnoD.gif':
  Metadata:
    encoder         : Lavf58.45.100
    Stream #0:0: Video: gif, bgr8, 640x480 [SAR 1:1 DAR 4:3], q=2-31, 200 kb/s, 6 fps, 100 tbn, 6 tbc
    Metadata:
      encoder         : Lavc58.91.100 gif
[swscaler @ 0x21be530] deprecated pixel format used, make sure you did set range correctly
[swscaler @ 0x21a4180] deprecated pixel format used, make sure you did set range correctly
frame=   15 fps=0.0 q=-0.0 size=     512kB time=00:00:02.51 bitrate=1671.0kbits/s speed=4.82x    frame=   20 fps=0.0 q=-0.0 Lsize=     855kB time=00:00:03.34 bitrate=2098.0kbits/s speed=4.39x    
video:855kB audio:0kB subtitle:0kB other streams:0kB global headers:0kB muxing overhead: 0.002283%
[2026-08-01 12:00:03] Rebuilt timelapse.gif
[main 16c4adc] Daily image: 2026-08-01 12:00:01
 3 files changed, 1 insertion(+)
 create mode 100644 images/2026-08-01.jpg
From github.com:UWIN-Dev/UWIN-Dev.github.io
 * branch            main       -> FETCH_HEAD
Current branch main is up to date.
To github.com:UWIN-Dev/UWIN-Dev.github.io.git
   5e0482c..16c4adc  main -> main
[2026-08-01 12:00:06] === Successfully pushed 2026-08-01.jpg (and timelapse.gif) to main ===
[2026-08-02 12:00:01] === Starting daily capture for 2026-08-02 ===
[1m--- Opening /dev/video0...
[0m[0mTrying source module v4l2...
[0m[0m/dev/video0 opened.
[0m[0mNo input was specified, using the first.
[0m[1m--- Capturing frame...
[0m[0mSkipping 5 frames...
[0m[0mCapturing 1 frames...
[0m[0mCaptured 6 frames in 0.16 seconds. (38 fps)
[0m[1m--- Processing captured image...
[0m[0mDisabling banner.
[0m[0mSetting output format to JPEG, quality 85
[0m[0mWriting JPEG image to '/home/csic/grow-beyond-earth/images/2026-08-02.jpg'.
[0m[2026-08-02 12:00:03] Captured 2026-08-02.jpg
[2026-08-02 12:00:03] Regenerated manifest.json (entries: 18)
ffmpeg version 4.3.9-0+deb11u1+rpt1 Copyright (c) 2000-2025 the FFmpeg developers
  built with gcc 10 (Raspbian 10.2.1-6+rpi1)
  configuration: --prefix=/usr --extra-version=0+deb11u1+rpt1 --toolchain=hardened --incdir=/usr/include/arm-linux-gnueabihf --enable-gpl --disable-stripping --enable-avresample --disable-filter=resample --enable-gnutls --enable-ladspa --enable-libaom --enable-libass --enable-libbluray --enable-libbs2b --enable-libcaca --enable-libcdio --enable-libcodec2 --enable-libdav1d --enable-libflite --enable-libfontconfig --enable-libfreetype --enable-libfribidi --enable-libgme --enable-libgsm --enable-libjack --enable-libmp3lame --enable-libmysofa --enable-libopenjpeg --enable-libopenmpt --enable-libopus --enable-libpulse --enable-librabbitmq --enable-librsvg --enable-librubberband --enable-libshine --enable-libsnappy --enable-libsoxr --enable-libspeex --enable-libsrt --enable-libssh --enable-libtheora --enable-libtwolame --enable-libvidstab --enable-libvorbis --enable-libvpx --enable-libwavpack --enable-libwebp --enable-libx265 --enable-libxml2 --enable-libxvid --enable-libzmq --enable-libzvbi --enable-lv2 --enable-omx --enable-openal --enable-opencl --enable-opengl --enable-sdl2 --enable-mmal --enable-neon --enable-rpi --enable-v4l2-request --enable-libudev --enable-epoxy --enable-pocketsphinx --enable-libdc1394 --enable-libdrm --enable-vout-drm --enable-libiec61883 --enable-chromaprint --enable-frei0r --enable-libx264 --enable-shared --libdir=/usr/lib/arm-linux-gnueabihf --cpu=arm1176jzf-s --arch=arm
  WARNING: library configuration mismatch
  avutil      configuration: --prefix=/usr --extra-version=0+deb11u1+rpt1 --toolchain=hardened --incdir=/usr/include/arm-linux-gnueabihf --enable-gpl --disable-stripping --enable-avresample --disable-filter=resample --enable-gnutls --enable-ladspa --enable-libaom --enable-libass --enable-libbluray --enable-libbs2b --enable-libcaca --enable-libcdio --enable-libcodec2 --enable-libdav1d --enable-libflite --enable-libfontconfig --enable-libfreetype --enable-libfribidi --enable-libgme --enable-libgsm --enable-libjack --enable-libmp3lame --enable-libmysofa --enable-libopenjpeg --enable-libopenmpt --enable-libopus --enable-libpulse --enable-librabbitmq --enable-librsvg --enable-librubberband --enable-libshine --enable-libsnappy --enable-libsoxr --enable-libspeex --enable-libsrt --enable-libssh --enable-libtheora --enable-libtwolame --enable-libvidstab --enable-libvorbis --enable-libvpx --enable-libwavpack --enable-libwebp --enable-libx265 --enable-libxml2 --enable-libxvid --enable-libzmq --enable-libzvbi --enable-lv2 --enable-omx --enable-openal --enable-opencl --enable-opengl --enable-sdl2 --enable-mmal --enable-neon --enable-rpi --enable-v4l2-request --enable-libudev --enable-epoxy --enable-pocketsphinx --enable-libdc1394 --enable-libdrm --enable-vout-drm --enable-libiec61883 --enable-chromaprint --enable-frei0r --enable-libx264 --libdir=/usr/lib/arm-linux-gnueabihf/neon/vfp --cpu=cortex-a7 --arch=armv6t2 --disable-thumb --enable-shared --disable-doc --disable-programs
  avcodec     configuration: --prefix=/usr --extra-version=0+deb11u1+rpt1 --toolchain=hardened --incdir=/usr/include/arm-linux-gnueabihf --enable-gpl --disable-stripping --enable-avresample --disable-filter=resample --enable-gnutls --enable-ladspa --enable-libaom --enable-libass --enable-libbluray --enable-libbs2b --enable-libcaca --enable-libcdio --enable-libcodec2 --enable-libdav1d --enable-libflite --enable-libfontconfig --enable-libfreetype --enable-libfribidi --enable-libgme --enable-libgsm --enable-libjack --enable-libmp3lame --enable-libmysofa --enable-libopenjpeg --enable-libopenmpt --enable-libopus --enable-libpulse --enable-librabbitmq --enable-librsvg --enable-librubberband --enable-libshine --enable-libsnappy --enable-libsoxr --enable-libspeex --enable-libsrt --enable-libssh --enable-libtheora --enable-libtwolame --enable-libvidstab --enable-libvorbis --enable-libvpx --enable-libwavpack --enable-libwebp --enable-libx265 --enable-libxml2 --enable-libxvid --enable-libzmq --enable-libzvbi --enable-lv2 --enable-omx --enable-openal --enable-opencl --enable-opengl --enable-sdl2 --enable-mmal --enable-neon --enable-rpi --enable-v4l2-request --enable-libudev --enable-epoxy --enable-pocketsphinx --enable-libdc1394 --enable-libdrm --enable-vout-drm --enable-libiec61883 --enable-chromaprint --enable-frei0r --enable-libx264 --libdir=/usr/lib/arm-linux-gnueabihf/neon/vfp --cpu=cortex-a7 --arch=armv6t2 --disable-thumb --enable-shared --disable-doc --disable-programs
  avformat    configuration: --prefix=/usr --extra-version=0+deb11u1+rpt1 --toolchain=hardened --incdir=/usr/include/arm-linux-gnueabihf --enable-gpl --disable-stripping --enable-avresample --disable-filter=resample --enable-gnutls --enable-ladspa --enable-libaom --enable-libass --enable-libbluray --enable-libbs2b --enable-libcaca --enable-libcdio --enable-libcodec2 --enable-libdav1d --enable-libflite --enable-libfontconfig --enable-libfreetype --enable-libfribidi --enable-libgme --enable-libgsm --enable-libjack --enable-libmp3lame --enable-libmysofa --enable-libopenjpeg --enable-libopenmpt --enable-libopus --enable-libpulse --enable-librabbitmq --enable-librsvg --enable-librubberband --enable-libshine --enable-libsnappy --enable-libsoxr --enable-libspeex --enable-libsrt --enable-libssh --enable-libtheora --enable-libtwolame --enable-libvidstab --enable-libvorbis --enable-libvpx --enable-libwavpack --enable-libwebp --enable-libx265 --enable-libxml2 --enable-libxvid --enable-libzmq --enable-libzvbi --enable-lv2 --enable-omx --enable-openal --enable-opencl --enable-opengl --enable-sdl2 --enable-mmal --enable-neon --enable-rpi --enable-v4l2-request --enable-libudev --enable-epoxy --enable-pocketsphinx --enable-libdc1394 --enable-libdrm --enable-vout-drm --enable-libiec61883 --enable-chromaprint --enable-frei0r --enable-libx264 --libdir=/usr/lib/arm-linux-gnueabihf/neon/vfp --cpu=cortex-a7 --arch=armv6t2 --disable-thumb --enable-shared --disable-doc --disable-programs
  avdevice    configuration: --prefix=/usr --extra-version=0+deb11u1+rpt1 --toolchain=hardened --incdir=/usr/include/arm-linux-gnueabihf --enable-gpl --disable-stripping --enable-avresample --disable-filter=resample --enable-gnutls --enable-ladspa --enable-libaom --enable-libass --enable-libbluray --enable-libbs2b --enable-libcaca --enable-libcdio --enable-libcodec2 --enable-libdav1d --enable-libflite --enable-libfontconfig --enable-libfreetype --enable-libfribidi --enable-libgme --enable-libgsm --enable-libjack --enable-libmp3lame --enable-libmysofa --enable-libopenjpeg --enable-libopenmpt --enable-libopus --enable-libpulse --enable-librabbitmq --enable-librsvg --enable-librubberband --enable-libshine --enable-libsnappy --enable-libsoxr --enable-libspeex --enable-libsrt --enable-libssh --enable-libtheora --enable-libtwolame --enable-libvidstab --enable-libvorbis --enable-libvpx --enable-libwavpack --enable-libwebp --enable-libx265 --enable-libxml2 --enable-libxvid --enable-libzmq --enable-libzvbi --enable-lv2 --enable-omx --enable-openal --enable-opencl --enable-opengl --enable-sdl2 --enable-mmal --enable-neon --enable-rpi --enable-v4l2-request --enable-libudev --enable-epoxy --enable-pocketsphinx --enable-libdc1394 --enable-libdrm --enable-vout-drm --enable-libiec61883 --enable-chromaprint --enable-frei0r --enable-libx264 --libdir=/usr/lib/arm-linux-gnueabihf/neon/vfp --cpu=cortex-a7 --arch=armv6t2 --disable-thumb --enable-shared --disable-doc --disable-programs
  avfilter    configuration: --prefix=/usr --extra-version=0+deb11u1+rpt1 --toolchain=hardened --incdir=/usr/include/arm-linux-gnueabihf --enable-gpl --disable-stripping --enable-avresample --disable-filter=resample --enable-gnutls --enable-ladspa --enable-libaom --enable-libass --enable-libbluray --enable-libbs2b --enable-libcaca --enable-libcdio --enable-libcodec2 --enable-libdav1d --enable-libflite --enable-libfontconfig --enable-libfreetype --enable-libfribidi --enable-libgme --enable-libgsm --enable-libjack --enable-libmp3lame --enable-libmysofa --enable-libopenjpeg --enable-libopenmpt --enable-libopus --enable-libpulse --enable-librabbitmq --enable-librsvg --enable-librubberband --enable-libshine --enable-libsnappy --enable-libsoxr --enable-libspeex --enable-libsrt --enable-libssh --enable-libtheora --enable-libtwolame --enable-libvidstab --enable-libvorbis --enable-libvpx --enable-libwavpack --enable-libwebp --enable-libx265 --enable-libxml2 --enable-libxvid --enable-libzmq --enable-libzvbi --enable-lv2 --enable-omx --enable-openal --enable-opencl --enable-opengl --enable-sdl2 --enable-mmal --enable-neon --enable-rpi --enable-v4l2-request --enable-libudev --enable-epoxy --enable-pocketsphinx --enable-libdc1394 --enable-libdrm --enable-vout-drm --enable-libiec61883 --enable-chromaprint --enable-frei0r --enable-libx264 --libdir=/usr/lib/arm-linux-gnueabihf/neon/vfp --cpu=cortex-a7 --arch=armv6t2 --disable-thumb --enable-shared --disable-doc --disable-programs
  avresample  configuration: --prefix=/usr --extra-version=0+deb11u1+rpt1 --toolchain=hardened --incdir=/usr/include/arm-linux-gnueabihf --enable-gpl --disable-stripping --enable-avresample --disable-filter=resample --enable-gnutls --enable-ladspa --enable-libaom --enable-libass --enable-libbluray --enable-libbs2b --enable-libcaca --enable-libcdio --enable-libcodec2 --enable-libdav1d --enable-libflite --enable-libfontconfig --enable-libfreetype --enable-libfribidi --enable-libgme --enable-libgsm --enable-libjack --enable-libmp3lame --enable-libmysofa --enable-libopenjpeg --enable-libopenmpt --enable-libopus --enable-libpulse --enable-librabbitmq --enable-librsvg --enable-librubberband --enable-libshine --enable-libsnappy --enable-libsoxr --enable-libspeex --enable-libsrt --enable-libssh --enable-libtheora --enable-libtwolame --enable-libvidstab --enable-libvorbis --enable-libvpx --enable-libwavpack --enable-libwebp --enable-libx265 --enable-libxml2 --enable-libxvid --enable-libzmq --enable-libzvbi --enable-lv2 --enable-omx --enable-openal --enable-opencl --enable-opengl --enable-sdl2 --enable-mmal --enable-neon --enable-rpi --enable-v4l2-request --enable-libudev --enable-epoxy --enable-pocketsphinx --enable-libdc1394 --enable-libdrm --enable-vout-drm --enable-libiec61883 --enable-chromaprint --enable-frei0r --enable-libx264 --libdir=/usr/lib/arm-linux-gnueabihf/neon/vfp --cpu=cortex-a7 --arch=armv6t2 --disable-thumb --enable-shared --disable-doc --disable-programs
  swscale     configuration: --prefix=/usr --extra-version=0+deb11u1+rpt1 --toolchain=hardened --incdir=/usr/include/arm-linux-gnueabihf --enable-gpl --disable-stripping --enable-avresample --disable-filter=resample --enable-gnutls --enable-ladspa --enable-libaom --enable-libass --enable-libbluray --enable-libbs2b --enable-libcaca --enable-libcdio --enable-libcodec2 --enable-libdav1d --enable-libflite --enable-libfontconfig --enable-libfreetype --enable-libfribidi --enable-libgme --enable-libgsm --enable-libjack --enable-libmp3lame --enable-libmysofa --enable-libopenjpeg --enable-libopenmpt --enable-libopus --enable-libpulse --enable-librabbitmq --enable-librsvg --enable-librubberband --enable-libshine --enable-libsnappy --enable-libsoxr --enable-libspeex --enable-libsrt --enable-libssh --enable-libtheora --enable-libtwolame --enable-libvidstab --enable-libvorbis --enable-libvpx --enable-libwavpack --enable-libwebp --enable-libx265 --enable-libxml2 --enable-libxvid --enable-libzmq --enable-libzvbi --enable-lv2 --enable-omx --enable-openal --enable-opencl --enable-opengl --enable-sdl2 --enable-mmal --enable-neon --enable-rpi --enable-v4l2-request --enable-libudev --enable-epoxy --enable-pocketsphinx --enable-libdc1394 --enable-libdrm --enable-vout-drm --enable-libiec61883 --enable-chromaprint --enable-frei0r --enable-libx264 --libdir=/usr/lib/arm-linux-gnueabihf/neon/vfp --cpu=cortex-a7 --arch=armv6t2 --disable-thumb --enable-shared --disable-doc --disable-programs
  swresample  configuration: --prefix=/usr --extra-version=0+deb11u1+rpt1 --toolchain=hardened --incdir=/usr/include/arm-linux-gnueabihf --enable-gpl --disable-stripping --enable-avresample --disable-filter=resample --enable-gnutls --enable-ladspa --enable-libaom --enable-libass --enable-libbluray --enable-libbs2b --enable-libcaca --enable-libcdio --enable-libcodec2 --enable-libdav1d --enable-libflite --enable-libfontconfig --enable-libfreetype --enable-libfribidi --enable-libgme --enable-libgsm --enable-libjack --enable-libmp3lame --enable-libmysofa --enable-libopenjpeg --enable-libopenmpt --enable-libopus --enable-libpulse --enable-librabbitmq --enable-librsvg --enable-librubberband --enable-libshine --enable-libsnappy --enable-libsoxr --enable-libspeex --enable-libsrt --enable-libssh --enable-libtheora --enable-libtwolame --enable-libvidstab --enable-libvorbis --enable-libvpx --enable-libwavpack --enable-libwebp --enable-libx265 --enable-libxml2 --enable-libxvid --enable-libzmq --enable-libzvbi --enable-lv2 --enable-omx --enable-openal --enable-opencl --enable-opengl --enable-sdl2 --enable-mmal --enable-neon --enable-rpi --enable-v4l2-request --enable-libudev --enable-epoxy --enable-pocketsphinx --enable-libdc1394 --enable-libdrm --enable-vout-drm --enable-libiec61883 --enable-chromaprint --enable-frei0r --enable-libx264 --libdir=/usr/lib/arm-linux-gnueabihf/neon/vfp --cpu=cortex-a7 --arch=armv6t2 --disable-thumb --enable-shared --disable-doc --disable-programs
  postproc    configuration: --prefix=/usr --extra-version=0+deb11u1+rpt1 --toolchain=hardened --incdir=/usr/include/arm-linux-gnueabihf --enable-gpl --disable-stripping --enable-avresample --disable-filter=resample --enable-gnutls --enable-ladspa --enable-libaom --enable-libass --enable-libbluray --enable-libbs2b --enable-libcaca --enable-libcdio --enable-libcodec2 --enable-libdav1d --enable-libflite --enable-libfontconfig --enable-libfreetype --enable-libfribidi --enable-libgme --enable-libgsm --enable-libjack --enable-libmp3lame --enable-libmysofa --enable-libopenjpeg --enable-libopenmpt --enable-libopus --enable-libpulse --enable-librabbitmq --enable-librsvg --enable-librubberband --enable-libshine --enable-libsnappy --enable-libsoxr --enable-libspeex --enable-libsrt --enable-libssh --enable-libtheora --enable-libtwolame --enable-libvidstab --enable-libvorbis --enable-libvpx --enable-libwavpack --enable-libwebp --enable-libx265 --enable-libxml2 --enable-libxvid --enable-libzmq --enable-libzvbi --enable-lv2 --enable-omx --enable-openal --enable-opencl --enable-opengl --enable-sdl2 --enable-mmal --enable-neon --enable-rpi --enable-v4l2-request --enable-libudev --enable-epoxy --enable-pocketsphinx --enable-libdc1394 --enable-libdrm --enable-vout-drm --enable-libiec61883 --enable-chromaprint --enable-frei0r --enable-libx264 --libdir=/usr/lib/arm-linux-gnueabihf/neon/vfp --cpu=cortex-a7 --arch=armv6t2 --disable-thumb --enable-shared --disable-doc --disable-programs
  libavutil      56. 51.100 / 56. 51.100
  libavcodec     58. 91.100 / 58. 91.100
  libavformat    58. 45.100 / 58. 45.100
  libavdevice    58. 10.100 / 58. 10.100
  libavfilter     7. 85.100 /  7. 85.100
  libavresample   4.  0.  0 /  4.  0.  0
  libswscale      5.  7.100 /  5.  7.100
  libswresample   3.  7.100 /  3.  7.100
  libpostproc    55.  7.100 / 55.  7.100
Input #0, concat, from '/tmp/tmp.SlFF1GZMFS':
  Duration: N/A, start: 0.000000, bitrate: N/A
    Stream #0:0: Video: mjpeg (Baseline), yuvj420p(pc, bt470bg/unknown/unknown), 640x480 [SAR 96:96 DAR 4:3], 25 tbr, 25 tbn, 25 tbc
Stream mapping:
  Stream #0:0 -> #0:0 (mjpeg (native) -> gif (native))
Press [q] to stop, [?] for help
[swscaler @ 0x209a640] deprecated pixel format used, make sure you did set range correctly
[swscaler @ 0x209a640] No accelerated colorspace conversion found from yuv420p to bgr8.
Output #0, gif, to '/tmp/tmp.00IpQuJVFl.gif':
  Metadata:
    encoder         : Lavf58.45.100
    Stream #0:0: Video: gif, bgr8, 640x480 [SAR 1:1 DAR 4:3], q=2-31, 200 kb/s, 6 fps, 100 tbn, 6 tbc
    Metadata:
      encoder         : Lavc58.91.100 gif
[swscaler @ 0x209a640] deprecated pixel format used, make sure you did set range correctly
[swscaler @ 0x2080620] deprecated pixel format used, make sure you did set range correctly
frame=   15 fps=0.0 q=-0.0 size=     512kB time=00:00:02.51 bitrate=1671.0kbits/s speed=4.65x    frame=   21 fps=0.0 q=-0.0 Lsize=     898kB time=00:00:03.51 bitrate=2096.7kbits/s speed=4.23x    
video:898kB audio:0kB subtitle:0kB other streams:0kB global headers:0kB muxing overhead: 0.002174%
[2026-08-02 12:00:04] Rebuilt timelapse.gif
[main ae3020d] Daily image: 2026-08-02 12:00:01
 3 files changed, 1 insertion(+)
 create mode 100644 images/2026-08-02.jpg
From github.com:UWIN-Dev/UWIN-Dev.github.io
 * branch            main       -> FETCH_HEAD
Current branch main is up to date.
To github.com:UWIN-Dev/UWIN-Dev.github.io.git
   16c4adc..ae3020d  main -> main
[2026-08-02 12:00:07] === Successfully pushed 2026-08-02.jpg (and timelapse.gif) to main ===
[2026-08-03 12:00:01] === Starting daily capture for 2026-08-03 ===
[1m--- Opening /dev/video0...
[0m[0mTrying source module v4l2...
[0m[0m/dev/video0 opened.
[0m[0mNo input was specified, using the first.
[0m[1m--- Capturing frame...
[0m[0mSkipping 5 frames...
[0m[0mCapturing 1 frames...
[0m[0mCaptured 6 frames in 0.16 seconds. (38 fps)
[0m[1m--- Processing captured image...
[0m[0mDisabling banner.
[0m[0mSetting output format to JPEG, quality 85
[0m[0mWriting JPEG image to '/home/csic/grow-beyond-earth/images/2026-08-03.jpg'.
[0m[2026-08-03 12:00:02] Captured 2026-08-03.jpg
[2026-08-03 12:00:02] Regenerated manifest.json (entries: 19)
ffmpeg version 4.3.9-0+deb11u1+rpt1 Copyright (c) 2000-2025 the FFmpeg developers
  built with gcc 10 (Raspbian 10.2.1-6+rpi1)
  configuration: --prefix=/usr --extra-version=0+deb11u1+rpt1 --toolchain=hardened --incdir=/usr/include/arm-linux-gnueabihf --enable-gpl --disable-stripping --enable-avresample --disable-filter=resample --enable-gnutls --enable-ladspa --enable-libaom --enable-libass --enable-libbluray --enable-libbs2b --enable-libcaca --enable-libcdio --enable-libcodec2 --enable-libdav1d --enable-libflite --enable-libfontconfig --enable-libfreetype --enable-libfribidi --enable-libgme --enable-libgsm --enable-libjack --enable-libmp3lame --enable-libmysofa --enable-libopenjpeg --enable-libopenmpt --enable-libopus --enable-libpulse --enable-librabbitmq --enable-librsvg --enable-librubberband --enable-libshine --enable-libsnappy --enable-libsoxr --enable-libspeex --enable-libsrt --enable-libssh --enable-libtheora --enable-libtwolame --enable-libvidstab --enable-libvorbis --enable-libvpx --enable-libwavpack --enable-libwebp --enable-libx265 --enable-libxml2 --enable-libxvid --enable-libzmq --enable-libzvbi --enable-lv2 --enable-omx --enable-openal --enable-opencl --enable-opengl --enable-sdl2 --enable-mmal --enable-neon --enable-rpi --enable-v4l2-request --enable-libudev --enable-epoxy --enable-pocketsphinx --enable-libdc1394 --enable-libdrm --enable-vout-drm --enable-libiec61883 --enable-chromaprint --enable-frei0r --enable-libx264 --enable-shared --libdir=/usr/lib/arm-linux-gnueabihf --cpu=arm1176jzf-s --arch=arm
  WARNING: library configuration mismatch
  avutil      configuration: --prefix=/usr --extra-version=0+deb11u1+rpt1 --toolchain=hardened --incdir=/usr/include/arm-linux-gnueabihf --enable-gpl --disable-stripping --enable-avresample --disable-filter=resample --enable-gnutls --enable-ladspa --enable-libaom --enable-libass --enable-libbluray --enable-libbs2b --enable-libcaca --enable-libcdio --enable-libcodec2 --enable-libdav1d --enable-libflite --enable-libfontconfig --enable-libfreetype --enable-libfribidi --enable-libgme --enable-libgsm --enable-libjack --enable-libmp3lame --enable-libmysofa --enable-libopenjpeg --enable-libopenmpt --enable-libopus --enable-libpulse --enable-librabbitmq --enable-librsvg --enable-librubberband --enable-libshine --enable-libsnappy --enable-libsoxr --enable-libspeex --enable-libsrt --enable-libssh --enable-libtheora --enable-libtwolame --enable-libvidstab --enable-libvorbis --enable-libvpx --enable-libwavpack --enable-libwebp --enable-libx265 --enable-libxml2 --enable-libxvid --enable-libzmq --enable-libzvbi --enable-lv2 --enable-omx --enable-openal --enable-opencl --enable-opengl --enable-sdl2 --enable-mmal --enable-neon --enable-rpi --enable-v4l2-request --enable-libudev --enable-epoxy --enable-pocketsphinx --enable-libdc1394 --enable-libdrm --enable-vout-drm --enable-libiec61883 --enable-chromaprint --enable-frei0r --enable-libx264 --libdir=/usr/lib/arm-linux-gnueabihf/neon/vfp --cpu=cortex-a7 --arch=armv6t2 --disable-thumb --enable-shared --disable-doc --disable-programs
  avcodec     configuration: --prefix=/usr --extra-version=0+deb11u1+rpt1 --toolchain=hardened --incdir=/usr/include/arm-linux-gnueabihf --enable-gpl --disable-stripping --enable-avresample --disable-filter=resample --enable-gnutls --enable-ladspa --enable-libaom --enable-libass --enable-libbluray --enable-libbs2b --enable-libcaca --enable-libcdio --enable-libcodec2 --enable-libdav1d --enable-libflite --enable-libfontconfig --enable-libfreetype --enable-libfribidi --enable-libgme --enable-libgsm --enable-libjack --enable-libmp3lame --enable-libmysofa --enable-libopenjpeg --enable-libopenmpt --enable-libopus --enable-libpulse --enable-librabbitmq --enable-librsvg --enable-librubberband --enable-libshine --enable-libsnappy --enable-libsoxr --enable-libspeex --enable-libsrt --enable-libssh --enable-libtheora --enable-libtwolame --enable-libvidstab --enable-libvorbis --enable-libvpx --enable-libwavpack --enable-libwebp --enable-libx265 --enable-libxml2 --enable-libxvid --enable-libzmq --enable-libzvbi --enable-lv2 --enable-omx --enable-openal --enable-opencl --enable-opengl --enable-sdl2 --enable-mmal --enable-neon --enable-rpi --enable-v4l2-request --enable-libudev --enable-epoxy --enable-pocketsphinx --enable-libdc1394 --enable-libdrm --enable-vout-drm --enable-libiec61883 --enable-chromaprint --enable-frei0r --enable-libx264 --libdir=/usr/lib/arm-linux-gnueabihf/neon/vfp --cpu=cortex-a7 --arch=armv6t2 --disable-thumb --enable-shared --disable-doc --disable-programs
  avformat    configuration: --prefix=/usr --extra-version=0+deb11u1+rpt1 --toolchain=hardened --incdir=/usr/include/arm-linux-gnueabihf --enable-gpl --disable-stripping --enable-avresample --disable-filter=resample --enable-gnutls --enable-ladspa --enable-libaom --enable-libass --enable-libbluray --enable-libbs2b --enable-libcaca --enable-libcdio --enable-libcodec2 --enable-libdav1d --enable-libflite --enable-libfontconfig --enable-libfreetype --enable-libfribidi --enable-libgme --enable-libgsm --enable-libjack --enable-libmp3lame --enable-libmysofa --enable-libopenjpeg --enable-libopenmpt --enable-libopus --enable-libpulse --enable-librabbitmq --enable-librsvg --enable-librubberband --enable-libshine --enable-libsnappy --enable-libsoxr --enable-libspeex --enable-libsrt --enable-libssh --enable-libtheora --enable-libtwolame --enable-libvidstab --enable-libvorbis --enable-libvpx --enable-libwavpack --enable-libwebp --enable-libx265 --enable-libxml2 --enable-libxvid --enable-libzmq --enable-libzvbi --enable-lv2 --enable-omx --enable-openal --enable-opencl --enable-opengl --enable-sdl2 --enable-mmal --enable-neon --enable-rpi --enable-v4l2-request --enable-libudev --enable-epoxy --enable-pocketsphinx --enable-libdc1394 --enable-libdrm --enable-vout-drm --enable-libiec61883 --enable-chromaprint --enable-frei0r --enable-libx264 --libdir=/usr/lib/arm-linux-gnueabihf/neon/vfp --cpu=cortex-a7 --arch=armv6t2 --disable-thumb --enable-shared --disable-doc --disable-programs
  avdevice    configuration: --prefix=/usr --extra-version=0+deb11u1+rpt1 --toolchain=hardened --incdir=/usr/include/arm-linux-gnueabihf --enable-gpl --disable-stripping --enable-avresample --disable-filter=resample --enable-gnutls --enable-ladspa --enable-libaom --enable-libass --enable-libbluray --enable-libbs2b --enable-libcaca --enable-libcdio --enable-libcodec2 --enable-libdav1d --enable-libflite --enable-libfontconfig --enable-libfreetype --enable-libfribidi --enable-libgme --enable-libgsm --enable-libjack --enable-libmp3lame --enable-libmysofa --enable-libopenjpeg --enable-libopenmpt --enable-libopus --enable-libpulse --enable-librabbitmq --enable-librsvg --enable-librubberband --enable-libshine --enable-libsnappy --enable-libsoxr --enable-libspeex --enable-libsrt --enable-libssh --enable-libtheora --enable-libtwolame --enable-libvidstab --enable-libvorbis --enable-libvpx --enable-libwavpack --enable-libwebp --enable-libx265 --enable-libxml2 --enable-libxvid --enable-libzmq --enable-libzvbi --enable-lv2 --enable-omx --enable-openal --enable-opencl --enable-opengl --enable-sdl2 --enable-mmal --enable-neon --enable-rpi --enable-v4l2-request --enable-libudev --enable-epoxy --enable-pocketsphinx --enable-libdc1394 --enable-libdrm --enable-vout-drm --enable-libiec61883 --enable-chromaprint --enable-frei0r --enable-libx264 --libdir=/usr/lib/arm-linux-gnueabihf/neon/vfp --cpu=cortex-a7 --arch=armv6t2 --disable-thumb --enable-shared --disable-doc --disable-programs
  avfilter    configuration: --prefix=/usr --extra-version=0+deb11u1+rpt1 --toolchain=hardened --incdir=/usr/include/arm-linux-gnueabihf --enable-gpl --disable-stripping --enable-avresample --disable-filter=resample --enable-gnutls --enable-ladspa --enable-libaom --enable-libass --enable-libbluray --enable-libbs2b --enable-libcaca --enable-libcdio --enable-libcodec2 --enable-libdav1d --enable-libflite --enable-libfontconfig --enable-libfreetype --enable-libfribidi --enable-libgme --enable-libgsm --enable-libjack --enable-libmp3lame --enable-libmysofa --enable-libopenjpeg --enable-libopenmpt --enable-libopus --enable-libpulse --enable-librabbitmq --enable-librsvg --enable-librubberband --enable-libshine --enable-libsnappy --enable-libsoxr --enable-libspeex --enable-libsrt --enable-libssh --enable-libtheora --enable-libtwolame --enable-libvidstab --enable-libvorbis --enable-libvpx --enable-libwavpack --enable-libwebp --enable-libx265 --enable-libxml2 --enable-libxvid --enable-libzmq --enable-libzvbi --enable-lv2 --enable-omx --enable-openal --enable-opencl --enable-opengl --enable-sdl2 --enable-mmal --enable-neon --enable-rpi --enable-v4l2-request --enable-libudev --enable-epoxy --enable-pocketsphinx --enable-libdc1394 --enable-libdrm --enable-vout-drm --enable-libiec61883 --enable-chromaprint --enable-frei0r --enable-libx264 --libdir=/usr/lib/arm-linux-gnueabihf/neon/vfp --cpu=cortex-a7 --arch=armv6t2 --disable-thumb --enable-shared --disable-doc --disable-programs
  avresample  configuration: --prefix=/usr --extra-version=0+deb11u1+rpt1 --toolchain=hardened --incdir=/usr/include/arm-linux-gnueabihf --enable-gpl --disable-stripping --enable-avresample --disable-filter=resample --enable-gnutls --enable-ladspa --enable-libaom --enable-libass --enable-libbluray --enable-libbs2b --enable-libcaca --enable-libcdio --enable-libcodec2 --enable-libdav1d --enable-libflite --enable-libfontconfig --enable-libfreetype --enable-libfribidi --enable-libgme --enable-libgsm --enable-libjack --enable-libmp3lame --enable-libmysofa --enable-libopenjpeg --enable-libopenmpt --enable-libopus --enable-libpulse --enable-librabbitmq --enable-librsvg --enable-librubberband --enable-libshine --enable-libsnappy --enable-libsoxr --enable-libspeex --enable-libsrt --enable-libssh --enable-libtheora --enable-libtwolame --enable-libvidstab --enable-libvorbis --enable-libvpx --enable-libwavpack --enable-libwebp --enable-libx265 --enable-libxml2 --enable-libxvid --enable-libzmq --enable-libzvbi --enable-lv2 --enable-omx --enable-openal --enable-opencl --enable-opengl --enable-sdl2 --enable-mmal --enable-neon --enable-rpi --enable-v4l2-request --enable-libudev --enable-epoxy --enable-pocketsphinx --enable-libdc1394 --enable-libdrm --enable-vout-drm --enable-libiec61883 --enable-chromaprint --enable-frei0r --enable-libx264 --libdir=/usr/lib/arm-linux-gnueabihf/neon/vfp --cpu=cortex-a7 --arch=armv6t2 --disable-thumb --enable-shared --disable-doc --disable-programs
  swscale     configuration: --prefix=/usr --extra-version=0+deb11u1+rpt1 --toolchain=hardened --incdir=/usr/include/arm-linux-gnueabihf --enable-gpl --disable-stripping --enable-avresample --disable-filter=resample --enable-gnutls --enable-ladspa --enable-libaom --enable-libass --enable-libbluray --enable-libbs2b --enable-libcaca --enable-libcdio --enable-libcodec2 --enable-libdav1d --enable-libflite --enable-libfontconfig --enable-libfreetype --enable-libfribidi --enable-libgme --enable-libgsm --enable-libjack --enable-libmp3lame --enable-libmysofa --enable-libopenjpeg --enable-libopenmpt --enable-libopus --enable-libpulse --enable-librabbitmq --enable-librsvg --enable-librubberband --enable-libshine --enable-libsnappy --enable-libsoxr --enable-libspeex --enable-libsrt --enable-libssh --enable-libtheora --enable-libtwolame --enable-libvidstab --enable-libvorbis --enable-libvpx --enable-libwavpack --enable-libwebp --enable-libx265 --enable-libxml2 --enable-libxvid --enable-libzmq --enable-libzvbi --enable-lv2 --enable-omx --enable-openal --enable-opencl --enable-opengl --enable-sdl2 --enable-mmal --enable-neon --enable-rpi --enable-v4l2-request --enable-libudev --enable-epoxy --enable-pocketsphinx --enable-libdc1394 --enable-libdrm --enable-vout-drm --enable-libiec61883 --enable-chromaprint --enable-frei0r --enable-libx264 --libdir=/usr/lib/arm-linux-gnueabihf/neon/vfp --cpu=cortex-a7 --arch=armv6t2 --disable-thumb --enable-shared --disable-doc --disable-programs
  swresample  configuration: --prefix=/usr --extra-version=0+deb11u1+rpt1 --toolchain=hardened --incdir=/usr/include/arm-linux-gnueabihf --enable-gpl --disable-stripping --enable-avresample --disable-filter=resample --enable-gnutls --enable-ladspa --enable-libaom --enable-libass --enable-libbluray --enable-libbs2b --enable-libcaca --enable-libcdio --enable-libcodec2 --enable-libdav1d --enable-libflite --enable-libfontconfig --enable-libfreetype --enable-libfribidi --enable-libgme --enable-libgsm --enable-libjack --enable-libmp3lame --enable-libmysofa --enable-libopenjpeg --enable-libopenmpt --enable-libopus --enable-libpulse --enable-librabbitmq --enable-librsvg --enable-librubberband --enable-libshine --enable-libsnappy --enable-libsoxr --enable-libspeex --enable-libsrt --enable-libssh --enable-libtheora --enable-libtwolame --enable-libvidstab --enable-libvorbis --enable-libvpx --enable-libwavpack --enable-libwebp --enable-libx265 --enable-libxml2 --enable-libxvid --enable-libzmq --enable-libzvbi --enable-lv2 --enable-omx --enable-openal --enable-opencl --enable-opengl --enable-sdl2 --enable-mmal --enable-neon --enable-rpi --enable-v4l2-request --enable-libudev --enable-epoxy --enable-pocketsphinx --enable-libdc1394 --enable-libdrm --enable-vout-drm --enable-libiec61883 --enable-chromaprint --enable-frei0r --enable-libx264 --libdir=/usr/lib/arm-linux-gnueabihf/neon/vfp --cpu=cortex-a7 --arch=armv6t2 --disable-thumb --enable-shared --disable-doc --disable-programs
  postproc    configuration: --prefix=/usr --extra-version=0+deb11u1+rpt1 --toolchain=hardened --incdir=/usr/include/arm-linux-gnueabihf --enable-gpl --disable-stripping --enable-avresample --disable-filter=resample --enable-gnutls --enable-ladspa --enable-libaom --enable-libass --enable-libbluray --enable-libbs2b --enable-libcaca --enable-libcdio --enable-libcodec2 --enable-libdav1d --enable-libflite --enable-libfontconfig --enable-libfreetype --enable-libfribidi --enable-libgme --enable-libgsm --enable-libjack --enable-libmp3lame --enable-libmysofa --enable-libopenjpeg --enable-libopenmpt --enable-libopus --enable-libpulse --enable-librabbitmq --enable-librsvg --enable-librubberband --enable-libshine --enable-libsnappy --enable-libsoxr --enable-libspeex --enable-libsrt --enable-libssh --enable-libtheora --enable-libtwolame --enable-libvidstab --enable-libvorbis --enable-libvpx --enable-libwavpack --enable-libwebp --enable-libx265 --enable-libxml2 --enable-libxvid --enable-libzmq --enable-libzvbi --enable-lv2 --enable-omx --enable-openal --enable-opencl --enable-opengl --enable-sdl2 --enable-mmal --enable-neon --enable-rpi --enable-v4l2-request --enable-libudev --enable-epoxy --enable-pocketsphinx --enable-libdc1394 --enable-libdrm --enable-vout-drm --enable-libiec61883 --enable-chromaprint --enable-frei0r --enable-libx264 --libdir=/usr/lib/arm-linux-gnueabihf/neon/vfp --cpu=cortex-a7 --arch=armv6t2 --disable-thumb --enable-shared --disable-doc --disable-programs
  libavutil      56. 51.100 / 56. 51.100
  libavcodec     58. 91.100 / 58. 91.100
  libavformat    58. 45.100 / 58. 45.100
  libavdevice    58. 10.100 / 58. 10.100
  libavfilter     7. 85.100 /  7. 85.100
  libavresample   4.  0.  0 /  4.  0.  0
  libswscale      5.  7.100 /  5.  7.100
  libswresample   3.  7.100 /  3.  7.100
  libpostproc    55.  7.100 / 55.  7.100
Input #0, concat, from '/tmp/tmp.fxmMfTkfQB':
  Duration: N/A, start: 0.000000, bitrate: N/A
    Stream #0:0: Video: mjpeg (Baseline), yuvj420p(pc, bt470bg/unknown/unknown), 640x480 [SAR 96:96 DAR 4:3], 25 tbr, 25 tbn, 25 tbc
Stream mapping:
  Stream #0:0 -> #0:0 (mjpeg (native) -> gif (native))
Press [q] to stop, [?] for help
[swscaler @ 0x62a600] deprecated pixel format used, make sure you did set range correctly
[swscaler @ 0x62a600] No accelerated colorspace conversion found from yuv420p to bgr8.
Output #0, gif, to '/tmp/tmp.hrbS2F7gjN.gif':
  Metadata:
    encoder         : Lavf58.45.100
    Stream #0:0: Video: gif, bgr8, 640x480 [SAR 1:1 DAR 4:3], q=2-31, 200 kb/s, 6 fps, 100 tbn, 6 tbc
    Metadata:
      encoder         : Lavc58.91.100 gif
[swscaler @ 0x62a600] deprecated pixel format used, make sure you did set range correctly
[swscaler @ 0x610400] deprecated pixel format used, make sure you did set range correctly
frame=   15 fps=0.0 q=-0.0 size=     512kB time=00:00:02.51 bitrate=1671.0kbits/s speed=4.85x    frame=   22 fps=0.0 q=-0.0 Lsize=     939kB time=00:00:03.68 bitrate=2089.2kbits/s speed=4.42x    
video:939kB audio:0kB subtitle:0kB other streams:0kB global headers:0kB muxing overhead: 0.002081%
[2026-08-03 12:00:03] Rebuilt timelapse.gif
[main db3b2b2] Daily image: 2026-08-03 12:00:01
 3 files changed, 1 insertion(+)
 create mode 100644 images/2026-08-03.jpg
From github.com:UWIN-Dev/UWIN-Dev.github.io
 * branch            main       -> FETCH_HEAD
Current branch main is up to date.
To github.com:UWIN-Dev/UWIN-Dev.github.io.git
   ae3020d..db3b2b2  main -> main
[2026-08-03 12:00:06] === Successfully pushed 2026-08-03.jpg (and timelapse.gif) to main ===
[2026-08-04 12:00:01] === Starting daily capture for 2026-08-04 ===
[1m--- Opening /dev/video0...
[0m[0mTrying source module v4l2...
[0m[0m/dev/video0 opened.
[0m[0mNo input was specified, using the first.
[0m[1m--- Capturing frame...
[0m[0mSkipping 5 frames...
[0m[0mCapturing 1 frames...
[0m[0mCaptured 6 frames in 0.16 seconds. (38 fps)
[0m[1m--- Processing captured image...
[0m[0mDisabling banner.
[0m[0mSetting output format to JPEG, quality 85
[0m[0mWriting JPEG image to '/home/csic/grow-beyond-earth/images/2026-08-04.jpg'.
[0m[2026-08-04 12:00:02] Captured 2026-08-04.jpg
[2026-08-04 12:00:03] Regenerated manifest.json (entries: 20)
ffmpeg version 4.3.9-0+deb11u1+rpt1 Copyright (c) 2000-2025 the FFmpeg developers
  built with gcc 10 (Raspbian 10.2.1-6+rpi1)
  configuration: --prefix=/usr --extra-version=0+deb11u1+rpt1 --toolchain=hardened --incdir=/usr/include/arm-linux-gnueabihf --enable-gpl --disable-stripping --enable-avresample --disable-filter=resample --enable-gnutls --enable-ladspa --enable-libaom --enable-libass --enable-libbluray --enable-libbs2b --enable-libcaca --enable-libcdio --enable-libcodec2 --enable-libdav1d --enable-libflite --enable-libfontconfig --enable-libfreetype --enable-libfribidi --enable-libgme --enable-libgsm --enable-libjack --enable-libmp3lame --enable-libmysofa --enable-libopenjpeg --enable-libopenmpt --enable-libopus --enable-libpulse --enable-librabbitmq --enable-librsvg --enable-librubberband --enable-libshine --enable-libsnappy --enable-libsoxr --enable-libspeex --enable-libsrt --enable-libssh --enable-libtheora --enable-libtwolame --enable-libvidstab --enable-libvorbis --enable-libvpx --enable-libwavpack --enable-libwebp --enable-libx265 --enable-libxml2 --enable-libxvid --enable-libzmq --enable-libzvbi --enable-lv2 --enable-omx --enable-openal --enable-opencl --enable-opengl --enable-sdl2 --enable-mmal --enable-neon --enable-rpi --enable-v4l2-request --enable-libudev --enable-epoxy --enable-pocketsphinx --enable-libdc1394 --enable-libdrm --enable-vout-drm --enable-libiec61883 --enable-chromaprint --enable-frei0r --enable-libx264 --enable-shared --libdir=/usr/lib/arm-linux-gnueabihf --cpu=arm1176jzf-s --arch=arm
  WARNING: library configuration mismatch
  avutil      configuration: --prefix=/usr --extra-version=0+deb11u1+rpt1 --toolchain=hardened --incdir=/usr/include/arm-linux-gnueabihf --enable-gpl --disable-stripping --enable-avresample --disable-filter=resample --enable-gnutls --enable-ladspa --enable-libaom --enable-libass --enable-libbluray --enable-libbs2b --enable-libcaca --enable-libcdio --enable-libcodec2 --enable-libdav1d --enable-libflite --enable-libfontconfig --enable-libfreetype --enable-libfribidi --enable-libgme --enable-libgsm --enable-libjack --enable-libmp3lame --enable-libmysofa --enable-libopenjpeg --enable-libopenmpt --enable-libopus --enable-libpulse --enable-librabbitmq --enable-librsvg --enable-librubberband --enable-libshine --enable-libsnappy --enable-libsoxr --enable-libspeex --enable-libsrt --enable-libssh --enable-libtheora --enable-libtwolame --enable-libvidstab --enable-libvorbis --enable-libvpx --enable-libwavpack --enable-libwebp --enable-libx265 --enable-libxml2 --enable-libxvid --enable-libzmq --enable-libzvbi --enable-lv2 --enable-omx --enable-openal --enable-opencl --enable-opengl --enable-sdl2 --enable-mmal --enable-neon --enable-rpi --enable-v4l2-request --enable-libudev --enable-epoxy --enable-pocketsphinx --enable-libdc1394 --enable-libdrm --enable-vout-drm --enable-libiec61883 --enable-chromaprint --enable-frei0r --enable-libx264 --libdir=/usr/lib/arm-linux-gnueabihf/neon/vfp --cpu=cortex-a7 --arch=armv6t2 --disable-thumb --enable-shared --disable-doc --disable-programs
  avcodec     configuration: --prefix=/usr --extra-version=0+deb11u1+rpt1 --toolchain=hardened --incdir=/usr/include/arm-linux-gnueabihf --enable-gpl --disable-stripping --enable-avresample --disable-filter=resample --enable-gnutls --enable-ladspa --enable-libaom --enable-libass --enable-libbluray --enable-libbs2b --enable-libcaca --enable-libcdio --enable-libcodec2 --enable-libdav1d --enable-libflite --enable-libfontconfig --enable-libfreetype --enable-libfribidi --enable-libgme --enable-libgsm --enable-libjack --enable-libmp3lame --enable-libmysofa --enable-libopenjpeg --enable-libopenmpt --enable-libopus --enable-libpulse --enable-librabbitmq --enable-librsvg --enable-librubberband --enable-libshine --enable-libsnappy --enable-libsoxr --enable-libspeex --enable-libsrt --enable-libssh --enable-libtheora --enable-libtwolame --enable-libvidstab --enable-libvorbis --enable-libvpx --enable-libwavpack --enable-libwebp --enable-libx265 --enable-libxml2 --enable-libxvid --enable-libzmq --enable-libzvbi --enable-lv2 --enable-omx --enable-openal --enable-opencl --enable-opengl --enable-sdl2 --enable-mmal --enable-neon --enable-rpi --enable-v4l2-request --enable-libudev --enable-epoxy --enable-pocketsphinx --enable-libdc1394 --enable-libdrm --enable-vout-drm --enable-libiec61883 --enable-chromaprint --enable-frei0r --enable-libx264 --libdir=/usr/lib/arm-linux-gnueabihf/neon/vfp --cpu=cortex-a7 --arch=armv6t2 --disable-thumb --enable-shared --disable-doc --disable-programs
  avformat    configuration: --prefix=/usr --extra-version=0+deb11u1+rpt1 --toolchain=hardened --incdir=/usr/include/arm-linux-gnueabihf --enable-gpl --disable-stripping --enable-avresample --disable-filter=resample --enable-gnutls --enable-ladspa --enable-libaom --enable-libass --enable-libbluray --enable-libbs2b --enable-libcaca --enable-libcdio --enable-libcodec2 --enable-libdav1d --enable-libflite --enable-libfontconfig --enable-libfreetype --enable-libfribidi --enable-libgme --enable-libgsm --enable-libjack --enable-libmp3lame --enable-libmysofa --enable-libopenjpeg --enable-libopenmpt --enable-libopus --enable-libpulse --enable-librabbitmq --enable-librsvg --enable-librubberband --enable-libshine --enable-libsnappy --enable-libsoxr --enable-libspeex --enable-libsrt --enable-libssh --enable-libtheora --enable-libtwolame --enable-libvidstab --enable-libvorbis --enable-libvpx --enable-libwavpack --enable-libwebp --enable-libx265 --enable-libxml2 --enable-libxvid --enable-libzmq --enable-libzvbi --enable-lv2 --enable-omx --enable-openal --enable-opencl --enable-opengl --enable-sdl2 --enable-mmal --enable-neon --enable-rpi --enable-v4l2-request --enable-libudev --enable-epoxy --enable-pocketsphinx --enable-libdc1394 --enable-libdrm --enable-vout-drm --enable-libiec61883 --enable-chromaprint --enable-frei0r --enable-libx264 --libdir=/usr/lib/arm-linux-gnueabihf/neon/vfp --cpu=cortex-a7 --arch=armv6t2 --disable-thumb --enable-shared --disable-doc --disable-programs
  avdevice    configuration: --prefix=/usr --extra-version=0+deb11u1+rpt1 --toolchain=hardened --incdir=/usr/include/arm-linux-gnueabihf --enable-gpl --disable-stripping --enable-avresample --disable-filter=resample --enable-gnutls --enable-ladspa --enable-libaom --enable-libass --enable-libbluray --enable-libbs2b --enable-libcaca --enable-libcdio --enable-libcodec2 --enable-libdav1d --enable-libflite --enable-libfontconfig --enable-libfreetype --enable-libfribidi --enable-libgme --enable-libgsm --enable-libjack --enable-libmp3lame --enable-libmysofa --enable-libopenjpeg --enable-libopenmpt --enable-libopus --enable-libpulse --enable-librabbitmq --enable-librsvg --enable-librubberband --enable-libshine --enable-libsnappy --enable-libsoxr --enable-libspeex --enable-libsrt --enable-libssh --enable-libtheora --enable-libtwolame --enable-libvidstab --enable-libvorbis --enable-libvpx --enable-libwavpack --enable-libwebp --enable-libx265 --enable-libxml2 --enable-libxvid --enable-libzmq --enable-libzvbi --enable-lv2 --enable-omx --enable-openal --enable-opencl --enable-opengl --enable-sdl2 --enable-mmal --enable-neon --enable-rpi --enable-v4l2-request --enable-libudev --enable-epoxy --enable-pocketsphinx --enable-libdc1394 --enable-libdrm --enable-vout-drm --enable-libiec61883 --enable-chromaprint --enable-frei0r --enable-libx264 --libdir=/usr/lib/arm-linux-gnueabihf/neon/vfp --cpu=cortex-a7 --arch=armv6t2 --disable-thumb --enable-shared --disable-doc --disable-programs
  avfilter    configuration: --prefix=/usr --extra-version=0+deb11u1+rpt1 --toolchain=hardened --incdir=/usr/include/arm-linux-gnueabihf --enable-gpl --disable-stripping --enable-avresample --disable-filter=resample --enable-gnutls --enable-ladspa --enable-libaom --enable-libass --enable-libbluray --enable-libbs2b --enable-libcaca --enable-libcdio --enable-libcodec2 --enable-libdav1d --enable-libflite --enable-libfontconfig --enable-libfreetype --enable-libfribidi --enable-libgme --enable-libgsm --enable-libjack --enable-libmp3lame --enable-libmysofa --enable-libopenjpeg --enable-libopenmpt --enable-libopus --enable-libpulse --enable-librabbitmq --enable-librsvg --enable-librubberband --enable-libshine --enable-libsnappy --enable-libsoxr --enable-libspeex --enable-libsrt --enable-libssh --enable-libtheora --enable-libtwolame --enable-libvidstab --enable-libvorbis --enable-libvpx --enable-libwavpack --enable-libwebp --enable-libx265 --enable-libxml2 --enable-libxvid --enable-libzmq --enable-libzvbi --enable-lv2 --enable-omx --enable-openal --enable-opencl --enable-opengl --enable-sdl2 --enable-mmal --enable-neon --enable-rpi --enable-v4l2-request --enable-libudev --enable-epoxy --enable-pocketsphinx --enable-libdc1394 --enable-libdrm --enable-vout-drm --enable-libiec61883 --enable-chromaprint --enable-frei0r --enable-libx264 --libdir=/usr/lib/arm-linux-gnueabihf/neon/vfp --cpu=cortex-a7 --arch=armv6t2 --disable-thumb --enable-shared --disable-doc --disable-programs
  avresample  configuration: --prefix=/usr --extra-version=0+deb11u1+rpt1 --toolchain=hardened --incdir=/usr/include/arm-linux-gnueabihf --enable-gpl --disable-stripping --enable-avresample --disable-filter=resample --enable-gnutls --enable-ladspa --enable-libaom --enable-libass --enable-libbluray --enable-libbs2b --enable-libcaca --enable-libcdio --enable-libcodec2 --enable-libdav1d --enable-libflite --enable-libfontconfig --enable-libfreetype --enable-libfribidi --enable-libgme --enable-libgsm --enable-libjack --enable-libmp3lame --enable-libmysofa --enable-libopenjpeg --enable-libopenmpt --enable-libopus --enable-libpulse --enable-librabbitmq --enable-librsvg --enable-librubberband --enable-libshine --enable-libsnappy --enable-libsoxr --enable-libspeex --enable-libsrt --enable-libssh --enable-libtheora --enable-libtwolame --enable-libvidstab --enable-libvorbis --enable-libvpx --enable-libwavpack --enable-libwebp --enable-libx265 --enable-libxml2 --enable-libxvid --enable-libzmq --enable-libzvbi --enable-lv2 --enable-omx --enable-openal --enable-opencl --enable-opengl --enable-sdl2 --enable-mmal --enable-neon --enable-rpi --enable-v4l2-request --enable-libudev --enable-epoxy --enable-pocketsphinx --enable-libdc1394 --enable-libdrm --enable-vout-drm --enable-libiec61883 --enable-chromaprint --enable-frei0r --enable-libx264 --libdir=/usr/lib/arm-linux-gnueabihf/neon/vfp --cpu=cortex-a7 --arch=armv6t2 --disable-thumb --enable-shared --disable-doc --disable-programs
  swscale     configuration: --prefix=/usr --extra-version=0+deb11u1+rpt1 --toolchain=hardened --incdir=/usr/include/arm-linux-gnueabihf --enable-gpl --disable-stripping --enable-avresample --disable-filter=resample --enable-gnutls --enable-ladspa --enable-libaom --enable-libass --enable-libbluray --enable-libbs2b --enable-libcaca --enable-libcdio --enable-libcodec2 --enable-libdav1d --enable-libflite --enable-libfontconfig --enable-libfreetype --enable-libfribidi --enable-libgme --enable-libgsm --enable-libjack --enable-libmp3lame --enable-libmysofa --enable-libopenjpeg --enable-libopenmpt --enable-libopus --enable-libpulse --enable-librabbitmq --enable-librsvg --enable-librubberband --enable-libshine --enable-libsnappy --enable-libsoxr --enable-libspeex --enable-libsrt --enable-libssh --enable-libtheora --enable-libtwolame --enable-libvidstab --enable-libvorbis --enable-libvpx --enable-libwavpack --enable-libwebp --enable-libx265 --enable-libxml2 --enable-libxvid --enable-libzmq --enable-libzvbi --enable-lv2 --enable-omx --enable-openal --enable-opencl --enable-opengl --enable-sdl2 --enable-mmal --enable-neon --enable-rpi --enable-v4l2-request --enable-libudev --enable-epoxy --enable-pocketsphinx --enable-libdc1394 --enable-libdrm --enable-vout-drm --enable-libiec61883 --enable-chromaprint --enable-frei0r --enable-libx264 --libdir=/usr/lib/arm-linux-gnueabihf/neon/vfp --cpu=cortex-a7 --arch=armv6t2 --disable-thumb --enable-shared --disable-doc --disable-programs
  swresample  configuration: --prefix=/usr --extra-version=0+deb11u1+rpt1 --toolchain=hardened --incdir=/usr/include/arm-linux-gnueabihf --enable-gpl --disable-stripping --enable-avresample --disable-filter=resample --enable-gnutls --enable-ladspa --enable-libaom --enable-libass --enable-libbluray --enable-libbs2b --enable-libcaca --enable-libcdio --enable-libcodec2 --enable-libdav1d --enable-libflite --enable-libfontconfig --enable-libfreetype --enable-libfribidi --enable-libgme --enable-libgsm --enable-libjack --enable-libmp3lame --enable-libmysofa --enable-libopenjpeg --enable-libopenmpt --enable-libopus --enable-libpulse --enable-librabbitmq --enable-librsvg --enable-librubberband --enable-libshine --enable-libsnappy --enable-libsoxr --enable-libspeex --enable-libsrt --enable-libssh --enable-libtheora --enable-libtwolame --enable-libvidstab --enable-libvorbis --enable-libvpx --enable-libwavpack --enable-libwebp --enable-libx265 --enable-libxml2 --enable-libxvid --enable-libzmq --enable-libzvbi --enable-lv2 --enable-omx --enable-openal --enable-opencl --enable-opengl --enable-sdl2 --enable-mmal --enable-neon --enable-rpi --enable-v4l2-request --enable-libudev --enable-epoxy --enable-pocketsphinx --enable-libdc1394 --enable-libdrm --enable-vout-drm --enable-libiec61883 --enable-chromaprint --enable-frei0r --enable-libx264 --libdir=/usr/lib/arm-linux-gnueabihf/neon/vfp --cpu=cortex-a7 --arch=armv6t2 --disable-thumb --enable-shared --disable-doc --disable-programs
  postproc    configuration: --prefix=/usr --extra-version=0+deb11u1+rpt1 --toolchain=hardened --incdir=/usr/include/arm-linux-gnueabihf --enable-gpl --disable-stripping --enable-avresample --disable-filter=resample --enable-gnutls --enable-ladspa --enable-libaom --enable-libass --enable-libbluray --enable-libbs2b --enable-libcaca --enable-libcdio --enable-libcodec2 --enable-libdav1d --enable-libflite --enable-libfontconfig --enable-libfreetype --enable-libfribidi --enable-libgme --enable-libgsm --enable-libjack --enable-libmp3lame --enable-libmysofa --enable-libopenjpeg --enable-libopenmpt --enable-libopus --enable-libpulse --enable-librabbitmq --enable-librsvg --enable-librubberband --enable-libshine --enable-libsnappy --enable-libsoxr --enable-libspeex --enable-libsrt --enable-libssh --enable-libtheora --enable-libtwolame --enable-libvidstab --enable-libvorbis --enable-libvpx --enable-libwavpack --enable-libwebp --enable-libx265 --enable-libxml2 --enable-libxvid --enable-libzmq --enable-libzvbi --enable-lv2 --enable-omx --enable-openal --enable-opencl --enable-opengl --enable-sdl2 --enable-mmal --enable-neon --enable-rpi --enable-v4l2-request --enable-libudev --enable-epoxy --enable-pocketsphinx --enable-libdc1394 --enable-libdrm --enable-vout-drm --enable-libiec61883 --enable-chromaprint --enable-frei0r --enable-libx264 --libdir=/usr/lib/arm-linux-gnueabihf/neon/vfp --cpu=cortex-a7 --arch=armv6t2 --disable-thumb --enable-shared --disable-doc --disable-programs
  libavutil      56. 51.100 / 56. 51.100
  libavcodec     58. 91.100 / 58. 91.100
  libavformat    58. 45.100 / 58. 45.100
  libavdevice    58. 10.100 / 58. 10.100
  libavfilter     7. 85.100 /  7. 85.100
  libavresample   4.  0.  0 /  4.  0.  0
  libswscale      5.  7.100 /  5.  7.100
  libswresample   3.  7.100 /  3.  7.100
  libpostproc    55.  7.100 / 55.  7.100
Input #0, concat, from '/tmp/tmp.d0m6swiVEN':
  Duration: N/A, start: 0.000000, bitrate: N/A
    Stream #0:0: Video: mjpeg (Baseline), yuvj420p(pc, bt470bg/unknown/unknown), 640x480 [SAR 96:96 DAR 4:3], 25 tbr, 25 tbn, 25 tbc
Stream mapping:
  Stream #0:0 -> #0:0 (mjpeg (native) -> gif (native))
Press [q] to stop, [?] for help
[swscaler @ 0xc49570] deprecated pixel format used, make sure you did set range correctly
[swscaler @ 0xc49570] No accelerated colorspace conversion found from yuv420p to bgr8.
Output #0, gif, to '/tmp/tmp.vZqFpN03Ah.gif':
  Metadata:
    encoder         : Lavf58.45.100
    Stream #0:0: Video: gif, bgr8, 640x480 [SAR 1:1 DAR 4:3], q=2-31, 200 kb/s, 6 fps, 100 tbn, 6 tbc
    Metadata:
      encoder         : Lavc58.91.100 gif
[swscaler @ 0xc49570] deprecated pixel format used, make sure you did set range correctly
[swscaler @ 0xc2f1b0] deprecated pixel format used, make sure you did set range correctly
frame=   15 fps=0.0 q=-0.0 size=     512kB time=00:00:02.51 bitrate=1671.0kbits/s speed=4.75x    frame=   23 fps=0.0 q=-0.0 Lsize=     997kB time=00:00:03.84 bitrate=2127.6kbits/s speed=4.31x    
video:997kB audio:0kB subtitle:0kB other streams:0kB global headers:0kB muxing overhead: 0.001958%
[2026-08-04 12:00:04] Rebuilt timelapse.gif
[main afdb7f9] Daily image: 2026-08-04 12:00:01
 3 files changed, 1 insertion(+)
 create mode 100644 images/2026-08-04.jpg
From github.com:UWIN-Dev/UWIN-Dev.github.io
 * branch            main       -> FETCH_HEAD
Current branch main is up to date.
To github.com:UWIN-Dev/UWIN-Dev.github.io.git
   db3b2b2..afdb7f9  main -> main
[2026-08-04 12:00:11] === Successfully pushed 2026-08-04.jpg (and timelapse.gif) to main ===
[2026-08-05 12:00:01] === Starting daily capture for 2026-08-05 ===
[1m--- Opening /dev/video0...
[0m[0mTrying source module v4l2...
[0m[0m/dev/video0 opened.
[0m[0mNo input was specified, using the first.
[0m[1m--- Capturing frame...
[0m[0mSkipping 5 frames...
[0m[0mCapturing 1 frames...
[0m[0mCaptured 6 frames in 0.16 seconds. (38 fps)
[0m[1m--- Processing captured image...
[0m[0mDisabling banner.
[0m[0mSetting output format to JPEG, quality 85
[0m[0mWriting JPEG image to '/home/csic/grow-beyond-earth/images/2026-08-05.jpg'.
[0m[2026-08-05 12:00:03] Captured 2026-08-05.jpg
[2026-08-05 12:00:03] Regenerated manifest.json (entries: 21)
ffmpeg version 4.3.9-0+deb11u1+rpt1 Copyright (c) 2000-2025 the FFmpeg developers
  built with gcc 10 (Raspbian 10.2.1-6+rpi1)
  configuration: --prefix=/usr --extra-version=0+deb11u1+rpt1 --toolchain=hardened --incdir=/usr/include/arm-linux-gnueabihf --enable-gpl --disable-stripping --enable-avresample --disable-filter=resample --enable-gnutls --enable-ladspa --enable-libaom --enable-libass --enable-libbluray --enable-libbs2b --enable-libcaca --enable-libcdio --enable-libcodec2 --enable-libdav1d --enable-libflite --enable-libfontconfig --enable-libfreetype --enable-libfribidi --enable-libgme --enable-libgsm --enable-libjack --enable-libmp3lame --enable-libmysofa --enable-libopenjpeg --enable-libopenmpt --enable-libopus --enable-libpulse --enable-librabbitmq --enable-librsvg --enable-librubberband --enable-libshine --enable-libsnappy --enable-libsoxr --enable-libspeex --enable-libsrt --enable-libssh --enable-libtheora --enable-libtwolame --enable-libvidstab --enable-libvorbis --enable-libvpx --enable-libwavpack --enable-libwebp --enable-libx265 --enable-libxml2 --enable-libxvid --enable-libzmq --enable-libzvbi --enable-lv2 --enable-omx --enable-openal --enable-opencl --enable-opengl --enable-sdl2 --enable-mmal --enable-neon --enable-rpi --enable-v4l2-request --enable-libudev --enable-epoxy --enable-pocketsphinx --enable-libdc1394 --enable-libdrm --enable-vout-drm --enable-libiec61883 --enable-chromaprint --enable-frei0r --enable-libx264 --enable-shared --libdir=/usr/lib/arm-linux-gnueabihf --cpu=arm1176jzf-s --arch=arm
  WARNING: library configuration mismatch
  avutil      configuration: --prefix=/usr --extra-version=0+deb11u1+rpt1 --toolchain=hardened --incdir=/usr/include/arm-linux-gnueabihf --enable-gpl --disable-stripping --enable-avresample --disable-filter=resample --enable-gnutls --enable-ladspa --enable-libaom --enable-libass --enable-libbluray --enable-libbs2b --enable-libcaca --enable-libcdio --enable-libcodec2 --enable-libdav1d --enable-libflite --enable-libfontconfig --enable-libfreetype --enable-libfribidi --enable-libgme --enable-libgsm --enable-libjack --enable-libmp3lame --enable-libmysofa --enable-libopenjpeg --enable-libopenmpt --enable-libopus --enable-libpulse --enable-librabbitmq --enable-librsvg --enable-librubberband --enable-libshine --enable-libsnappy --enable-libsoxr --enable-libspeex --enable-libsrt --enable-libssh --enable-libtheora --enable-libtwolame --enable-libvidstab --enable-libvorbis --enable-libvpx --enable-libwavpack --enable-libwebp --enable-libx265 --enable-libxml2 --enable-libxvid --enable-libzmq --enable-libzvbi --enable-lv2 --enable-omx --enable-openal --enable-opencl --enable-opengl --enable-sdl2 --enable-mmal --enable-neon --enable-rpi --enable-v4l2-request --enable-libudev --enable-epoxy --enable-pocketsphinx --enable-libdc1394 --enable-libdrm --enable-vout-drm --enable-libiec61883 --enable-chromaprint --enable-frei0r --enable-libx264 --libdir=/usr/lib/arm-linux-gnueabihf/neon/vfp --cpu=cortex-a7 --arch=armv6t2 --disable-thumb --enable-shared --disable-doc --disable-programs
  avcodec     configuration: --prefix=/usr --extra-version=0+deb11u1+rpt1 --toolchain=hardened --incdir=/usr/include/arm-linux-gnueabihf --enable-gpl --disable-stripping --enable-avresample --disable-filter=resample --enable-gnutls --enable-ladspa --enable-libaom --enable-libass --enable-libbluray --enable-libbs2b --enable-libcaca --enable-libcdio --enable-libcodec2 --enable-libdav1d --enable-libflite --enable-libfontconfig --enable-libfreetype --enable-libfribidi --enable-libgme --enable-libgsm --enable-libjack --enable-libmp3lame --enable-libmysofa --enable-libopenjpeg --enable-libopenmpt --enable-libopus --enable-libpulse --enable-librabbitmq --enable-librsvg --enable-librubberband --enable-libshine --enable-libsnappy --enable-libsoxr --enable-libspeex --enable-libsrt --enable-libssh --enable-libtheora --enable-libtwolame --enable-libvidstab --enable-libvorbis --enable-libvpx --enable-libwavpack --enable-libwebp --enable-libx265 --enable-libxml2 --enable-libxvid --enable-libzmq --enable-libzvbi --enable-lv2 --enable-omx --enable-openal --enable-opencl --enable-opengl --enable-sdl2 --enable-mmal --enable-neon --enable-rpi --enable-v4l2-request --enable-libudev --enable-epoxy --enable-pocketsphinx --enable-libdc1394 --enable-libdrm --enable-vout-drm --enable-libiec61883 --enable-chromaprint --enable-frei0r --enable-libx264 --libdir=/usr/lib/arm-linux-gnueabihf/neon/vfp --cpu=cortex-a7 --arch=armv6t2 --disable-thumb --enable-shared --disable-doc --disable-programs
  avformat    configuration: --prefix=/usr --extra-version=0+deb11u1+rpt1 --toolchain=hardened --incdir=/usr/include/arm-linux-gnueabihf --enable-gpl --disable-stripping --enable-avresample --disable-filter=resample --enable-gnutls --enable-ladspa --enable-libaom --enable-libass --enable-libbluray --enable-libbs2b --enable-libcaca --enable-libcdio --enable-libcodec2 --enable-libdav1d --enable-libflite --enable-libfontconfig --enable-libfreetype --enable-libfribidi --enable-libgme --enable-libgsm --enable-libjack --enable-libmp3lame --enable-libmysofa --enable-libopenjpeg --enable-libopenmpt --enable-libopus --enable-libpulse --enable-librabbitmq --enable-librsvg --enable-librubberband --enable-libshine --enable-libsnappy --enable-libsoxr --enable-libspeex --enable-libsrt --enable-libssh --enable-libtheora --enable-libtwolame --enable-libvidstab --enable-libvorbis --enable-libvpx --enable-libwavpack --enable-libwebp --enable-libx265 --enable-libxml2 --enable-libxvid --enable-libzmq --enable-libzvbi --enable-lv2 --enable-omx --enable-openal --enable-opencl --enable-opengl --enable-sdl2 --enable-mmal --enable-neon --enable-rpi --enable-v4l2-request --enable-libudev --enable-epoxy --enable-pocketsphinx --enable-libdc1394 --enable-libdrm --enable-vout-drm --enable-libiec61883 --enable-chromaprint --enable-frei0r --enable-libx264 --libdir=/usr/lib/arm-linux-gnueabihf/neon/vfp --cpu=cortex-a7 --arch=armv6t2 --disable-thumb --enable-shared --disable-doc --disable-programs
  avdevice    configuration: --prefix=/usr --extra-version=0+deb11u1+rpt1 --toolchain=hardened --incdir=/usr/include/arm-linux-gnueabihf --enable-gpl --disable-stripping --enable-avresample --disable-filter=resample --enable-gnutls --enable-ladspa --enable-libaom --enable-libass --enable-libbluray --enable-libbs2b --enable-libcaca --enable-libcdio --enable-libcodec2 --enable-libdav1d --enable-libflite --enable-libfontconfig --enable-libfreetype --enable-libfribidi --enable-libgme --enable-libgsm --enable-libjack --enable-libmp3lame --enable-libmysofa --enable-libopenjpeg --enable-libopenmpt --enable-libopus --enable-libpulse --enable-librabbitmq --enable-librsvg --enable-librubberband --enable-libshine --enable-libsnappy --enable-libsoxr --enable-libspeex --enable-libsrt --enable-libssh --enable-libtheora --enable-libtwolame --enable-libvidstab --enable-libvorbis --enable-libvpx --enable-libwavpack --enable-libwebp --enable-libx265 --enable-libxml2 --enable-libxvid --enable-libzmq --enable-libzvbi --enable-lv2 --enable-omx --enable-openal --enable-opencl --enable-opengl --enable-sdl2 --enable-mmal --enable-neon --enable-rpi --enable-v4l2-request --enable-libudev --enable-epoxy --enable-pocketsphinx --enable-libdc1394 --enable-libdrm --enable-vout-drm --enable-libiec61883 --enable-chromaprint --enable-frei0r --enable-libx264 --libdir=/usr/lib/arm-linux-gnueabihf/neon/vfp --cpu=cortex-a7 --arch=armv6t2 --disable-thumb --enable-shared --disable-doc --disable-programs
  avfilter    configuration: --prefix=/usr --extra-version=0+deb11u1+rpt1 --toolchain=hardened --incdir=/usr/include/arm-linux-gnueabihf --enable-gpl --disable-stripping --enable-avresample --disable-filter=resample --enable-gnutls --enable-ladspa --enable-libaom --enable-libass --enable-libbluray --enable-libbs2b --enable-libcaca --enable-libcdio --enable-libcodec2 --enable-libdav1d --enable-libflite --enable-libfontconfig --enable-libfreetype --enable-libfribidi --enable-libgme --enable-libgsm --enable-libjack --enable-libmp3lame --enable-libmysofa --enable-libopenjpeg --enable-libopenmpt --enable-libopus --enable-libpulse --enable-librabbitmq --enable-librsvg --enable-librubberband --enable-libshine --enable-libsnappy --enable-libsoxr --enable-libspeex --enable-libsrt --enable-libssh --enable-libtheora --enable-libtwolame --enable-libvidstab --enable-libvorbis --enable-libvpx --enable-libwavpack --enable-libwebp --enable-libx265 --enable-libxml2 --enable-libxvid --enable-libzmq --enable-libzvbi --enable-lv2 --enable-omx --enable-openal --enable-opencl --enable-opengl --enable-sdl2 --enable-mmal --enable-neon --enable-rpi --enable-v4l2-request --enable-libudev --enable-epoxy --enable-pocketsphinx --enable-libdc1394 --enable-libdrm --enable-vout-drm --enable-libiec61883 --enable-chromaprint --enable-frei0r --enable-libx264 --libdir=/usr/lib/arm-linux-gnueabihf/neon/vfp --cpu=cortex-a7 --arch=armv6t2 --disable-thumb --enable-shared --disable-doc --disable-programs
  avresample  configuration: --prefix=/usr --extra-version=0+deb11u1+rpt1 --toolchain=hardened --incdir=/usr/include/arm-linux-gnueabihf --enable-gpl --disable-stripping --enable-avresample --disable-filter=resample --enable-gnutls --enable-ladspa --enable-libaom --enable-libass --enable-libbluray --enable-libbs2b --enable-libcaca --enable-libcdio --enable-libcodec2 --enable-libdav1d --enable-libflite --enable-libfontconfig --enable-libfreetype --enable-libfribidi --enable-libgme --enable-libgsm --enable-libjack --enable-libmp3lame --enable-libmysofa --enable-libopenjpeg --enable-libopenmpt --enable-libopus --enable-libpulse --enable-librabbitmq --enable-librsvg --enable-librubberband --enable-libshine --enable-libsnappy --enable-libsoxr --enable-libspeex --enable-libsrt --enable-libssh --enable-libtheora --enable-libtwolame --enable-libvidstab --enable-libvorbis --enable-libvpx --enable-libwavpack --enable-libwebp --enable-libx265 --enable-libxml2 --enable-libxvid --enable-libzmq --enable-libzvbi --enable-lv2 --enable-omx --enable-openal --enable-opencl --enable-opengl --enable-sdl2 --enable-mmal --enable-neon --enable-rpi --enable-v4l2-request --enable-libudev --enable-epoxy --enable-pocketsphinx --enable-libdc1394 --enable-libdrm --enable-vout-drm --enable-libiec61883 --enable-chromaprint --enable-frei0r --enable-libx264 --libdir=/usr/lib/arm-linux-gnueabihf/neon/vfp --cpu=cortex-a7 --arch=armv6t2 --disable-thumb --enable-shared --disable-doc --disable-programs
  swscale     configuration: --prefix=/usr --extra-version=0+deb11u1+rpt1 --toolchain=hardened --incdir=/usr/include/arm-linux-gnueabihf --enable-gpl --disable-stripping --enable-avresample --disable-filter=resample --enable-gnutls --enable-ladspa --enable-libaom --enable-libass --enable-libbluray --enable-libbs2b --enable-libcaca --enable-libcdio --enable-libcodec2 --enable-libdav1d --enable-libflite --enable-libfontconfig --enable-libfreetype --enable-libfribidi --enable-libgme --enable-libgsm --enable-libjack --enable-libmp3lame --enable-libmysofa --enable-libopenjpeg --enable-libopenmpt --enable-libopus --enable-libpulse --enable-librabbitmq --enable-librsvg --enable-librubberband --enable-libshine --enable-libsnappy --enable-libsoxr --enable-libspeex --enable-libsrt --enable-libssh --enable-libtheora --enable-libtwolame --enable-libvidstab --enable-libvorbis --enable-libvpx --enable-libwavpack --enable-libwebp --enable-libx265 --enable-libxml2 --enable-libxvid --enable-libzmq --enable-libzvbi --enable-lv2 --enable-omx --enable-openal --enable-opencl --enable-opengl --enable-sdl2 --enable-mmal --enable-neon --enable-rpi --enable-v4l2-request --enable-libudev --enable-epoxy --enable-pocketsphinx --enable-libdc1394 --enable-libdrm --enable-vout-drm --enable-libiec61883 --enable-chromaprint --enable-frei0r --enable-libx264 --libdir=/usr/lib/arm-linux-gnueabihf/neon/vfp --cpu=cortex-a7 --arch=armv6t2 --disable-thumb --enable-shared --disable-doc --disable-programs
  swresample  configuration: --prefix=/usr --extra-version=0+deb11u1+rpt1 --toolchain=hardened --incdir=/usr/include/arm-linux-gnueabihf --enable-gpl --disable-stripping --enable-avresample --disable-filter=resample --enable-gnutls --enable-ladspa --enable-libaom --enable-libass --enable-libbluray --enable-libbs2b --enable-libcaca --enable-libcdio --enable-libcodec2 --enable-libdav1d --enable-libflite --enable-libfontconfig --enable-libfreetype --enable-libfribidi --enable-libgme --enable-libgsm --enable-libjack --enable-libmp3lame --enable-libmysofa --enable-libopenjpeg --enable-libopenmpt --enable-libopus --enable-libpulse --enable-librabbitmq --enable-librsvg --enable-librubberband --enable-libshine --enable-libsnappy --enable-libsoxr --enable-libspeex --enable-libsrt --enable-libssh --enable-libtheora --enable-libtwolame --enable-libvidstab --enable-libvorbis --enable-libvpx --enable-libwavpack --enable-libwebp --enable-libx265 --enable-libxml2 --enable-libxvid --enable-libzmq --enable-libzvbi --enable-lv2 --enable-omx --enable-openal --enable-opencl --enable-opengl --enable-sdl2 --enable-mmal --enable-neon --enable-rpi --enable-v4l2-request --enable-libudev --enable-epoxy --enable-pocketsphinx --enable-libdc1394 --enable-libdrm --enable-vout-drm --enable-libiec61883 --enable-chromaprint --enable-frei0r --enable-libx264 --libdir=/usr/lib/arm-linux-gnueabihf/neon/vfp --cpu=cortex-a7 --arch=armv6t2 --disable-thumb --enable-shared --disable-doc --disable-programs
  postproc    configuration: --prefix=/usr --extra-version=0+deb11u1+rpt1 --toolchain=hardened --incdir=/usr/include/arm-linux-gnueabihf --enable-gpl --disable-stripping --enable-avresample --disable-filter=resample --enable-gnutls --enable-ladspa --enable-libaom --enable-libass --enable-libbluray --enable-libbs2b --enable-libcaca --enable-libcdio --enable-libcodec2 --enable-libdav1d --enable-libflite --enable-libfontconfig --enable-libfreetype --enable-libfribidi --enable-libgme --enable-libgsm --enable-libjack --enable-libmp3lame --enable-libmysofa --enable-libopenjpeg --enable-libopenmpt --enable-libopus --enable-libpulse --enable-librabbitmq --enable-librsvg --enable-librubberband --enable-libshine --enable-libsnappy --enable-libsoxr --enable-libspeex --enable-libsrt --enable-libssh --enable-libtheora --enable-libtwolame --enable-libvidstab --enable-libvorbis --enable-libvpx --enable-libwavpack --enable-libwebp --enable-libx265 --enable-libxml2 --enable-libxvid --enable-libzmq --enable-libzvbi --enable-lv2 --enable-omx --enable-openal --enable-opencl --enable-opengl --enable-sdl2 --enable-mmal --enable-neon --enable-rpi --enable-v4l2-request --enable-libudev --enable-epoxy --enable-pocketsphinx --enable-libdc1394 --enable-libdrm --enable-vout-drm --enable-libiec61883 --enable-chromaprint --enable-frei0r --enable-libx264 --libdir=/usr/lib/arm-linux-gnueabihf/neon/vfp --cpu=cortex-a7 --arch=armv6t2 --disable-thumb --enable-shared --disable-doc --disable-programs
  libavutil      56. 51.100 / 56. 51.100
  libavcodec     58. 91.100 / 58. 91.100
  libavformat    58. 45.100 / 58. 45.100
  libavdevice    58. 10.100 / 58. 10.100
  libavfilter     7. 85.100 /  7. 85.100
  libavresample   4.  0.  0 /  4.  0.  0
  libswscale      5.  7.100 /  5.  7.100
  libswresample   3.  7.100 /  3.  7.100
  libpostproc    55.  7.100 / 55.  7.100
Input #0, concat, from '/tmp/tmp.6Mqus6iCDd':
  Duration: N/A, start: 0.000000, bitrate: N/A
    Stream #0:0: Video: mjpeg (Baseline), yuvj420p(pc, bt470bg/unknown/unknown), 640x480 [SAR 96:96 DAR 4:3], 25 tbr, 25 tbn, 25 tbc
Stream mapping:
  Stream #0:0 -> #0:0 (mjpeg (native) -> gif (native))
Press [q] to stop, [?] for help
[swscaler @ 0x777690] deprecated pixel format used, make sure you did set range correctly
[swscaler @ 0x777690] No accelerated colorspace conversion found from yuv420p to bgr8.
Output #0, gif, to '/tmp/tmp.Qsk8dU5IPQ.gif':
  Metadata:
    encoder         : Lavf58.45.100
    Stream #0:0: Video: gif, bgr8, 640x480 [SAR 1:1 DAR 4:3], q=2-31, 200 kb/s, 6 fps, 100 tbn, 6 tbc
    Metadata:
      encoder         : Lavc58.91.100 gif
[swscaler @ 0x777690] deprecated pixel format used, make sure you did set range correctly
[swscaler @ 0x75b060] deprecated pixel format used, make sure you did set range correctly
frame=   15 fps=0.0 q=-0.0 size=     512kB time=00:00:02.51 bitrate=1671.0kbits/s speed= 4.8x    frame=   24 fps=0.0 q=-0.0 Lsize=    1062kB time=00:00:04.01 bitrate=2169.5kbits/s speed=4.34x    
video:1062kB audio:0kB subtitle:0kB other streams:0kB global headers:0kB muxing overhead: 0.001839%
[2026-08-05 12:00:04] Rebuilt timelapse.gif
[main b7f2649] Daily image: 2026-08-05 12:00:01
 3 files changed, 1 insertion(+)
 create mode 100644 images/2026-08-05.jpg
From github.com:UWIN-Dev/UWIN-Dev.github.io
 * branch            main       -> FETCH_HEAD
Current branch main is up to date.
To github.com:UWIN-Dev/UWIN-Dev.github.io.git
   afdb7f9..b7f2649  main -> main
[2026-08-05 12:00:08] === Successfully pushed 2026-08-05.jpg (and timelapse.gif) to main ===
[2026-08-05 12:48:21] === Starting daily capture for 2026-08-05 ===
[1m--- Opening /dev/video0...
[0m[0mTrying source module v4l2...
[0m[0m/dev/video0 opened.
[0m[0mNo input was specified, using the first.
[0m[1m--- Capturing frame...
[0m[0mSkipping 5 frames...
[0m[0mCapturing 1 frames...
[0m[0mCaptured 6 frames in 0.16 seconds. (38 fps)
[0m[1m--- Processing captured image...
[0m[0mDisabling banner.
[0m[0mSetting output format to JPEG, quality 85
[0m[0mWriting JPEG image to '/home/csic/grow-beyond-earth/images/2026-08-05.jpg'.
[0m[2026-08-05 12:48:23] Captured 2026-08-05.jpg
[2026-08-05 12:48:23] Regenerated manifest.json (entries: 21)
ffmpeg version 4.3.9-0+deb11u1+rpt1 Copyright (c) 2000-2025 the FFmpeg developers
  built with gcc 10 (Raspbian 10.2.1-6+rpi1)
  configuration: --prefix=/usr --extra-version=0+deb11u1+rpt1 --toolchain=hardened --incdir=/usr/include/arm-linux-gnueabihf --enable-gpl --disable-stripping --enable-avresample --disable-filter=resample --enable-gnutls --enable-ladspa --enable-libaom --enable-libass --enable-libbluray --enable-libbs2b --enable-libcaca --enable-libcdio --enable-libcodec2 --enable-libdav1d --enable-libflite --enable-libfontconfig --enable-libfreetype --enable-libfribidi --enable-libgme --enable-libgsm --enable-libjack --enable-libmp3lame --enable-libmysofa --enable-libopenjpeg --enable-libopenmpt --enable-libopus --enable-libpulse --enable-librabbitmq --enable-librsvg --enable-librubberband --enable-libshine --enable-libsnappy --enable-libsoxr --enable-libspeex --enable-libsrt --enable-libssh --enable-libtheora --enable-libtwolame --enable-libvidstab --enable-libvorbis --enable-libvpx --enable-libwavpack --enable-libwebp --enable-libx265 --enable-libxml2 --enable-libxvid --enable-libzmq --enable-libzvbi --enable-lv2 --enable-omx --enable-openal --enable-opencl --enable-opengl --enable-sdl2 --enable-mmal --enable-neon --enable-rpi --enable-v4l2-request --enable-libudev --enable-epoxy --enable-pocketsphinx --enable-libdc1394 --enable-libdrm --enable-vout-drm --enable-libiec61883 --enable-chromaprint --enable-frei0r --enable-libx264 --enable-shared --libdir=/usr/lib/arm-linux-gnueabihf --cpu=arm1176jzf-s --arch=arm
  WARNING: library configuration mismatch
  avutil      configuration: --prefix=/usr --extra-version=0+deb11u1+rpt1 --toolchain=hardened --incdir=/usr/include/arm-linux-gnueabihf --enable-gpl --disable-stripping --enable-avresample --disable-filter=resample --enable-gnutls --enable-ladspa --enable-libaom --enable-libass --enable-libbluray --enable-libbs2b --enable-libcaca --enable-libcdio --enable-libcodec2 --enable-libdav1d --enable-libflite --enable-libfontconfig --enable-libfreetype --enable-libfribidi --enable-libgme --enable-libgsm --enable-libjack --enable-libmp3lame --enable-libmysofa --enable-libopenjpeg --enable-libopenmpt --enable-libopus --enable-libpulse --enable-librabbitmq --enable-librsvg --enable-librubberband --enable-libshine --enable-libsnappy --enable-libsoxr --enable-libspeex --enable-libsrt --enable-libssh --enable-libtheora --enable-libtwolame --enable-libvidstab --enable-libvorbis --enable-libvpx --enable-libwavpack --enable-libwebp --enable-libx265 --enable-libxml2 --enable-libxvid --enable-libzmq --enable-libzvbi --enable-lv2 --enable-omx --enable-openal --enable-opencl --enable-opengl --enable-sdl2 --enable-mmal --enable-neon --enable-rpi --enable-v4l2-request --enable-libudev --enable-epoxy --enable-pocketsphinx --enable-libdc1394 --enable-libdrm --enable-vout-drm --enable-libiec61883 --enable-chromaprint --enable-frei0r --enable-libx264 --libdir=/usr/lib/arm-linux-gnueabihf/neon/vfp --cpu=cortex-a7 --arch=armv6t2 --disable-thumb --enable-shared --disable-doc --disable-programs
  avcodec     configuration: --prefix=/usr --extra-version=0+deb11u1+rpt1 --toolchain=hardened --incdir=/usr/include/arm-linux-gnueabihf --enable-gpl --disable-stripping --enable-avresample --disable-filter=resample --enable-gnutls --enable-ladspa --enable-libaom --enable-libass --enable-libbluray --enable-libbs2b --enable-libcaca --enable-libcdio --enable-libcodec2 --enable-libdav1d --enable-libflite --enable-libfontconfig --enable-libfreetype --enable-libfribidi --enable-libgme --enable-libgsm --enable-libjack --enable-libmp3lame --enable-libmysofa --enable-libopenjpeg --enable-libopenmpt --enable-libopus --enable-libpulse --enable-librabbitmq --enable-librsvg --enable-librubberband --enable-libshine --enable-libsnappy --enable-libsoxr --enable-libspeex --enable-libsrt --enable-libssh --enable-libtheora --enable-libtwolame --enable-libvidstab --enable-libvorbis --enable-libvpx --enable-libwavpack --enable-libwebp --enable-libx265 --enable-libxml2 --enable-libxvid --enable-libzmq --enable-libzvbi --enable-lv2 --enable-omx --enable-openal --enable-opencl --enable-opengl --enable-sdl2 --enable-mmal --enable-neon --enable-rpi --enable-v4l2-request --enable-libudev --enable-epoxy --enable-pocketsphinx --enable-libdc1394 --enable-libdrm --enable-vout-drm --enable-libiec61883 --enable-chromaprint --enable-frei0r --enable-libx264 --libdir=/usr/lib/arm-linux-gnueabihf/neon/vfp --cpu=cortex-a7 --arch=armv6t2 --disable-thumb --enable-shared --disable-doc --disable-programs
  avformat    configuration: --prefix=/usr --extra-version=0+deb11u1+rpt1 --toolchain=hardened --incdir=/usr/include/arm-linux-gnueabihf --enable-gpl --disable-stripping --enable-avresample --disable-filter=resample --enable-gnutls --enable-ladspa --enable-libaom --enable-libass --enable-libbluray --enable-libbs2b --enable-libcaca --enable-libcdio --enable-libcodec2 --enable-libdav1d --enable-libflite --enable-libfontconfig --enable-libfreetype --enable-libfribidi --enable-libgme --enable-libgsm --enable-libjack --enable-libmp3lame --enable-libmysofa --enable-libopenjpeg --enable-libopenmpt --enable-libopus --enable-libpulse --enable-librabbitmq --enable-librsvg --enable-librubberband --enable-libshine --enable-libsnappy --enable-libsoxr --enable-libspeex --enable-libsrt --enable-libssh --enable-libtheora --enable-libtwolame --enable-libvidstab --enable-libvorbis --enable-libvpx --enable-libwavpack --enable-libwebp --enable-libx265 --enable-libxml2 --enable-libxvid --enable-libzmq --enable-libzvbi --enable-lv2 --enable-omx --enable-openal --enable-opencl --enable-opengl --enable-sdl2 --enable-mmal --enable-neon --enable-rpi --enable-v4l2-request --enable-libudev --enable-epoxy --enable-pocketsphinx --enable-libdc1394 --enable-libdrm --enable-vout-drm --enable-libiec61883 --enable-chromaprint --enable-frei0r --enable-libx264 --libdir=/usr/lib/arm-linux-gnueabihf/neon/vfp --cpu=cortex-a7 --arch=armv6t2 --disable-thumb --enable-shared --disable-doc --disable-programs
  avdevice    configuration: --prefix=/usr --extra-version=0+deb11u1+rpt1 --toolchain=hardened --incdir=/usr/include/arm-linux-gnueabihf --enable-gpl --disable-stripping --enable-avresample --disable-filter=resample --enable-gnutls --enable-ladspa --enable-libaom --enable-libass --enable-libbluray --enable-libbs2b --enable-libcaca --enable-libcdio --enable-libcodec2 --enable-libdav1d --enable-libflite --enable-libfontconfig --enable-libfreetype --enable-libfribidi --enable-libgme --enable-libgsm --enable-libjack --enable-libmp3lame --enable-libmysofa --enable-libopenjpeg --enable-libopenmpt --enable-libopus --enable-libpulse --enable-librabbitmq --enable-librsvg --enable-librubberband --enable-libshine --enable-libsnappy --enable-libsoxr --enable-libspeex --enable-libsrt --enable-libssh --enable-libtheora --enable-libtwolame --enable-libvidstab --enable-libvorbis --enable-libvpx --enable-libwavpack --enable-libwebp --enable-libx265 --enable-libxml2 --enable-libxvid --enable-libzmq --enable-libzvbi --enable-lv2 --enable-omx --enable-openal --enable-opencl --enable-opengl --enable-sdl2 --enable-mmal --enable-neon --enable-rpi --enable-v4l2-request --enable-libudev --enable-epoxy --enable-pocketsphinx --enable-libdc1394 --enable-libdrm --enable-vout-drm --enable-libiec61883 --enable-chromaprint --enable-frei0r --enable-libx264 --libdir=/usr/lib/arm-linux-gnueabihf/neon/vfp --cpu=cortex-a7 --arch=armv6t2 --disable-thumb --enable-shared --disable-doc --disable-programs
  avfilter    configuration: --prefix=/usr --extra-version=0+deb11u1+rpt1 --toolchain=hardened --incdir=/usr/include/arm-linux-gnueabihf --enable-gpl --disable-stripping --enable-avresample --disable-filter=resample --enable-gnutls --enable-ladspa --enable-libaom --enable-libass --enable-libbluray --enable-libbs2b --enable-libcaca --enable-libcdio --enable-libcodec2 --enable-libdav1d --enable-libflite --enable-libfontconfig --enable-libfreetype --enable-libfribidi --enable-libgme --enable-libgsm --enable-libjack --enable-libmp3lame --enable-libmysofa --enable-libopenjpeg --enable-libopenmpt --enable-libopus --enable-libpulse --enable-librabbitmq --enable-librsvg --enable-librubberband --enable-libshine --enable-libsnappy --enable-libsoxr --enable-libspeex --enable-libsrt --enable-libssh --enable-libtheora --enable-libtwolame --enable-libvidstab --enable-libvorbis --enable-libvpx --enable-libwavpack --enable-libwebp --enable-libx265 --enable-libxml2 --enable-libxvid --enable-libzmq --enable-libzvbi --enable-lv2 --enable-omx --enable-openal --enable-opencl --enable-opengl --enable-sdl2 --enable-mmal --enable-neon --enable-rpi --enable-v4l2-request --enable-libudev --enable-epoxy --enable-pocketsphinx --enable-libdc1394 --enable-libdrm --enable-vout-drm --enable-libiec61883 --enable-chromaprint --enable-frei0r --enable-libx264 --libdir=/usr/lib/arm-linux-gnueabihf/neon/vfp --cpu=cortex-a7 --arch=armv6t2 --disable-thumb --enable-shared --disable-doc --disable-programs
  avresample  configuration: --prefix=/usr --extra-version=0+deb11u1+rpt1 --toolchain=hardened --incdir=/usr/include/arm-linux-gnueabihf --enable-gpl --disable-stripping --enable-avresample --disable-filter=resample --enable-gnutls --enable-ladspa --enable-libaom --enable-libass --enable-libbluray --enable-libbs2b --enable-libcaca --enable-libcdio --enable-libcodec2 --enable-libdav1d --enable-libflite --enable-libfontconfig --enable-libfreetype --enable-libfribidi --enable-libgme --enable-libgsm --enable-libjack --enable-libmp3lame --enable-libmysofa --enable-libopenjpeg --enable-libopenmpt --enable-libopus --enable-libpulse --enable-librabbitmq --enable-librsvg --enable-librubberband --enable-libshine --enable-libsnappy --enable-libsoxr --enable-libspeex --enable-libsrt --enable-libssh --enable-libtheora --enable-libtwolame --enable-libvidstab --enable-libvorbis --enable-libvpx --enable-libwavpack --enable-libwebp --enable-libx265 --enable-libxml2 --enable-libxvid --enable-libzmq --enable-libzvbi --enable-lv2 --enable-omx --enable-openal --enable-opencl --enable-opengl --enable-sdl2 --enable-mmal --enable-neon --enable-rpi --enable-v4l2-request --enable-libudev --enable-epoxy --enable-pocketsphinx --enable-libdc1394 --enable-libdrm --enable-vout-drm --enable-libiec61883 --enable-chromaprint --enable-frei0r --enable-libx264 --libdir=/usr/lib/arm-linux-gnueabihf/neon/vfp --cpu=cortex-a7 --arch=armv6t2 --disable-thumb --enable-shared --disable-doc --disable-programs
  swscale     configuration: --prefix=/usr --extra-version=0+deb11u1+rpt1 --toolchain=hardened --incdir=/usr/include/arm-linux-gnueabihf --enable-gpl --disable-stripping --enable-avresample --disable-filter=resample --enable-gnutls --enable-ladspa --enable-libaom --enable-libass --enable-libbluray --enable-libbs2b --enable-libcaca --enable-libcdio --enable-libcodec2 --enable-libdav1d --enable-libflite --enable-libfontconfig --enable-libfreetype --enable-libfribidi --enable-libgme --enable-libgsm --enable-libjack --enable-libmp3lame --enable-libmysofa --enable-libopenjpeg --enable-libopenmpt --enable-libopus --enable-libpulse --enable-librabbitmq --enable-librsvg --enable-librubberband --enable-libshine --enable-libsnappy --enable-libsoxr --enable-libspeex --enable-libsrt --enable-libssh --enable-libtheora --enable-libtwolame --enable-libvidstab --enable-libvorbis --enable-libvpx --enable-libwavpack --enable-libwebp --enable-libx265 --enable-libxml2 --enable-libxvid --enable-libzmq --enable-libzvbi --enable-lv2 --enable-omx --enable-openal --enable-opencl --enable-opengl --enable-sdl2 --enable-mmal --enable-neon --enable-rpi --enable-v4l2-request --enable-libudev --enable-epoxy --enable-pocketsphinx --enable-libdc1394 --enable-libdrm --enable-vout-drm --enable-libiec61883 --enable-chromaprint --enable-frei0r --enable-libx264 --libdir=/usr/lib/arm-linux-gnueabihf/neon/vfp --cpu=cortex-a7 --arch=armv6t2 --disable-thumb --enable-shared --disable-doc --disable-programs
  swresample  configuration: --prefix=/usr --extra-version=0+deb11u1+rpt1 --toolchain=hardened --incdir=/usr/include/arm-linux-gnueabihf --enable-gpl --disable-stripping --enable-avresample --disable-filter=resample --enable-gnutls --enable-ladspa --enable-libaom --enable-libass --enable-libbluray --enable-libbs2b --enable-libcaca --enable-libcdio --enable-libcodec2 --enable-libdav1d --enable-libflite --enable-libfontconfig --enable-libfreetype --enable-libfribidi --enable-libgme --enable-libgsm --enable-libjack --enable-libmp3lame --enable-libmysofa --enable-libopenjpeg --enable-libopenmpt --enable-libopus --enable-libpulse --enable-librabbitmq --enable-librsvg --enable-librubberband --enable-libshine --enable-libsnappy --enable-libsoxr --enable-libspeex --enable-libsrt --enable-libssh --enable-libtheora --enable-libtwolame --enable-libvidstab --enable-libvorbis --enable-libvpx --enable-libwavpack --enable-libwebp --enable-libx265 --enable-libxml2 --enable-libxvid --enable-libzmq --enable-libzvbi --enable-lv2 --enable-omx --enable-openal --enable-opencl --enable-opengl --enable-sdl2 --enable-mmal --enable-neon --enable-rpi --enable-v4l2-request --enable-libudev --enable-epoxy --enable-pocketsphinx --enable-libdc1394 --enable-libdrm --enable-vout-drm --enable-libiec61883 --enable-chromaprint --enable-frei0r --enable-libx264 --libdir=/usr/lib/arm-linux-gnueabihf/neon/vfp --cpu=cortex-a7 --arch=armv6t2 --disable-thumb --enable-shared --disable-doc --disable-programs
  postproc    configuration: --prefix=/usr --extra-version=0+deb11u1+rpt1 --toolchain=hardened --incdir=/usr/include/arm-linux-gnueabihf --enable-gpl --disable-stripping --enable-avresample --disable-filter=resample --enable-gnutls --enable-ladspa --enable-libaom --enable-libass --enable-libbluray --enable-libbs2b --enable-libcaca --enable-libcdio --enable-libcodec2 --enable-libdav1d --enable-libflite --enable-libfontconfig --enable-libfreetype --enable-libfribidi --enable-libgme --enable-libgsm --enable-libjack --enable-libmp3lame --enable-libmysofa --enable-libopenjpeg --enable-libopenmpt --enable-libopus --enable-libpulse --enable-librabbitmq --enable-librsvg --enable-librubberband --enable-libshine --enable-libsnappy --enable-libsoxr --enable-libspeex --enable-libsrt --enable-libssh --enable-libtheora --enable-libtwolame --enable-libvidstab --enable-libvorbis --enable-libvpx --enable-libwavpack --enable-libwebp --enable-libx265 --enable-libxml2 --enable-libxvid --enable-libzmq --enable-libzvbi --enable-lv2 --enable-omx --enable-openal --enable-opencl --enable-opengl --enable-sdl2 --enable-mmal --enable-neon --enable-rpi --enable-v4l2-request --enable-libudev --enable-epoxy --enable-pocketsphinx --enable-libdc1394 --enable-libdrm --enable-vout-drm --enable-libiec61883 --enable-chromaprint --enable-frei0r --enable-libx264 --libdir=/usr/lib/arm-linux-gnueabihf/neon/vfp --cpu=cortex-a7 --arch=armv6t2 --disable-thumb --enable-shared --disable-doc --disable-programs
  libavutil      56. 51.100 / 56. 51.100
  libavcodec     58. 91.100 / 58. 91.100
  libavformat    58. 45.100 / 58. 45.100
  libavdevice    58. 10.100 / 58. 10.100
  libavfilter     7. 85.100 /  7. 85.100
  libavresample   4.  0.  0 /  4.  0.  0
  libswscale      5.  7.100 /  5.  7.100
  libswresample   3.  7.100 /  3.  7.100
  libpostproc    55.  7.100 / 55.  7.100
Input #0, concat, from '/tmp/tmp.zHuQPu5nHd':
  Duration: N/A, start: 0.000000, bitrate: N/A
    Stream #0:0: Video: mjpeg (Baseline), yuvj420p(pc, bt470bg/unknown/unknown), 640x480 [SAR 96:96 DAR 4:3], 25 tbr, 25 tbn, 25 tbc
Stream mapping:
  Stream #0:0 -> #0:0 (mjpeg (native) -> gif (native))
Press [q] to stop, [?] for help
[swscaler @ 0x10c4690] deprecated pixel format used, make sure you did set range correctly
[swscaler @ 0x10c4690] No accelerated colorspace conversion found from yuv420p to bgr8.
Output #0, gif, to '/tmp/tmp.HYDvTJxtNz.gif':
  Metadata:
    encoder         : Lavf58.45.100
    Stream #0:0: Video: gif, bgr8, 640x480 [SAR 1:1 DAR 4:3], q=2-31, 200 kb/s, 6 fps, 100 tbn, 6 tbc
    Metadata:
      encoder         : Lavc58.91.100 gif
[swscaler @ 0x10c4690] deprecated pixel format used, make sure you did set range correctly
[swscaler @ 0x10a8060] deprecated pixel format used, make sure you did set range correctly
frame=   15 fps=0.0 q=-0.0 size=     512kB time=00:00:02.51 bitrate=1671.0kbits/s speed= 4.9x    frame=   24 fps=0.0 q=-0.0 Lsize=    1067kB time=00:00:04.01 bitrate=2179.6kbits/s speed=4.45x    
video:1067kB audio:0kB subtitle:0kB other streams:0kB global headers:0kB muxing overhead: 0.001831%
[2026-08-05 12:48:24] Rebuilt timelapse.gif
[main 4d74e9f] Daily image: 2026-08-05 12:48:21
 2 files changed, 0 insertions(+), 0 deletions(-)
 rewrite images/2026-08-05.jpg (97%)
error: cannot pull with rebase: You have unstaged changes.
error: please commit or stash them.
To github.com:UWIN-Dev/UWIN-Dev.github.io.git
   b7f2649..4d74e9f  main -> main
[2026-08-05 12:48:26] === Successfully pushed 2026-08-05.jpg (and timelapse.gif) to main ===
